#
# A fatal error has been detected by the Java Runtime Environment:
#
#  EXCEPTION_ACCESS_VIOLATION (0xc0000005) at pc=0x00007ff90681cc8c, pid=21748, tid=7112
#
# JRE version: OpenJDK Runtime Environment Temurin-17.0.8+7 (17.0.8+7) (build 17.0.8+7)
# Java VM: OpenJDK 64-Bit Server VM Temurin-17.0.8+7 (17.0.8+7, mixed mode, sharing, tiered, compressed oops, compressed class ptrs, g1 gc, windows-amd64)
# Problematic frame:
# C  [lwjgl_stb.dll+0x1cc8c]
#
# No core dump will be written. Minidumps are not enabled by default on client versions of Windows
#
# If you would like to submit a bug report, please visit:
#   https://github.com/adoptium/adoptium-support/issues
# The crash happened outside the Java Virtual Machine in native code.
# See problematic frame for where to report the bug.
#

---------------  S U M M A R Y ------------

Command Line: -XX:HeapDumpPath=MojangTricksIntelDriversForPerformance_javaw.exe_minecraft.exe.heapdump -Xss1M -Djava.library.path=C:\Users\Dark\curseforge\minecraft\Install\natives\fabric-0.19.2-1.20.1 -Djna.tmpdir=C:\Users\Dark\curseforge\minecraft\Install\natives\fabric-0.19.2-1.20.1 -Dorg.lwjgl.system.SharedLibraryExtractPath=C:\Users\Dark\curseforge\minecraft\Install\natives\fabric-0.19.2-1.20.1 -Dio.netty.native.workdir=C:\Users\Dark\curseforge\minecraft\Install\natives\fabric-0.19.2-1.20.1 -Dminecraft.launcher.brand=CurseForge -Dminecraft.launcher.version=1.305.1.34041 -DFabricMcEmu= net.minecraft.client.main.Main  -Xmx8192m -Xms256m -Dfml.ignorePatchDiscrepancies=true -Dfml.ignoreInvalidMinecraftCertificates=true -DlibraryDirectory=C:\Users\Dark\curseforge\minecraft\Install\libraries -Duser.language=en -DCFInstanceId=5ed5b00d-c468-4410-ba01-bc7b3c993b18 -Dlog4j.configurationFile=C:\Users\Dark\curseforge\minecraft\Install\assets\log_configs\client-1.12.xml net.fabricmc.loader.impl.launch.knot.KnotClient --username 4DarkSide75 --version fabric-0.19.2-1.20.1 --gameDir C:\Users\Dark\curseforge\minecraft\Instances\DarkRPG - RPG with Magic Origins Quests Adventure (1) --assetsDir C:\Users\Dark\curseforge\minecraft\Install\assets --assetIndex 5 --uuid 96e9c8ff850a40e089fc19fcf5868a6d --accessToken eyJraWQiOiIwNDkxODEiLCJhbGciOiJSUzI1NiJ9.eyJ4dWlkIjoiMjUzNTQ2NTE1MzAzNDg2NCIsImFnZyI6IkFkdWx0Iiwic3ViIjoiMWM5MDBiNjEtYTQwZS00NDE1LWFmYjMtOGE2YzljMjMwYTVmIiwiYXV0aCI6IlhCT1giLCJucyI6ImRlZmF1bHQiLCJyb2xlcyI6W10sImlzcyI6ImF1dGhlbnRpY2F0aW9uIiwiZmxhZ3MiOlsibXVsdGlwbGF5ZXIiXSwicHJvZmlsZXMiOnsibWMiOiI5NmU5YzhmZi04NTBhLTQwZTAtODlmYy0xOWZjZjU4NjhhNmQifSwicG1pZCI6ImE1M2E0OTQyLWE0ZmMtNTRiNS1iM2E2LTZmMDMxMTk5NzkyYSIsInBsYXRmb3JtIjoiUENfTEFVTkNIRVIiLCJ0aWQiOiJFOTlCMCIsInBmZCI6W3sidHlwZSI6Im1jIiwiaWQiOiI5NmU5YzhmZi04NTBhLTQwZTAtODlmYy0xOWZjZjU4NjhhNmQiLCJuYW1lIjoiNERhcmtTaWRlNzUifV0sInhpZCI6IjI1MzU0NjUxNTMwMzQ4NjQiLCJuYmYiOjE3ODAzMzQ3MzcsImV4cCI6MTc4MDQyMTEzNywiaWF0IjoxNzgwMzM0NzM3LCJhaWQiOiJkNWIyZTA3OS0yYzJjLTRhZGUtOWRhYi0xYzFlYjIwNDE2MmEifQ.fKxeMhY6AcQX8j0f4mXOj7nY5vpS1UKm4NerDgI1rv6mkWhyXFttTUUgY2AaWzxu2kRUGbUm-2bZ5YaEA_2bXf5Whjn5PwJwAaW3lQpN4WUCqPbYNyQIX7h0IcuAtCVXIyjctrfMdbqhJIP0s0yYwBKGitHZQL3Ooe2q4lKLKe9_11xz4LAcnM3YGBS8EcldZeoJTJFIPdCUQLkkqdn6mvQ0_tQFLEbku9HDtbGDHymv4ju4vLFD7RhoKJC6RRBxqpBS7oB9jJ4wTCv2erK7e3bP1enBhoLccM8MYIrRPbFZNhcPLAuKbIBOTmvwVu0PphBKKibtRZ8Z4FWZdEuuoQ --clientId c6f22c-c61bd2-10ea4f1-10091e3-75a7a8 --xuid 2535465153034864 --userType msa --versionType release --width 1024 --height 768 --quickPlayPath C:\Users\Dark\curseforge\minecraft\Quickplay\5ed5b00d-c468-4410-ba01-bc7b3c993b18.json   

Host: 13th Gen Intel(R) Core(TM) i7-13620H, 16 cores, 15G,  Windows 11 , 64 bit Build 26100 (10.0.26100.8328)
Time: Mon Jun  1 21:10:15 2026  Windows 11 , 64 bit Build 26100 (10.0.26100.8328) elapsed time: 1339.652642 seconds (0d 0h 22m 19s)

---------------  T H R E A D  ---------------

Current thread (0x0000021b963edd70):  JavaThread "JM-texture-13" [_thread_in_native, id=7112, stack(0x0000006799000000,0x0000006799100000)]

Stack: [0x0000006799000000,0x0000006799100000],  sp=0x00000067990fe690,  free space=1017k
Native frames: (J=compiled Java code, j=interpreted, Vv=VM code, C=native code)
C  [lwjgl_stb.dll+0x1cc8c]

Java frames: (J=compiled Java code, j=interpreted, Vv=VM code)
J 65389  org.lwjgl.stb.STBImageResize.nstbir_resize_uint8_generic(JIIIJIIIIIIIIIJ)I (0 bytes) @ 0x000002192126d7dd [0x000002192126d720+0x00000000000000bd]
j  journeymap.client.texture.ImageUtil.getSizedImage(IILnet/minecraft/class_1011;Z)Lnet/minecraft/class_1011;+50
j  journeymap.client.render.map.TileDrawStep.getScaledRegionArea()Lnet/minecraft/class_1011;+51
j  journeymap.client.render.map.TileDrawStep.lambda$updateScaledTexture$1()Ljourneymap/client/texture/RegionTexture;+5
j  journeymap.client.render.map.TileDrawStep$$Lambda$40162+0x00000219424561d0.call()Ljava/lang/Object;+4
J 32259 c1 java.util.concurrent.FutureTask.run()V java.base@17.0.8 (123 bytes) @ 0x0000021919163434 [0x0000021919162c20+0x0000000000000814]
J 89065% c2 java.util.concurrent.ThreadPoolExecutor.runWorker(Ljava/util/concurrent/ThreadPoolExecutor$Worker;)V java.base@17.0.8 (187 bytes) @ 0x0000021921a779ec [0x0000021921a77480+0x000000000000056c]
j  java.util.concurrent.ThreadPoolExecutor$Worker.run()V+5 java.base@17.0.8
j  java.lang.Thread.run()V+11 java.base@17.0.8
v  ~StubRoutines::call_stub

siginfo: EXCEPTION_ACCESS_VIOLATION (0xc0000005), writing address 0x0000000000000000


Register to memory mapping:

RIP=0x00007ff90681cc8c lwjgl_stb.dll
RAX=0x0000000000000030 is an unknown value
RBX=0x0000000000000002 is an unknown value
RCX=0x0000021ad7daaca8 points into unknown readable memory: 0x3f8000003f139394 | 94 93 13 3f 00 00 80 3f
RDX=0x0000000000000002 is an unknown value
RSP=0x00000067990fe690 is pointing into the stack for thread: 0x0000021b963edd70
RBP=0x0000021ad7daaca8 points into unknown readable memory: 0x3f8000003f139394 | 94 93 13 3f 00 00 80 3f
RSI=0x0 is NULL
RDI=0x0000000000000200 is an unknown value
R8 =0x0000000000000004 is an unknown value
R9 =0x0000000000000001 is an unknown value
R10=0x0000000000000004 is an unknown value
R11=0x0 is NULL
R12=0x0000000000000003 is an unknown value
R13=0x0000000000000004 is an unknown value
R14=0x0000021ad7daaca0 points into unknown readable memory: 0x3ea6a6a73e40c0c1 | c1 c0 40 3e a7 a6 a6 3e
R15=0x0000000000000010 is an unknown value


Registers:
RAX=0x0000000000000030, RBX=0x0000000000000002, RCX=0x0000021ad7daaca8, RDX=0x0000000000000002
RSP=0x00000067990fe690, RBP=0x0000021ad7daaca8, RSI=0x0000000000000000, RDI=0x0000000000000200
R8 =0x0000000000000004, R9 =0x0000000000000001, R10=0x0000000000000004, R11=0x0000000000000000
R12=0x0000000000000003, R13=0x0000000000000004, R14=0x0000021ad7daaca0, R15=0x0000000000000010
RIP=0x00007ff90681cc8c, EFLAGS=0x0000000000010203

Top of Stack: (sp=0x00000067990fe690)
0x00000067990fe690:   0000000000000000 0000000000000000
0x00000067990fe6a0:   000000003f800000 0000000000000000
0x00000067990fe6b0:   0003000200010000 00007ff906819d51
0x00000067990fe6c0:   4000000000000000 0000000000000000
0x00000067990fe6d0:   0000000000000000 0000000000000000
0x00000067990fe6e0:   0000000000000000 0000000000000000
0x00000067990fe6f0:   000000003f000000 0000000000000000
0x00000067990fe700:   3fe0000000000204 00000000ffffff7f
0x00000067990fe710:   00000219c8b221a0 00000219c8b221c0
0x00000067990fe720:   0003000200010000 00000219c8b21990
0x00000067990fe730:   0000000000000000 0000000000000000
0x00000067990fe740:   0000000000000000 0000000000000000
0x00000067990fe750:   000000003f000000 0000000000000000
0x00000067990fe760:   3fe0000000000000 0000000000000000
0x00000067990fe770:   0000000040200000 0000000000000000
0x00000067990fe780:   0000000040800000 0000000000000000 

Instructions: (pc=0x00007ff90681cc8c)
0x00007ff90681cb8c:   41 83 e7 02 ff c0 41 3b c5 7c dc eb 07 45 8b fc
0x00007ff90681cb9c:   41 83 e7 02 48 63 84 24 90 01 00 00 83 f8 07 0f
0x00007ff90681cbac:   87 48 0b 00 00 44 0f 29 84 24 00 01 00 00 48 8d
0x00007ff90681cbbc:   0d 3f 34 fe ff 44 0f 29 8c 24 f0 00 00 00 44 0f
0x00007ff90681cbcc:   29 94 24 e0 00 00 00 44 0f 29 9c 24 d0 00 00 00
0x00007ff90681cbdc:   44 0f 29 a4 24 c0 00 00 00 44 0f 29 ac 24 b0 00
0x00007ff90681cbec:   00 00 44 0f 29 b4 24 a0 00 00 00 8b 84 81 24 d7
0x00007ff90681cbfc:   01 00 48 03 c1 48 63 da ff e0 85 ff 0f 8e ac 0a
0x00007ff90681cc0c:   00 00 f3 0f 10 0d 2a d7 04 00 48 8d 5e 02 f2 0f
0x00007ff90681cc1c:   10 15 56 d6 04 00 49 8d 6e 08 4d 63 d5 45 33 db
0x00007ff90681cc2c:   4e 8d 3c 95 00 00 00 00 0f 1f 40 00 0f 1f 84 00
0x00007ff90681cc3c:   00 00 00 00 45 33 c0 49 83 fa 04 0f 8c d4 00 00
0x00007ff90681cc4c:   00 4d 8d 4a fc 48 8b d3 49 c1 e9 02 48 8b cd 49
0x00007ff90681cc5c:   ff c1 4e 8d 04 8d 00 00 00 00 f3 0f 10 59 f8 0f
0x00007ff90681cc6c:   2f f3 76 05 0f 28 c6 eb 07 0f 28 c7 f3 0f 5d c3
0x00007ff90681cc7c:   f3 0f 59 c1 f3 0f 5a c0 f2 0f 58 c2 f2 0f 2c c0
0x00007ff90681cc8c:   88 42 fe f3 0f 10 59 fc 0f 2f f3 76 05 0f 28 c6
0x00007ff90681cc9c:   eb 07 0f 28 c7 f3 0f 5d c3 f3 0f 59 c1 f3 0f 5a
0x00007ff90681ccac:   c0 f2 0f 58 c2 f2 0f 2c c0 88 42 ff f3 0f 10 19
0x00007ff90681ccbc:   0f 2f f3 76 05 0f 28 c6 eb 07 0f 28 c7 f3 0f 5d
0x00007ff90681cccc:   c3 f3 0f 59 c1 f3 0f 5a c0 f2 0f 58 c2 f2 0f 2c
0x00007ff90681ccdc:   c0 88 02 f3 0f 10 59 04 0f 2f f3 76 05 0f 28 c6
0x00007ff90681ccec:   eb 07 0f 28 c7 f3 0f 5d c3 f3 0f 59 c1 48 83 c1
0x00007ff90681ccfc:   10 f3 0f 5a c0 f2 0f 58 c2 f2 0f 2c c0 88 42 01
0x00007ff90681cd0c:   48 83 c2 04 49 83 e9 01 0f 85 4c ff ff ff 4d 3b
0x00007ff90681cd1c:   c2 7c 07 eb 49 45 85 ed 7e 44 49 63 cb 4a 8d 04
0x00007ff90681cd2c:   01 49 8d 14 86 4c 8d 0c 31 f3 0f 10 1a 0f 2f f3
0x00007ff90681cd3c:   76 05 0f 28 c6 eb 07 0f 28 c7 f3 0f 5d c3 f3 0f
0x00007ff90681cd4c:   59 c1 48 83 c2 04 f3 0f 5a c0 f2 0f 58 c2 f2 0f
0x00007ff90681cd5c:   2c c0 43 88 04 01 49 ff c0 4d 3b c2 7c cb 45 03
0x00007ff90681cd6c:   dd 49 03 ef 49 03 da 48 83 ef 01 0f 85 c3 fe ff
0x00007ff90681cd7c:   ff e9 38 09 00 00 85 ff 0f 8e 30 09 00 00 f3 0f 


Stack slot to memory mapping:
stack at sp + 0 slots: 0x0 is NULL
stack at sp + 1 slots: 0x0 is NULL
stack at sp + 2 slots: 0x000000003f800000 is an unknown value
stack at sp + 3 slots: 0x0 is NULL
stack at sp + 4 slots: 0x0003000200010000 is an unknown value
stack at sp + 5 slots: 0x00007ff906819d51 lwjgl_stb.dll
stack at sp + 6 slots: 0x4000000000000000 is an unknown value
stack at sp + 7 slots: 0x0 is NULL


---------------  P R O C E S S  ---------------

Threads class SMR info:
_java_thread_list=0x0000021b1a8fad90, length=139, elements={
0x00000219101ff900, 0x00000219399a2950, 0x00000219399a5430, 0x00000219399bcfa0,
0x00000219399bd870, 0x00000219399be140, 0x00000219399c0030, 0x00000219399d8c90,
0x00000219399d95a0, 0x00000219399e9ec0, 0x000002193c96ca30, 0x000002193c969790,
0x0000021904467e00, 0x000002190446a170, 0x000002190446ab90, 0x0000021904469240,
0x00000219044678f0, 0x000002190446c9f0, 0x000002190446b5b0, 0x000002190446d920,
0x000002190446e340, 0x000002190446bac0, 0x000002190446bfd0, 0x000002190446c4e0,
0x000002190446d410, 0x000002190446b0a0, 0x000002190446de30, 0x000002190446cf00,
0x000002193c96abd0, 0x000002193c969280, 0x000002193c969ca0, 0x000002197e711400,
0x000002197e711910, 0x000002190b536ec0, 0x000002190b537df0, 0x000002197e712840,
0x0000021904783530, 0x0000021904784460, 0x00000219047862c0, 0x00000219047858a0,
0x0000021904783020, 0x0000021904785db0, 0x0000021904784970, 0x0000021904783a40,
0x000002190478a9a0, 0x000002190478a490, 0x0000021980c83f90, 0x0000021980c858e0,
0x0000021980c85df0, 0x0000021980c86300, 0x0000021980c844a0, 0x000002190d591c70,
0x000002190d58f3f0, 0x000002190d592ba0, 0x000002190bca1a30, 0x0000021991c55060,
0x000002190a649fa0, 0x00000219081bea40, 0x0000021a587198c0, 0x000002190a649070,
0x000002199b34dfb0, 0x000002190d590320, 0x0000021991c564a0, 0x0000021991b4f3f0,
0x0000021af796bdf0, 0x0000021991bbb560, 0x0000021a8972baa0, 0x0000021991b4f900,
0x0000021af7969060, 0x0000021af796b8e0, 0x0000021991b50320, 0x0000021af83272b0,
0x0000021af8326890, 0x000002199b34e9d0, 0x0000021af8326da0, 0x0000021af8325960,
0x0000021a28eaecc0, 0x0000021991b4eee0, 0x000002199b34d080, 0x0000021af796a4a0,
0x0000021a7da24e90, 0x000002190d58f900, 0x0000021a3d462a70, 0x0000021b069d7240,
0x0000021b069d8b90, 0x0000021afb6b66b0, 0x0000021afb6b61a0, 0x000002190b378580,
0x0000021afb6b6bc0, 0x0000021a525e8ed0, 0x0000021991bbbf80, 0x0000021991bbc9a0,
0x0000021afb8f10a0, 0x0000021afb8ef750, 0x0000021afb8f1fd0, 0x0000021afb8efc60,
0x000002190bca2450, 0x0000021afb8f0680, 0x0000021afb8f24e0, 0x0000021a525ea820,
0x0000021a17c91150, 0x0000021a17c92590, 0x000002199b34d590, 0x0000021af796aec0,
0x00000219081bef50, 0x0000021b15a46280, 0x0000021b15a48b00, 0x0000021afc73dec0,
0x0000021afc73edf0, 0x0000021b069d7c60, 0x0000021b069d8170, 0x0000021b069d8680,
0x0000021a525e9e00, 0x0000021a525ea310, 0x0000021a525e7070, 0x0000021a525e7580,
0x0000021a525e93e0, 0x0000021a525e7a90, 0x000002190a649a90, 0x0000021b1541bde0,
0x0000021b1541aeb0, 0x0000021b15a476c0, 0x0000021a7da23f60, 0x0000021a7da23030,
0x0000021a7da22100, 0x0000021afc73e3d0, 0x0000021b963edd70, 0x0000021b963ee280,
0x0000021a52121660, 0x0000021a52122fb0, 0x0000021a52121b70, 0x0000021a521243f0,
0x000002199b357310, 0x0000021b963ee790, 0x0000021aef06bc70, 0x0000021afb8f29f0,
0x0000021ada209b80, 0x000002190bca1f40, 0x000002190bca2960
}

Java Threads: ( => current thread )
  0x00000219101ff900 JavaThread "Render thread" [_thread_in_native, id=16296, stack(0x0000006796500000,0x0000006796600000)]
  0x00000219399a2950 JavaThread "Reference Handler" daemon [_thread_blocked, id=28348, stack(0x0000006796c00000,0x0000006796d00000)]
  0x00000219399a5430 JavaThread "Finalizer" daemon [_thread_blocked, id=13460, stack(0x0000006796d00000,0x0000006796e00000)]
  0x00000219399bcfa0 JavaThread "Signal Dispatcher" daemon [_thread_blocked, id=24060, stack(0x0000006796e00000,0x0000006796f00000)]
  0x00000219399bd870 JavaThread "Attach Listener" daemon [_thread_blocked, id=9360, stack(0x0000006796f00000,0x0000006797000000)]
  0x00000219399be140 JavaThread "Service Thread" daemon [_thread_blocked, id=22216, stack(0x0000006797000000,0x0000006797100000)]
  0x00000219399c0030 JavaThread "Monitor Deflation Thread" daemon [_thread_blocked, id=18044, stack(0x0000006797100000,0x0000006797200000)]
  0x00000219399d8c90 JavaThread "C2 CompilerThread0" daemon [_thread_blocked, id=18088, stack(0x0000006797200000,0x0000006797300000)]
  0x00000219399d95a0 JavaThread "C1 CompilerThread0" daemon [_thread_blocked, id=28980, stack(0x0000006797300000,0x0000006797400000)]
  0x00000219399e9ec0 JavaThread "Sweeper thread" daemon [_thread_blocked, id=35784, stack(0x0000006797400000,0x0000006797500000)]
  0x000002193c96ca30 JavaThread "Notification Thread" daemon [_thread_blocked, id=21584, stack(0x0000006797700000,0x0000006797800000)]
  0x000002193c969790 JavaThread "Common-Cleaner" daemon [_thread_blocked, id=35940, stack(0x0000006797900000,0x0000006797a00000)]
  0x0000021904467e00 JavaThread "pool-2-thread-1" daemon [_thread_blocked, id=10380, stack(0x0000006798f00000,0x0000006799000000)]
  0x000002190446a170 JavaThread "JNA Cleaner" daemon [_thread_blocked, id=15856, stack(0x0000006799600000,0x0000006799700000)]
  0x000002190446ab90 JavaThread "Thread-2" daemon [_thread_in_native, id=29348, stack(0x0000006799800000,0x0000006799900000)]
  0x0000021904469240 JavaThread "Thread-3" daemon [_thread_in_native, id=8920, stack(0x0000006799900000,0x0000006799a00000)]
  0x00000219044678f0 JavaThread "Thread-4" daemon [_thread_in_native, id=35264, stack(0x0000006799a00000,0x0000006799b00000)]
  0x000002190446c9f0 JavaThread "Thread-5" daemon [_thread_in_native, id=26540, stack(0x0000006799b00000,0x0000006799c00000)]
  0x000002190446b5b0 JavaThread "Thread-6" daemon [_thread_in_native, id=6424, stack(0x0000006799d00000,0x0000006799e00000)]
  0x000002190446d920 JavaThread "Thread-7" daemon [_thread_in_native, id=31540, stack(0x0000006799e00000,0x0000006799f00000)]
  0x000002190446e340 JavaThread "Thread-8" daemon [_thread_in_native, id=33980, stack(0x0000006799f00000,0x000000679a000000)]
  0x000002190446bac0 JavaThread "Thread-9" daemon [_thread_in_native, id=2532, stack(0x000000679a000000,0x000000679a100000)]
  0x000002190446bfd0 JavaThread "Thread-10" daemon [_thread_in_native, id=7412, stack(0x000000679a100000,0x000000679a200000)]
  0x000002190446c4e0 JavaThread "Thread-11" daemon [_thread_in_native, id=30656, stack(0x000000679a200000,0x000000679a300000)]
  0x000002190446d410 JavaThread "Thread-12" daemon [_thread_in_native, id=32328, stack(0x000000679a300000,0x000000679a400000)]
  0x000002190446b0a0 JavaThread "Thread-13" daemon [_thread_in_native, id=35388, stack(0x000000679a400000,0x000000679a500000)]
  0x000002190446de30 JavaThread "Thread-14" daemon [_thread_in_native, id=25744, stack(0x000000679a500000,0x000000679a600000)]
  0x000002190446cf00 JavaThread "Thread-15" daemon [_thread_in_native, id=29844, stack(0x000000679a600000,0x000000679a700000)]
  0x000002193c96abd0 JavaThread "Thread-16" daemon [_thread_in_native, id=35904, stack(0x000000679a700000,0x000000679a800000)]
  0x000002193c969280 JavaThread "Thread-17" daemon [_thread_in_native, id=34944, stack(0x000000679a800000,0x000000679a900000)]
  0x000002193c969ca0 JavaThread "Thread-18" daemon [_thread_in_native, id=9380, stack(0x000000679a900000,0x000000679aa00000)]
  0x000002197e711400 JavaThread "Timer hack thread" daemon [_thread_blocked, id=25416, stack(0x0000006798200000,0x0000006798300000)]
  0x000002197e711910 JavaThread "Yggdrasil Key Fetcher" daemon [_thread_blocked, id=30604, stack(0x000000679b200000,0x000000679b300000)]
  0x000002190b536ec0 JavaThread "AW-SKIN/L-LD" daemon [_thread_blocked, id=34872, stack(0x000000679ab00000,0x000000679ac00000)]
  0x000002190b537df0 JavaThread "FileSystemWatchService" daemon [_thread_in_native, id=34684, stack(0x0000006797a00000,0x0000006797b00000)]
  0x000002197e712840 JavaThread "config-file-watcher-0-0" daemon [_thread_blocked, id=11752, stack(0x0000006798100000,0x0000006798200000)]
  0x0000021904783530 JavaThread "ConfigSaver" daemon [_thread_blocked, id=35116, stack(0x000000679ac00000,0x000000679ad00000)]
  0x0000021904784460 JavaThread "FileSystemWatchService" daemon [_thread_in_native, id=27148, stack(0x000000679b100000,0x000000679b200000)]
  0x00000219047862c0 JavaThread "Auto-Sync thread" daemon [_thread_blocked, id=23028, stack(0x0000006798500000,0x0000006798600000)]
  0x00000219047858a0 JavaThread "pool-5-thread-1" [_thread_blocked, id=11912, stack(0x000000679b400000,0x000000679b500000)]
  0x0000021904783020 JavaThread "FileSystemWatchService" daemon [_thread_in_native, id=10284, stack(0x000000679b700000,0x000000679b800000)]
  0x0000021904785db0 JavaThread "HttpClient-1-SelectorManager" daemon [_thread_in_native, id=32264, stack(0x000000679b800000,0x000000679b900000)]
  0x0000021904784970 JavaThread "FileSystemWatchService" daemon [_thread_in_native, id=22420, stack(0x000000679b500000,0x000000679b600000)]
  0x0000021904783a40 JavaThread "config-file-watcher-1-0" daemon [_thread_blocked, id=34404, stack(0x000000679b600000,0x000000679b700000)]
  0x000002190478a9a0 JavaThread "ConfigSaver" daemon [_thread_blocked, id=28804, stack(0x000000679c200000,0x000000679c300000)]
  0x000002190478a490 JavaThread "FileSystemWatchService" daemon [_thread_in_native, id=1508, stack(0x000000679b900000,0x000000679ba00000)]
  0x0000021980c83f90 JavaThread "JEI Config File Watcher" daemon [_thread_blocked, id=29856, stack(0x000000679ba00000,0x000000679bb00000)]
  0x0000021980c858e0 JavaThread "FileSystemWatchService" daemon [_thread_in_native, id=10944, stack(0x000000679c300000,0x000000679c400000)]
  0x0000021980c85df0 JavaThread "Config-Watcher" daemon [_thread_blocked, id=22476, stack(0x000000679c400000,0x000000679c500000)]
  0x0000021980c86300 JavaThread "HttpClient-3-SelectorManager" daemon [_thread_in_native, id=16412, stack(0x000000679c000000,0x000000679c100000)]
  0x0000021980c844a0 JavaThread "Cleaner-0" daemon [_thread_blocked, id=15176, stack(0x000000679cb00000,0x000000679cc00000)]
  0x000002190d591c70 JavaThread "FancyMenu-JsonPlaceholder-Cleanup" daemon [_thread_blocked, id=8976, stack(0x000000679c100000,0x000000679c200000)]
  0x000002190d58f3f0 JavaThread "Thread-30" [_thread_blocked, id=14968, stack(0x000000679d000000,0x000000679d100000)]
  0x000002190d592ba0 JavaThread "Thread-31" [_thread_blocked, id=18780, stack(0x000000679d500000,0x000000679d600000)]
  0x000002190bca1a30 JavaThread "CullThread" [_thread_blocked, id=36228, stack(0x000000679c900000,0x000000679ca00000)]
  0x0000021991c55060 JavaThread "Worker-Main-8" daemon [_thread_blocked, id=27916, stack(0x000000679f600000,0x000000679f700000)]
  0x000002190a649fa0 JavaThread "Worker-Main-12" daemon [_thread_blocked, id=9608, stack(0x000000679f800000,0x000000679f900000)]
  0x00000219081bea40 JavaThread "Worker-Main-11" daemon [_thread_blocked, id=6708, stack(0x000000679f900000,0x000000679fa00000)]
  0x0000021a587198c0 JavaThread "AW-SKIN/T-LD" daemon [_thread_blocked, id=22792, stack(0x00000067a0200000,0x00000067a0300000)]
  0x000002190a649070 JavaThread "Cleaner-1" daemon [_thread_blocked, id=22132, stack(0x000000679bc00000,0x000000679bd00000)]
  0x000002199b34dfb0 JavaThread "Worker-ResourceReload-15" daemon [_thread_blocked, id=36296, stack(0x0000006796400000,0x0000006796500000)]
  0x000002190d590320 JavaThread "Worker-ResourceReload-16" daemon [_thread_blocked, id=35140, stack(0x0000006797600000,0x0000006797700000)]
  0x0000021991c564a0 JavaThread "Worker-ResourceReload-17" daemon [_thread_blocked, id=31944, stack(0x0000006799700000,0x0000006799800000)]
  0x0000021991b4f3f0 JavaThread "Worker-ResourceReload-21" daemon [_thread_blocked, id=2396, stack(0x000000679d400000,0x000000679d500000)]
  0x0000021af796bdf0 JavaThread "Worker-ResourceReload-22" daemon [_thread_blocked, id=4000, stack(0x000000679d800000,0x000000679d900000)]
  0x0000021991bbb560 JavaThread "Worker-ResourceReload-23" daemon [_thread_blocked, id=36724, stack(0x000000679dd40000,0x000000679de40000)]
  0x0000021a8972baa0 JavaThread "Worker-ResourceReload-24" daemon [_thread_blocked, id=19748, stack(0x000000679de40000,0x000000679df40000)]
  0x0000021991b4f900 JavaThread "Worker-ResourceReload-27" daemon [_thread_blocked, id=7712, stack(0x000000679e140000,0x000000679e240000)]
  0x0000021af7969060 JavaThread "Server thread" [_thread_in_Java, id=34740, stack(0x000000679e440000,0x000000679e540000)]
  0x0000021af796b8e0 JavaThread "Thread-40" [_thread_blocked, id=28484, stack(0x000000679ec00000,0x000000679ed00000)]
  0x0000021991b50320 JavaThread "Worker-Main-17" daemon [_thread_blocked, id=15568, stack(0x000000679e540000,0x000000679e640000)]
  0x0000021af83272b0 JavaThread "Worker-Main-19" daemon [_thread_blocked, id=2836, stack(0x000000679e640000,0x000000679e740000)]
  0x0000021af8326890 JavaThread "Worker-Main-21" daemon [_thread_blocked, id=13664, stack(0x000000679e740000,0x000000679e840000)]
  0x000002199b34e9d0 JavaThread "Worker-Main-20" daemon [_thread_blocked, id=1152, stack(0x000000679ef70000,0x000000679f070000)]
  0x0000021af8326da0 JavaThread "Worker-Main-18" daemon [_thread_blocked, id=12356, stack(0x000000679f200000,0x000000679f300000)]
  0x0000021af8325960 JavaThread "Worker-Main-22" daemon [_thread_blocked, id=21048, stack(0x000000679f300000,0x000000679f400000)]
  0x0000021a28eaecc0 JavaThread "Worker-Main-23" daemon [_thread_blocked, id=3084, stack(0x000000679f400000,0x000000679f500000)]
  0x0000021991b4eee0 JavaThread "Worker-Main-24" daemon [_thread_blocked, id=26796, stack(0x000000679f500000,0x000000679f600000)]
  0x000002199b34d080 JavaThread "Worker-Main-25" daemon [_thread_blocked, id=15156, stack(0x000000679f700000,0x000000679f800000)]
  0x0000021af796a4a0 JavaThread "Worker-Main-26" daemon [_thread_blocked, id=3764, stack(0x000000679fa00000,0x000000679fb00000)]
  0x0000021a7da24e90 JavaThread "Worker-Main-27" daemon [_thread_blocked, id=22060, stack(0x000000679fb00000,0x000000679fc00000)]
  0x000002190d58f900 JavaThread "Worker-Main-28" daemon [_thread_blocked, id=35752, stack(0x000000679fc00000,0x000000679fd00000)]
  0x0000021a3d462a70 JavaThread "ModernFix integrated server watchdog" daemon [_thread_blocked, id=35500, stack(0x000000679e240000,0x000000679e340000)]
  0x0000021b069d7240 JavaThread "VoiceChatPacketProcessingThread" daemon [_thread_blocked, id=19324, stack(0x00000067a0b00000,0x00000067a0c00000)]
  0x0000021b069d8b90 JavaThread "VoiceChatServerThread" daemon [_thread_in_native, id=26064, stack(0x00000067a0c00000,0x00000067a0d00000)]
  0x0000021afb6b66b0 JavaThread "Netty Server IO #0" daemon [_thread_in_native, id=13860, stack(0x00000067a1200000,0x00000067a1300000)]
  0x0000021afb6b61a0 JavaThread "Netty Local Client IO #0" daemon [_thread_blocked, id=25632, stack(0x00000067a1300000,0x00000067a1400000)]
  0x000002190b378580 JavaThread "Netty Server IO #1" daemon [_thread_in_native, id=26652, stack(0x00000067a1400000,0x00000067a1500000)]
  0x0000021afb6b6bc0 JavaThread "AW-NET/N-ED" daemon [_thread_blocked, id=7920, stack(0x000000679cf00000,0x000000679d000000)]
  0x0000021a525e8ed0 JavaThread "Sound engine" daemon [_thread_blocked, id=1740, stack(0x000000679d300000,0x000000679d400000)]
  0x0000021991bbbf80 JavaThread "Flywheel Task Executor #0" [_thread_blocked, id=27068, stack(0x00000067a2300000,0x00000067a2400000)]
  0x0000021991bbc9a0 JavaThread "Flywheel Task Executor #1" [_thread_blocked, id=36396, stack(0x00000067a2400000,0x00000067a2500000)]
  0x0000021afb8f10a0 JavaThread "Flywheel Task Executor #2" [_thread_blocked, id=17136, stack(0x00000067a2500000,0x00000067a2600000)]
  0x0000021afb8ef750 JavaThread "Flywheel Task Executor #3" [_thread_blocked, id=4360, stack(0x00000067a2600000,0x00000067a2700000)]
  0x0000021afb8f1fd0 JavaThread "Flywheel Task Executor #4" [_thread_blocked, id=1916, stack(0x00000067a2700000,0x00000067a2800000)]
  0x0000021afb8efc60 JavaThread "Flywheel Task Executor #5" [_thread_blocked, id=23192, stack(0x00000067a2800000,0x00000067a2900000)]
  0x000002190bca2450 JavaThread "Flywheel Task Executor #6" [_thread_blocked, id=29392, stack(0x00000067a2900000,0x00000067a2a00000)]
  0x0000021afb8f0680 JavaThread "Flywheel Task Executor #7" [_thread_blocked, id=28700, stack(0x00000067a2a00000,0x00000067a2b00000)]
  0x0000021afb8f24e0 JavaThread "Flywheel Task Executor #8" [_thread_blocked, id=34920, stack(0x00000067a2b00000,0x00000067a2c00000)]
  0x0000021a525ea820 JavaThread "Flywheel Task Executor #9" [_thread_blocked, id=17336, stack(0x00000067a2c00000,0x00000067a2d00000)]
  0x0000021a17c91150 JavaThread "AW-NET/N-ED" daemon [_thread_blocked, id=5432, stack(0x00000067a3000000,0x00000067a3100000)]
  0x0000021a17c92590 JavaThread "VoiceChatConnectionThread" daemon [_thread_in_native, id=21576, stack(0x00000067a3700000,0x00000067a3800000)]
  0x000002199b34d590 JavaThread "MicrophoneThread" daemon [_thread_blocked, id=7672, stack(0x00000067a3800000,0x00000067a3900000)]
  0x0000021af796aec0 JavaThread "pool-30-thread-1" [_thread_blocked, id=29140, stack(0x00000067a3600000,0x00000067a3700000)]
  0x00000219081bef50 JavaThread "JM-task-4" [_thread_blocked, id=17684, stack(0x00000067a3b00000,0x00000067a3c00000)]
  0x0000021b15a46280 JavaThread "Chunk Render Task Executor #0" [_thread_blocked, id=36604, stack(0x000000679df40000,0x000000679e040000)]
  0x0000021b15a48b00 JavaThread "Chunk Render Task Executor #1" [_thread_blocked, id=30376, stack(0x000000679ee70000,0x000000679ef70000)]
  0x0000021afc73dec0 JavaThread "Chunk Render Task Executor #2" [_thread_blocked, id=22264, stack(0x00000067a0000000,0x00000067a0100000)]
  0x0000021afc73edf0 JavaThread "Chunk Render Task Executor #3" [_thread_blocked, id=19448, stack(0x00000067a0d00000,0x00000067a0e00000)]
  0x0000021b069d7c60 JavaThread "Chunk Render Task Executor #4" [_thread_blocked, id=24688, stack(0x00000067a1600000,0x00000067a1700000)]
  0x0000021b069d8170 JavaThread "Chunk Render Task Executor #5" [_thread_blocked, id=15296, stack(0x00000067a1700000,0x00000067a1800000)]
  0x0000021b069d8680 JavaThread "Chunk Render Task Executor #6" [_thread_blocked, id=33344, stack(0x00000067a1800000,0x00000067a1900000)]
  0x0000021a525e9e00 JavaThread "Chunk Render Task Executor #7" [_thread_blocked, id=29152, stack(0x00000067a1900000,0x00000067a1a00000)]
  0x0000021a525ea310 JavaThread "Chunk Render Task Executor #8" [_thread_blocked, id=27440, stack(0x00000067a1a00000,0x00000067a1b00000)]
  0x0000021a525e7070 JavaThread "Chunk Render Task Executor #9" [_thread_blocked, id=17664, stack(0x00000067a1b00000,0x00000067a1c00000)]
  0x0000021a525e7580 JavaThread "Chunk Render Task Executor #10" [_thread_blocked, id=36828, stack(0x00000067a1c00000,0x00000067a1d00000)]
  0x0000021a525e93e0 JavaThread "Chunk Render Task Executor #11" [_thread_blocked, id=15596, stack(0x00000067a1d00000,0x00000067a1e00000)]
  0x0000021a525e7a90 JavaThread "Chunk Render Task Executor #12" [_thread_blocked, id=34128, stack(0x00000067a1e00000,0x00000067a1f00000)]
  0x000002190a649a90 JavaThread "Chunk Render Task Executor #13" [_thread_blocked, id=27260, stack(0x00000067a1f00000,0x00000067a2000000)]
  0x0000021b1541bde0 JavaThread "Chunk Render Task Executor #14" [_thread_blocked, id=7432, stack(0x00000067a2000000,0x00000067a2100000)]
  0x0000021b1541aeb0 JavaThread "Chunk Render Task Executor #15" [_thread_blocked, id=27344, stack(0x00000067a2100000,0x00000067a2200000)]
  0x0000021b15a476c0 JavaThread "IO-Worker-54" [_thread_blocked, id=23152, stack(0x000000679fd00000,0x000000679fe00000)]
  0x0000021a7da23f60 JavaThread "IO-Worker-58" [_thread_blocked, id=14380, stack(0x00000067a1000000,0x00000067a1100000)]
  0x0000021a7da23030 JavaThread "IO-Worker-59" [_thread_blocked, id=23696, stack(0x00000067a1100000,0x00000067a1200000)]
  0x0000021a7da22100 JavaThread "IO-Worker-60" [_thread_blocked, id=17252, stack(0x00000067a2f00000,0x00000067a3000000)]
  0x0000021afc73e3d0 JavaThread "IO-Worker-62" [_thread_blocked, id=24468, stack(0x00000067a3300000,0x00000067a3400000)]
=>0x0000021b963edd70 JavaThread "JM-texture-13" [_thread_in_native, id=7112, stack(0x0000006799000000,0x0000006799100000)]
  0x0000021b963ee280 JavaThread "JM-texture-14" [_thread_in_native, id=35816, stack(0x000000679bf00000,0x000000679c000000)]
  0x0000021a52121660 JavaThread "IO-Worker-67" [_thread_blocked, id=16568, stack(0x0000006796200000,0x0000006796300000)]
  0x0000021a52122fb0 JavaThread "IO-Worker-68" [_thread_blocked, id=34888, stack(0x000000679c500000,0x000000679c600000)]
  0x0000021a52121b70 JavaThread "IO-Worker-69" [_thread_blocked, id=14796, stack(0x000000679c700000,0x000000679c800000)]
  0x0000021a521243f0 JavaThread "IO-Worker-70" [_thread_blocked, id=12144, stack(0x000000679d100000,0x000000679d200000)]
  0x000002199b357310 JavaThread "IO-Worker-71" [_thread_blocked, id=12900, stack(0x000000679e040000,0x000000679e140000)]
  0x0000021b963ee790 JavaThread "IO-Worker-72" [_thread_blocked, id=28624, stack(0x000000679e840000,0x000000679e940000)]
  0x0000021aef06bc70 JavaThread "IO-Worker-73" [_thread_blocked, id=9896, stack(0x000000679e940000,0x000000679ea40000)]
  0x0000021afb8f29f0 JavaThread "ForkJoinPool.commonPool-worker-10" daemon [_thread_blocked, id=23296, stack(0x000000679bb00000,0x000000679bc00000)]
  0x0000021ada209b80 JavaThread "Timer-7" daemon [_thread_blocked, id=8712, stack(0x000000679e340000,0x000000679e440000)]
  0x000002190bca1f40 JavaThread "JM-texture-15" [_thread_in_native, id=12504, stack(0x000000679ea40000,0x000000679eb40000)]
  0x000002190bca2960 JavaThread "JM-texture-16" [_thread_in_native, id=30756, stack(0x000000679f070000,0x000000679f170000)]

Other Threads:
  0x000002193999c3e0 VMThread "VM Thread" [stack: 0x0000006796b00000,0x0000006796c00000] [id=22320]
  0x000002193c9a0480 WatcherThread [stack: 0x0000006797800000,0x0000006797900000] [id=16168]
  0x00000219398419b0 GCTaskThread "GC Thread#0" [stack: 0x0000006796600000,0x0000006796700000] [id=24508]
  0x000002197e61d670 GCTaskThread "GC Thread#1" [stack: 0x0000006797b00000,0x0000006797c00000] [id=14960]
  0x000002197e4e9080 GCTaskThread "GC Thread#2" [stack: 0x0000006797c00000,0x0000006797d00000] [id=15352]
  0x000002197edd0800 GCTaskThread "GC Thread#3" [stack: 0x0000006797d00000,0x0000006797e00000] [id=28580]
  0x000002197edd0ac0 GCTaskThread "GC Thread#4" [stack: 0x0000006797e00000,0x0000006797f00000] [id=7376]
  0x000002197e27c2b0 GCTaskThread "GC Thread#5" [stack: 0x0000006797f00000,0x0000006798000000] [id=28168]
  0x000002197efe3a10 GCTaskThread "GC Thread#6" [stack: 0x0000006798700000,0x0000006798800000] [id=20256]
  0x000002197f731bd0 GCTaskThread "GC Thread#7" [stack: 0x0000006798800000,0x0000006798900000] [id=19604]
  0x000002197f0cd890 GCTaskThread "GC Thread#8" [stack: 0x0000006798900000,0x0000006798a00000] [id=14388]
  0x000002197f0cdb50 GCTaskThread "GC Thread#9" [stack: 0x0000006798a00000,0x0000006798b00000] [id=36480]
  0x00000219040d7fc0 GCTaskThread "GC Thread#10" [stack: 0x0000006798b00000,0x0000006798c00000] [id=17412]
  0x0000021904316290 GCTaskThread "GC Thread#11" [stack: 0x0000006798400000,0x0000006798500000] [id=18700]
  0x0000021904315790 GCTaskThread "GC Thread#12" [stack: 0x0000006798600000,0x0000006798700000] [id=9032]
  0x000002191027e940 ConcurrentGCThread "G1 Main Marker" [stack: 0x0000006796700000,0x0000006796800000] [id=12008]
  0x00000219102807b0 ConcurrentGCThread "G1 Conc#0" [stack: 0x0000006796800000,0x0000006796900000] [id=11272]
  0x0000021904317050 ConcurrentGCThread "G1 Conc#1" [stack: 0x0000006798c00000,0x0000006798d00000] [id=21160]
  0x0000021904316d90 ConcurrentGCThread "G1 Conc#2" [stack: 0x0000006798d00000,0x0000006798e00000] [id=25436]
  0x000002191029e460 ConcurrentGCThread "G1 Refine#0" [stack: 0x0000006796900000,0x0000006796a00000] [id=21112]
  0x00000219049b3dc0 ConcurrentGCThread "G1 Refine#1" [stack: 0x0000006799c00000,0x0000006799d00000] [id=13408]
  0x0000021907397230 ConcurrentGCThread "G1 Refine#2" [stack: 0x0000006799100000,0x0000006799200000] [id=11656]
  0x0000021907396c50 ConcurrentGCThread "G1 Refine#3" [stack: 0x0000006799200000,0x0000006799300000] [id=25624]
  0x0000021907396f40 ConcurrentGCThread "G1 Refine#4" [stack: 0x0000006799300000,0x0000006799400000] [id=23104]
  0x0000021907397810 ConcurrentGCThread "G1 Refine#5" [stack: 0x0000006799400000,0x0000006799500000] [id=18168]
  0x00000219073980e0 ConcurrentGCThread "G1 Refine#6" [stack: 0x0000006799500000,0x0000006799600000] [id=35728]
  0x0000021906ac6700 ConcurrentGCThread "G1 Refine#7" [stack: 0x0000006798300000,0x0000006798400000] [id=34384]
  0x0000021906ac49a0 ConcurrentGCThread "G1 Refine#8" [stack: 0x000000679ad00000,0x000000679ae00000] [id=17676]
  0x0000021906ac5e30 ConcurrentGCThread "G1 Refine#9" [stack: 0x000000679ae00000,0x000000679af00000] [id=6180]
  0x0000021906ac5850 ConcurrentGCThread "G1 Refine#10" [stack: 0x000000679af00000,0x000000679b000000] [id=19380]
  0x0000021906ac3800 ConcurrentGCThread "G1 Refine#11" [stack: 0x000000679b000000,0x000000679b100000] [id=24124]
  0x0000021906ac3de0 ConcurrentGCThread "G1 Refine#12" [stack: 0x000000679da00000,0x000000679db00000] [id=14964]
  0x000002191029ec40 ConcurrentGCThread "G1 Service" [stack: 0x0000006796a00000,0x0000006796b00000] [id=30228]

Threads with active compile tasks:

VM state: not at safepoint (normal execution)

VM Mutex/Monitor currently owned by a thread: None

Heap address: 0x0000000600000000, size: 8192 MB, Compressed Oops mode: Zero based, Oop shift amount: 3

CDS archive(s) mapped at: [0x000002193d000000-0x000002193da60000-0x000002193da60000), size 10878976, SharedBaseAddress: 0x000002193d000000, ArchiveRelocationMode: 1.
Compressed class space mapped at: 0x000002193e000000-0x000002197e000000, reserved size: 1073741824
Narrow klass base: 0x000002193d000000, Narrow klass shift: 0, Narrow klass range: 0x100000000

GC Precious Log:
 CPUs: 16 total, 16 available
 Memory: 16006M
 Large Page Support: Disabled
 NUMA Support: Disabled
 Compressed Oops: Enabled (Zero based)
 Heap Region Size: 4M
 Heap Min Capacity: 256M
 Heap Initial Capacity: 256M
 Heap Max Capacity: 8G
 Pre-touch: Disabled
 Parallel Workers: 13
 Concurrent Workers: 3
 Concurrent Refinement Workers: 13
 Periodic GC: Disabled

Heap:
 garbage-first heap   total 8388608K, used 6881829K [0x0000000600000000, 0x0000000800000000)
  region size 4096K, 667 young (2732032K), 14 survivors (57344K)
 Metaspace       used 403635K, committed 406464K, reserved 1441792K
  class space    used 71055K, committed 72320K, reserved 1048576K

Heap Regions: E=young(eden), S=young(survivor), O=old, HS=humongous(starts), HC=humongous(continues), CS=collection set, F=free, OA=open archive, CA=closed archive, TAMS=top-at-mark-start (previous, next)
|   0|0x0000000600000000, 0x0000000600400000, 0x0000000600400000|100%| O|  |TAMS 0x0000000600400000, 0x0000000600000000| Untracked 
|   1|0x0000000600400000, 0x0000000600800000, 0x0000000600800000|100%| O|  |TAMS 0x0000000600800000, 0x0000000600400000| Untracked 
|   2|0x0000000600800000, 0x0000000600c00000, 0x0000000600c00000|100%| O|  |TAMS 0x0000000600c00000, 0x0000000600800000| Untracked 
|   3|0x0000000600c00000, 0x0000000601000000, 0x0000000601000000|100%| O|  |TAMS 0x0000000601000000, 0x0000000600c00000| Untracked 
|   4|0x0000000601000000, 0x0000000601400000, 0x0000000601400000|100%| O|  |TAMS 0x0000000601400000, 0x0000000601000000| Untracked 
|   5|0x0000000601400000, 0x0000000601800000, 0x0000000601800000|100%| O|  |TAMS 0x0000000601800000, 0x0000000601400000| Untracked 
|   6|0x0000000601800000, 0x0000000601c00000, 0x0000000601c00000|100%| O|  |TAMS 0x0000000601c00000, 0x0000000601800000| Untracked 
|   7|0x0000000601c00000, 0x0000000601ffffe0, 0x0000000602000000| 99%| O|  |TAMS 0x0000000601ffffe0, 0x0000000601c00000| Untracked 
|   8|0x0000000602000000, 0x0000000602400000, 0x0000000602400000|100%|HS|  |TAMS 0x0000000602400000, 0x0000000602000000| Complete 
|   9|0x0000000602400000, 0x0000000602800000, 0x0000000602800000|100%|HS|  |TAMS 0x0000000602800000, 0x0000000602400000| Complete 
|  10|0x0000000602800000, 0x0000000602bf7ea0, 0x0000000602c00000| 99%| O|  |TAMS 0x0000000602bf7ea0, 0x0000000602800000| Untracked 
|  11|0x0000000602c00000, 0x0000000603000000, 0x0000000603000000|100%| O|  |TAMS 0x0000000603000000, 0x0000000602c00000| Untracked 
|  12|0x0000000603000000, 0x0000000603400000, 0x0000000603400000|100%| O|  |TAMS 0x0000000603400000, 0x0000000603000000| Untracked 
|  13|0x0000000603400000, 0x0000000603800000, 0x0000000603800000|100%|HS|  |TAMS 0x0000000603800000, 0x0000000603400000| Complete 
|  14|0x0000000603800000, 0x0000000603c00000, 0x0000000603c00000|100%|HS|  |TAMS 0x0000000603c00000, 0x0000000603800000| Complete 
|  15|0x0000000603c00000, 0x0000000604000000, 0x0000000604000000|100%| O|  |TAMS 0x0000000604000000, 0x0000000603c00000| Untracked 
|  16|0x0000000604000000, 0x0000000604400000, 0x0000000604400000|100%| O|  |TAMS 0x0000000604400000, 0x0000000604000000| Untracked 
|  17|0x0000000604400000, 0x0000000604800000, 0x0000000604800000|100%| O|  |TAMS 0x0000000604800000, 0x0000000604400000| Untracked 
|  18|0x0000000604800000, 0x0000000604c00000, 0x0000000604c00000|100%| O|  |TAMS 0x0000000604c00000, 0x0000000604800000| Untracked 
|  19|0x0000000604c00000, 0x0000000604fffff8, 0x0000000605000000| 99%| O|  |TAMS 0x0000000604fffff8, 0x0000000604c00000| Untracked 
|  20|0x0000000605000000, 0x0000000605400000, 0x0000000605400000|100%|HS|  |TAMS 0x0000000605400000, 0x0000000605000000| Complete 
|  21|0x0000000605400000, 0x0000000605800000, 0x0000000605800000|100%| O|  |TAMS 0x0000000605800000, 0x0000000605400000| Untracked 
|  22|0x0000000605800000, 0x0000000605bffff8, 0x0000000605c00000| 99%| O|  |TAMS 0x0000000605bffff8, 0x0000000605800000| Untracked 
|  23|0x0000000605c00000, 0x0000000606000000, 0x0000000606000000|100%| O|  |TAMS 0x0000000606000000, 0x0000000605c00000| Untracked 
|  24|0x0000000606000000, 0x0000000606400000, 0x0000000606400000|100%| O|  |TAMS 0x0000000606400000, 0x0000000606000000| Untracked 
|  25|0x0000000606400000, 0x00000006067ffff0, 0x0000000606800000| 99%| O|  |TAMS 0x00000006067ffff0, 0x0000000606400000| Untracked 
|  26|0x0000000606800000, 0x0000000606c00000, 0x0000000606c00000|100%| O|  |TAMS 0x0000000606c00000, 0x0000000606800000| Untracked 
|  27|0x0000000606c00000, 0x0000000606fffff0, 0x0000000607000000| 99%| O|  |TAMS 0x0000000606fffff0, 0x0000000606c00000| Untracked 
|  28|0x0000000607000000, 0x0000000607400000, 0x0000000607400000|100%| O|  |TAMS 0x0000000607400000, 0x0000000607000000| Untracked 
|  29|0x0000000607400000, 0x0000000607800000, 0x0000000607800000|100%| O|  |TAMS 0x0000000607800000, 0x0000000607400000| Untracked 
|  30|0x0000000607800000, 0x0000000607c00000, 0x0000000607c00000|100%| O|  |TAMS 0x0000000607c00000, 0x0000000607800000| Untracked 
|  31|0x0000000607c00000, 0x0000000607ffffe8, 0x0000000608000000| 99%| O|  |TAMS 0x0000000607ffffe8, 0x0000000607c00000| Untracked 
|  32|0x0000000608000000, 0x0000000608400000, 0x0000000608400000|100%| O|  |TAMS 0x0000000608400000, 0x0000000608000000| Untracked 
|  33|0x0000000608400000, 0x0000000608800000, 0x0000000608800000|100%|HS|  |TAMS 0x0000000608800000, 0x0000000608400000| Complete 
|  34|0x0000000608800000, 0x0000000608c00000, 0x0000000608c00000|100%|HS|  |TAMS 0x0000000608c00000, 0x0000000608800000| Complete 
|  35|0x0000000608c00000, 0x0000000609000000, 0x0000000609000000|100%| O|  |TAMS 0x0000000609000000, 0x0000000608c00000| Untracked 
|  36|0x0000000609000000, 0x00000006093ffff8, 0x0000000609400000| 99%| O|  |TAMS 0x00000006093ffff8, 0x0000000609000000| Untracked 
|  37|0x0000000609400000, 0x00000006097ffff8, 0x0000000609800000| 99%| O|  |TAMS 0x00000006097ffff8, 0x0000000609400000| Untracked 
|  38|0x0000000609800000, 0x0000000609c00000, 0x0000000609c00000|100%| O|  |TAMS 0x0000000609c00000, 0x0000000609800000| Untracked 
|  39|0x0000000609c00000, 0x000000060a000000, 0x000000060a000000|100%| O|  |TAMS 0x000000060a000000, 0x0000000609c00000| Untracked 
|  40|0x000000060a000000, 0x000000060a400000, 0x000000060a400000|100%| O|  |TAMS 0x000000060a400000, 0x000000060a000000| Untracked 
|  41|0x000000060a400000, 0x000000060a800000, 0x000000060a800000|100%| O|  |TAMS 0x000000060a800000, 0x000000060a400000| Untracked 
|  42|0x000000060a800000, 0x000000060abfff98, 0x000000060ac00000| 99%| O|  |TAMS 0x000000060abfff98, 0x000000060a800000| Untracked 
|  43|0x000000060ac00000, 0x000000060afffff0, 0x000000060b000000| 99%| O|  |TAMS 0x000000060afffff0, 0x000000060ac00000| Untracked 
|  44|0x000000060b000000, 0x000000060b3fffe0, 0x000000060b400000| 99%| O|  |TAMS 0x000000060b3fffe0, 0x000000060b000000| Untracked 
|  45|0x000000060b400000, 0x000000060b800000, 0x000000060b800000|100%| O|  |TAMS 0x000000060b800000, 0x000000060b400000| Untracked 
|  46|0x000000060b800000, 0x000000060bc00000, 0x000000060bc00000|100%|HS|  |TAMS 0x000000060bc00000, 0x000000060b800000| Complete 
|  47|0x000000060bc00000, 0x000000060bffffe8, 0x000000060c000000| 99%| O|  |TAMS 0x000000060bffffe8, 0x000000060bc00000| Untracked 
|  48|0x000000060c000000, 0x000000060c3ffff8, 0x000000060c400000| 99%| O|  |TAMS 0x000000060c3ffff8, 0x000000060c000000| Untracked 
|  49|0x000000060c400000, 0x000000060c7ffff8, 0x000000060c800000| 99%| O|  |TAMS 0x000000060c7ffff8, 0x000000060c400000| Untracked 
|  50|0x000000060c800000, 0x000000060cc00000, 0x000000060cc00000|100%| O|  |TAMS 0x000000060cc00000, 0x000000060c800000| Untracked 
|  51|0x000000060cc00000, 0x000000060cffffe0, 0x000000060d000000| 99%| O|  |TAMS 0x000000060cffffe0, 0x000000060cc00000| Untracked 
|  52|0x000000060d000000, 0x000000060d3fafc8, 0x000000060d400000| 99%| O|  |TAMS 0x000000060d3fafc8, 0x000000060d000000| Untracked 
|  53|0x000000060d400000, 0x000000060d800000, 0x000000060d800000|100%| O|  |TAMS 0x000000060d800000, 0x000000060d400000| Untracked 
|  54|0x000000060d800000, 0x000000060dc00000, 0x000000060dc00000|100%| O|  |TAMS 0x000000060dc00000, 0x000000060d800000| Untracked 
|  55|0x000000060dc00000, 0x000000060dfffff0, 0x000000060e000000| 99%| O|  |TAMS 0x000000060dfffff0, 0x000000060dc00000| Untracked 
|  56|0x000000060e000000, 0x000000060e3fffe0, 0x000000060e400000| 99%| O|  |TAMS 0x000000060e3fffe0, 0x000000060e000000| Untracked 
|  57|0x000000060e400000, 0x000000060e7ffff8, 0x000000060e800000| 99%| O|  |TAMS 0x000000060e7ffff8, 0x000000060e400000| Untracked 
|  58|0x000000060e800000, 0x000000060ec00000, 0x000000060ec00000|100%| O|  |TAMS 0x000000060ec00000, 0x000000060e800000| Untracked 
|  59|0x000000060ec00000, 0x000000060effffd0, 0x000000060f000000| 99%| O|  |TAMS 0x000000060effffd0, 0x000000060ec00000| Untracked 
|  60|0x000000060f000000, 0x000000060f3fffd8, 0x000000060f400000| 99%| O|  |TAMS 0x000000060f3fffd8, 0x000000060f000000| Untracked 
|  61|0x000000060f400000, 0x000000060f800000, 0x000000060f800000|100%| O|  |TAMS 0x000000060f800000, 0x000000060f400000| Untracked 
|  62|0x000000060f800000, 0x000000060fc00000, 0x000000060fc00000|100%| O|  |TAMS 0x000000060fc00000, 0x000000060f800000| Untracked 
|  63|0x000000060fc00000, 0x000000060ffffff8, 0x0000000610000000| 99%| O|  |TAMS 0x000000060ffffff8, 0x000000060fc00000| Untracked 
|  64|0x0000000610000000, 0x00000006103ff258, 0x0000000610400000| 99%| O|  |TAMS 0x00000006103ff258, 0x0000000610000000| Untracked 
|  65|0x0000000610400000, 0x00000006107fffd8, 0x0000000610800000| 99%| O|  |TAMS 0x00000006107fffd8, 0x0000000610400000| Untracked 
|  66|0x0000000610800000, 0x0000000610bfffe0, 0x0000000610c00000| 99%| O|  |TAMS 0x0000000610bfffe0, 0x0000000610800000| Untracked 
|  67|0x0000000610c00000, 0x0000000610ffffe8, 0x0000000611000000| 99%| O|  |TAMS 0x0000000610ffffe8, 0x0000000610c00000| Untracked 
|  68|0x0000000611000000, 0x0000000611400000, 0x0000000611400000|100%| O|  |TAMS 0x0000000611400000, 0x0000000611000000| Untracked 
|  69|0x0000000611400000, 0x00000006117ffff0, 0x0000000611800000| 99%| O|  |TAMS 0x00000006117ffff0, 0x0000000611400000| Untracked 
|  70|0x0000000611800000, 0x0000000611c00000, 0x0000000611c00000|100%| O|  |TAMS 0x0000000611c00000, 0x0000000611800000| Untracked 
|  71|0x0000000611c00000, 0x0000000611ffff80, 0x0000000612000000| 99%| O|  |TAMS 0x0000000611ffff80, 0x0000000611c00000| Untracked 
|  72|0x0000000612000000, 0x00000006123f7f30, 0x0000000612400000| 99%| O|  |TAMS 0x00000006123f7f30, 0x0000000612000000| Untracked 
|  73|0x0000000612400000, 0x0000000612800000, 0x0000000612800000|100%| O|  |TAMS 0x0000000612800000, 0x0000000612400000| Untracked 
|  74|0x0000000612800000, 0x0000000612bfffe8, 0x0000000612c00000| 99%| O|  |TAMS 0x0000000612bfffe8, 0x0000000612800000| Untracked 
|  75|0x0000000612c00000, 0x0000000613000000, 0x0000000613000000|100%| O|  |TAMS 0x0000000613000000, 0x0000000612c00000| Untracked 
|  76|0x0000000613000000, 0x0000000613400000, 0x0000000613400000|100%| O|  |TAMS 0x0000000613400000, 0x0000000613000000| Untracked 
|  77|0x0000000613400000, 0x00000006137ffff0, 0x0000000613800000| 99%| O|  |TAMS 0x00000006137ffff0, 0x0000000613400000| Untracked 
|  78|0x0000000613800000, 0x0000000613bfffe0, 0x0000000613c00000| 99%| O|  |TAMS 0x0000000613bfffe0, 0x0000000613800000| Untracked 
|  79|0x0000000613c00000, 0x0000000614000000, 0x0000000614000000|100%| O|  |TAMS 0x0000000614000000, 0x0000000613c00000| Untracked 
|  80|0x0000000614000000, 0x0000000614400000, 0x0000000614400000|100%| O|  |TAMS 0x0000000614400000, 0x0000000614000000| Untracked 
|  81|0x0000000614400000, 0x0000000614800000, 0x0000000614800000|100%| O|  |TAMS 0x0000000614800000, 0x0000000614400000| Untracked 
|  82|0x0000000614800000, 0x0000000614c00000, 0x0000000614c00000|100%| O|  |TAMS 0x0000000614c00000, 0x0000000614800000| Untracked 
|  83|0x0000000614c00000, 0x0000000615000000, 0x0000000615000000|100%| O|  |TAMS 0x0000000615000000, 0x0000000614c00000| Untracked 
|  84|0x0000000615000000, 0x0000000615400000, 0x0000000615400000|100%| O|  |TAMS 0x0000000615400000, 0x0000000615000000| Untracked 
|  85|0x0000000615400000, 0x0000000615800000, 0x0000000615800000|100%| O|  |TAMS 0x0000000615800000, 0x0000000615400000| Untracked 
|  86|0x0000000615800000, 0x0000000615c00000, 0x0000000615c00000|100%| O|  |TAMS 0x0000000615c00000, 0x0000000615800000| Untracked 
|  87|0x0000000615c00000, 0x0000000616000000, 0x0000000616000000|100%| O|  |TAMS 0x0000000616000000, 0x0000000615c00000| Untracked 
|  88|0x0000000616000000, 0x00000006163fffa8, 0x0000000616400000| 99%| O|  |TAMS 0x00000006163fffa8, 0x0000000616000000| Untracked 
|  89|0x0000000616400000, 0x0000000616800000, 0x0000000616800000|100%| O|  |TAMS 0x0000000616800000, 0x0000000616400000| Untracked 
|  90|0x0000000616800000, 0x0000000616c00000, 0x0000000616c00000|100%| O|  |TAMS 0x0000000616c00000, 0x0000000616800000| Untracked 
|  91|0x0000000616c00000, 0x0000000617000000, 0x0000000617000000|100%| O|  |TAMS 0x0000000617000000, 0x0000000616c00000| Untracked 
|  92|0x0000000617000000, 0x0000000617400000, 0x0000000617400000|100%| O|  |TAMS 0x0000000617400000, 0x0000000617000000| Untracked 
|  93|0x0000000617400000, 0x0000000617800000, 0x0000000617800000|100%| O|  |TAMS 0x0000000617800000, 0x0000000617400000| Untracked 
|  94|0x0000000617800000, 0x0000000617c00000, 0x0000000617c00000|100%| O|  |TAMS 0x0000000617c00000, 0x0000000617800000| Untracked 
|  95|0x0000000617c00000, 0x0000000618000000, 0x0000000618000000|100%| O|  |TAMS 0x0000000618000000, 0x0000000617c00000| Untracked 
|  96|0x0000000618000000, 0x0000000618400000, 0x0000000618400000|100%| O|  |TAMS 0x0000000618400000, 0x0000000618000000| Untracked 
|  97|0x0000000618400000, 0x0000000618800000, 0x0000000618800000|100%| O|  |TAMS 0x0000000618800000, 0x0000000618400000| Untracked 
|  98|0x0000000618800000, 0x0000000618c00000, 0x0000000618c00000|100%| O|  |TAMS 0x0000000618c00000, 0x0000000618800000| Untracked 
|  99|0x0000000618c00000, 0x0000000618fffff0, 0x0000000619000000| 99%| O|  |TAMS 0x0000000618fffff0, 0x0000000618c00000| Untracked 
| 100|0x0000000619000000, 0x00000006193fffe0, 0x0000000619400000| 99%| O|  |TAMS 0x00000006193fffe0, 0x0000000619000000| Untracked 
| 101|0x0000000619400000, 0x0000000619800000, 0x0000000619800000|100%| O|  |TAMS 0x0000000619800000, 0x0000000619400000| Untracked 
| 102|0x0000000619800000, 0x0000000619bffff8, 0x0000000619c00000| 99%| O|  |TAMS 0x0000000619bffff8, 0x0000000619800000| Untracked 
| 103|0x0000000619c00000, 0x0000000619ffffe8, 0x000000061a000000| 99%| O|  |TAMS 0x0000000619ffffe8, 0x0000000619c00000| Untracked 
| 104|0x000000061a000000, 0x000000061a400000, 0x000000061a400000|100%| O|  |TAMS 0x000000061a400000, 0x000000061a000000| Untracked 
| 105|0x000000061a400000, 0x000000061a800000, 0x000000061a800000|100%| O|  |TAMS 0x000000061a800000, 0x000000061a400000| Untracked 
| 106|0x000000061a800000, 0x000000061ac00000, 0x000000061ac00000|100%| O|  |TAMS 0x000000061ac00000, 0x000000061a800000| Untracked 
| 107|0x000000061ac00000, 0x000000061b000000, 0x000000061b000000|100%| O|  |TAMS 0x000000061b000000, 0x000000061ac00000| Untracked 
| 108|0x000000061b000000, 0x000000061b400000, 0x000000061b400000|100%| O|  |TAMS 0x000000061b400000, 0x000000061b000000| Untracked 
| 109|0x000000061b400000, 0x000000061b7e7c20, 0x000000061b800000| 97%| O|  |TAMS 0x000000061b7e7c20, 0x000000061b400000| Untracked 
| 110|0x000000061b800000, 0x000000061bbfffe0, 0x000000061bc00000| 99%| O|  |TAMS 0x000000061bbfffe0, 0x000000061b800000| Untracked 
| 111|0x000000061bc00000, 0x000000061c000000, 0x000000061c000000|100%| O|  |TAMS 0x000000061c000000, 0x000000061bc00000| Untracked 
| 112|0x000000061c000000, 0x000000061c400000, 0x000000061c400000|100%| O|  |TAMS 0x000000061c400000, 0x000000061c000000| Untracked 
| 113|0x000000061c400000, 0x000000061c800000, 0x000000061c800000|100%| O|  |TAMS 0x000000061c800000, 0x000000061c400000| Untracked 
| 114|0x000000061c800000, 0x000000061cc00000, 0x000000061cc00000|100%| O|  |TAMS 0x000000061cc00000, 0x000000061c800000| Untracked 
| 115|0x000000061cc00000, 0x000000061d000000, 0x000000061d000000|100%| O|  |TAMS 0x000000061d000000, 0x000000061cc00000| Untracked 
| 116|0x000000061d000000, 0x000000061d400000, 0x000000061d400000|100%| O|  |TAMS 0x000000061d400000, 0x000000061d000000| Untracked 
| 117|0x000000061d400000, 0x000000061d800000, 0x000000061d800000|100%| O|  |TAMS 0x000000061d800000, 0x000000061d400000| Untracked 
| 118|0x000000061d800000, 0x000000061dc00000, 0x000000061dc00000|100%| O|  |TAMS 0x000000061dc00000, 0x000000061d800000| Untracked 
| 119|0x000000061dc00000, 0x000000061e000000, 0x000000061e000000|100%| O|  |TAMS 0x000000061e000000, 0x000000061dc00000| Untracked 
| 120|0x000000061e000000, 0x000000061e400000, 0x000000061e400000|100%| O|  |TAMS 0x000000061e400000, 0x000000061e000000| Untracked 
| 121|0x000000061e400000, 0x000000061e800000, 0x000000061e800000|100%| O|  |TAMS 0x000000061e800000, 0x000000061e400000| Untracked 
| 122|0x000000061e800000, 0x000000061ebffff8, 0x000000061ec00000| 99%| O|  |TAMS 0x000000061ebffff8, 0x000000061e800000| Untracked 
| 123|0x000000061ec00000, 0x000000061f000000, 0x000000061f000000|100%| O|  |TAMS 0x000000061f000000, 0x000000061ec00000| Untracked 
| 124|0x000000061f000000, 0x000000061f400000, 0x000000061f400000|100%| O|  |TAMS 0x000000061f400000, 0x000000061f000000| Untracked 
| 125|0x000000061f400000, 0x000000061f800000, 0x000000061f800000|100%| O|  |TAMS 0x000000061f800000, 0x000000061f400000| Untracked 
| 126|0x000000061f800000, 0x000000061fc00000, 0x000000061fc00000|100%| O|  |TAMS 0x000000061fc00000, 0x000000061f800000| Untracked 
| 127|0x000000061fc00000, 0x0000000620000000, 0x0000000620000000|100%| O|  |TAMS 0x0000000620000000, 0x000000061fc00000| Untracked 
| 128|0x0000000620000000, 0x00000006203ffff8, 0x0000000620400000| 99%| O|  |TAMS 0x00000006203ffff8, 0x0000000620000000| Untracked 
| 129|0x0000000620400000, 0x0000000620800000, 0x0000000620800000|100%| O|  |TAMS 0x0000000620800000, 0x0000000620400000| Untracked 
| 130|0x0000000620800000, 0x0000000620bffff8, 0x0000000620c00000| 99%| O|  |TAMS 0x0000000620bffff8, 0x0000000620800000| Untracked 
| 131|0x0000000620c00000, 0x0000000621000000, 0x0000000621000000|100%| O|  |TAMS 0x0000000621000000, 0x0000000620c00000| Untracked 
| 132|0x0000000621000000, 0x0000000621400000, 0x0000000621400000|100%| O|  |TAMS 0x0000000621400000, 0x0000000621000000| Untracked 
| 133|0x0000000621400000, 0x0000000621800000, 0x0000000621800000|100%| O|  |TAMS 0x0000000621800000, 0x0000000621400000| Untracked 
| 134|0x0000000621800000, 0x0000000621c00000, 0x0000000621c00000|100%| O|  |TAMS 0x0000000621c00000, 0x0000000621800000| Untracked 
| 135|0x0000000621c00000, 0x0000000622000000, 0x0000000622000000|100%| O|  |TAMS 0x0000000622000000, 0x0000000621c00000| Untracked 
| 136|0x0000000622000000, 0x0000000622400000, 0x0000000622400000|100%| O|  |TAMS 0x0000000622400000, 0x0000000622000000| Untracked 
| 137|0x0000000622400000, 0x0000000622800000, 0x0000000622800000|100%| O|  |TAMS 0x0000000622800000, 0x0000000622400000| Untracked 
| 138|0x0000000622800000, 0x0000000622c00000, 0x0000000622c00000|100%| O|  |TAMS 0x0000000622c00000, 0x0000000622800000| Untracked 
| 139|0x0000000622c00000, 0x0000000622ffffe8, 0x0000000623000000| 99%| O|  |TAMS 0x0000000622ffffe8, 0x0000000622c00000| Untracked 
| 140|0x0000000623000000, 0x0000000623400000, 0x0000000623400000|100%| O|  |TAMS 0x0000000623400000, 0x0000000623000000| Untracked 
| 141|0x0000000623400000, 0x0000000623800000, 0x0000000623800000|100%| O|  |TAMS 0x0000000623800000, 0x0000000623400000| Untracked 
| 142|0x0000000623800000, 0x0000000623c00000, 0x0000000623c00000|100%| O|  |TAMS 0x0000000623c00000, 0x0000000623800000| Untracked 
| 143|0x0000000623c00000, 0x0000000624000000, 0x0000000624000000|100%| O|  |TAMS 0x0000000624000000, 0x0000000623c00000| Untracked 
| 144|0x0000000624000000, 0x0000000624400000, 0x0000000624400000|100%| O|  |TAMS 0x0000000624400000, 0x0000000624000000| Untracked 
| 145|0x0000000624400000, 0x00000006247fffe8, 0x0000000624800000| 99%| O|  |TAMS 0x00000006247fffe8, 0x0000000624400000| Untracked 
| 146|0x0000000624800000, 0x0000000624bfffb8, 0x0000000624c00000| 99%| O|  |TAMS 0x0000000624bfffb8, 0x0000000624800000| Untracked 
| 147|0x0000000624c00000, 0x0000000625000000, 0x0000000625000000|100%| O|  |TAMS 0x0000000625000000, 0x0000000624c00000| Untracked 
| 148|0x0000000625000000, 0x0000000625400000, 0x0000000625400000|100%| O|  |TAMS 0x0000000625400000, 0x0000000625000000| Untracked 
| 149|0x0000000625400000, 0x0000000625800000, 0x0000000625800000|100%|HS|  |TAMS 0x0000000625800000, 0x0000000625400000| Untracked 
| 150|0x0000000625800000, 0x0000000625c00000, 0x0000000625c00000|100%|HC|  |TAMS 0x0000000625c00000, 0x0000000625800000| Untracked 
| 151|0x0000000625c00000, 0x0000000626000000, 0x0000000626000000|100%|HC|  |TAMS 0x0000000626000000, 0x0000000625c00000| Untracked 
| 152|0x0000000626000000, 0x0000000626400000, 0x0000000626400000|100%|HS|  |TAMS 0x0000000626400000, 0x0000000626000000| Untracked 
| 153|0x0000000626400000, 0x0000000626800000, 0x0000000626800000|100%|HC|  |TAMS 0x0000000626800000, 0x0000000626400000| Untracked 
| 154|0x0000000626800000, 0x0000000626c00000, 0x0000000626c00000|100%|HS|  |TAMS 0x0000000626c00000, 0x0000000626800000| Complete 
| 155|0x0000000626c00000, 0x0000000627000000, 0x0000000627000000|100%|HC|  |TAMS 0x0000000627000000, 0x0000000626c00000| Complete 
| 156|0x0000000627000000, 0x0000000627400000, 0x0000000627400000|100%| O|  |TAMS 0x0000000627400000, 0x0000000627000000| Untracked 
| 157|0x0000000627400000, 0x0000000627800000, 0x0000000627800000|100%| O|  |TAMS 0x0000000627800000, 0x0000000627400000| Untracked 
| 158|0x0000000627800000, 0x0000000627c00000, 0x0000000627c00000|100%| O|  |TAMS 0x0000000627c00000, 0x0000000627800000| Untracked 
| 159|0x0000000627c00000, 0x0000000628000000, 0x0000000628000000|100%| O|  |TAMS 0x0000000628000000, 0x0000000627c00000| Untracked 
| 160|0x0000000628000000, 0x0000000628400000, 0x0000000628400000|100%| O|  |TAMS 0x0000000628400000, 0x0000000628000000| Untracked 
| 161|0x0000000628400000, 0x0000000628800000, 0x0000000628800000|100%| O|  |TAMS 0x0000000628800000, 0x0000000628400000| Untracked 
| 162|0x0000000628800000, 0x0000000628c00000, 0x0000000628c00000|100%| O|  |TAMS 0x0000000628c00000, 0x0000000628800000| Untracked 
| 163|0x0000000628c00000, 0x0000000629000000, 0x0000000629000000|100%| O|  |TAMS 0x0000000629000000, 0x0000000628c00000| Untracked 
| 164|0x0000000629000000, 0x0000000629400000, 0x0000000629400000|100%| O|  |TAMS 0x0000000629400000, 0x0000000629000000| Untracked 
| 165|0x0000000629400000, 0x0000000629800000, 0x0000000629800000|100%| O|  |TAMS 0x0000000629800000, 0x0000000629400000| Untracked 
| 166|0x0000000629800000, 0x0000000629c00000, 0x0000000629c00000|100%| O|  |TAMS 0x0000000629c00000, 0x0000000629800000| Untracked 
| 167|0x0000000629c00000, 0x000000062a000000, 0x000000062a000000|100%| O|  |TAMS 0x000000062a000000, 0x0000000629c00000| Untracked 
| 168|0x000000062a000000, 0x000000062a400000, 0x000000062a400000|100%| O|  |TAMS 0x000000062a400000, 0x000000062a000000| Untracked 
| 169|0x000000062a400000, 0x000000062a800000, 0x000000062a800000|100%| O|  |TAMS 0x000000062a800000, 0x000000062a400000| Untracked 
| 170|0x000000062a800000, 0x000000062ac00000, 0x000000062ac00000|100%| O|  |TAMS 0x000000062ac00000, 0x000000062a800000| Untracked 
| 171|0x000000062ac00000, 0x000000062b000000, 0x000000062b000000|100%| O|  |TAMS 0x000000062b000000, 0x000000062ac00000| Untracked 
| 172|0x000000062b000000, 0x000000062b400000, 0x000000062b400000|100%| O|  |TAMS 0x000000062b400000, 0x000000062b000000| Untracked 
| 173|0x000000062b400000, 0x000000062b800000, 0x000000062b800000|100%| O|  |TAMS 0x000000062b800000, 0x000000062b400000| Untracked 
| 174|0x000000062b800000, 0x000000062bc00000, 0x000000062bc00000|100%| O|  |TAMS 0x000000062bc00000, 0x000000062b800000| Untracked 
| 175|0x000000062bc00000, 0x000000062c000000, 0x000000062c000000|100%| O|  |TAMS 0x000000062c000000, 0x000000062bc00000| Untracked 
| 176|0x000000062c000000, 0x000000062c400000, 0x000000062c400000|100%| O|  |TAMS 0x000000062c400000, 0x000000062c000000| Untracked 
| 177|0x000000062c400000, 0x000000062c800000, 0x000000062c800000|100%| O|  |TAMS 0x000000062c800000, 0x000000062c400000| Untracked 
| 178|0x000000062c800000, 0x000000062cc00000, 0x000000062cc00000|100%| O|  |TAMS 0x000000062cc00000, 0x000000062c800000| Untracked 
| 179|0x000000062cc00000, 0x000000062cfffff8, 0x000000062d000000| 99%| O|  |TAMS 0x000000062cfffff8, 0x000000062cc00000| Untracked 
| 180|0x000000062d000000, 0x000000062d3fffd8, 0x000000062d400000| 99%| O|  |TAMS 0x000000062d3fffd8, 0x000000062d000000| Untracked 
| 181|0x000000062d400000, 0x000000062d7ffff0, 0x000000062d800000| 99%| O|  |TAMS 0x000000062d7ffff0, 0x000000062d400000| Untracked 
| 182|0x000000062d800000, 0x000000062dc00000, 0x000000062dc00000|100%|HS|  |TAMS 0x000000062dc00000, 0x000000062d800000| Untracked 
| 183|0x000000062dc00000, 0x000000062e000000, 0x000000062e000000|100%|HS|  |TAMS 0x000000062e000000, 0x000000062dc00000| Untracked 
| 184|0x000000062e000000, 0x000000062e400000, 0x000000062e400000|100%| O|  |TAMS 0x000000062e400000, 0x000000062e000000| Untracked 
| 185|0x000000062e400000, 0x000000062e800000, 0x000000062e800000|100%| O|  |TAMS 0x000000062e800000, 0x000000062e400000| Untracked 
| 186|0x000000062e800000, 0x000000062ec00000, 0x000000062ec00000|100%| O|  |TAMS 0x000000062ec00000, 0x000000062e800000| Untracked 
| 187|0x000000062ec00000, 0x000000062f000000, 0x000000062f000000|100%| O|  |TAMS 0x000000062f000000, 0x000000062ec00000| Untracked 
| 188|0x000000062f000000, 0x000000062f400000, 0x000000062f400000|100%| O|  |TAMS 0x000000062f400000, 0x000000062f000000| Untracked 
| 189|0x000000062f400000, 0x000000062f800000, 0x000000062f800000|100%| O|  |TAMS 0x000000062f800000, 0x000000062f400000| Untracked 
| 190|0x000000062f800000, 0x000000062fc00000, 0x000000062fc00000|100%| O|  |TAMS 0x000000062fc00000, 0x000000062f800000| Untracked 
| 191|0x000000062fc00000, 0x0000000630000000, 0x0000000630000000|100%| O|  |TAMS 0x0000000630000000, 0x000000062fc00000| Untracked 
| 192|0x0000000630000000, 0x0000000630400000, 0x0000000630400000|100%| O|  |TAMS 0x0000000630400000, 0x0000000630000000| Untracked 
| 193|0x0000000630400000, 0x00000006307ffff8, 0x0000000630800000| 99%| O|  |TAMS 0x00000006307ffff8, 0x0000000630400000| Untracked 
| 194|0x0000000630800000, 0x0000000630c00000, 0x0000000630c00000|100%| O|  |TAMS 0x0000000630c00000, 0x0000000630800000| Untracked 
| 195|0x0000000630c00000, 0x0000000631000000, 0x0000000631000000|100%| O|  |TAMS 0x0000000631000000, 0x0000000630c00000| Untracked 
| 196|0x0000000631000000, 0x00000006313fffe0, 0x0000000631400000| 99%| O|  |TAMS 0x00000006313fffe0, 0x0000000631000000| Untracked 
| 197|0x0000000631400000, 0x0000000631800000, 0x0000000631800000|100%|HS|  |TAMS 0x0000000631800000, 0x0000000631400000| Complete 
| 198|0x0000000631800000, 0x0000000631c00000, 0x0000000631c00000|100%|HC|  |TAMS 0x0000000631c00000, 0x0000000631800000| Complete 
| 199|0x0000000631c00000, 0x0000000632000000, 0x0000000632000000|100%| O|  |TAMS 0x0000000632000000, 0x0000000631c00000| Untracked 
| 200|0x0000000632000000, 0x0000000632400000, 0x0000000632400000|100%| O|  |TAMS 0x0000000632400000, 0x0000000632000000| Untracked 
| 201|0x0000000632400000, 0x0000000632800000, 0x0000000632800000|100%| O|  |TAMS 0x0000000632800000, 0x0000000632400000| Untracked 
| 202|0x0000000632800000, 0x0000000632c00000, 0x0000000632c00000|100%| O|  |TAMS 0x0000000632c00000, 0x0000000632800000| Untracked 
| 203|0x0000000632c00000, 0x0000000633000000, 0x0000000633000000|100%| O|  |TAMS 0x0000000633000000, 0x0000000632c00000| Untracked 
| 204|0x0000000633000000, 0x0000000633400000, 0x0000000633400000|100%| O|  |TAMS 0x0000000633400000, 0x0000000633000000| Untracked 
| 205|0x0000000633400000, 0x0000000633800000, 0x0000000633800000|100%| O|  |TAMS 0x0000000633800000, 0x0000000633400000| Untracked 
| 206|0x0000000633800000, 0x0000000633c00000, 0x0000000633c00000|100%| O|  |TAMS 0x0000000633c00000, 0x0000000633800000| Untracked 
| 207|0x0000000633c00000, 0x0000000633ffffe0, 0x0000000634000000| 99%| O|  |TAMS 0x0000000633ffffe0, 0x0000000633c00000| Untracked 
| 208|0x0000000634000000, 0x0000000634400000, 0x0000000634400000|100%| O|  |TAMS 0x0000000634400000, 0x0000000634000000| Untracked 
| 209|0x0000000634400000, 0x0000000634800000, 0x0000000634800000|100%| O|  |TAMS 0x0000000634800000, 0x0000000634400000| Untracked 
| 210|0x0000000634800000, 0x0000000634c00000, 0x0000000634c00000|100%| O|  |TAMS 0x0000000634c00000, 0x0000000634800000| Untracked 
| 211|0x0000000634c00000, 0x0000000635000000, 0x0000000635000000|100%| O|  |TAMS 0x0000000635000000, 0x0000000634c00000| Untracked 
| 212|0x0000000635000000, 0x00000006353ffff8, 0x0000000635400000| 99%| O|  |TAMS 0x00000006353ffff8, 0x0000000635000000| Untracked 
| 213|0x0000000635400000, 0x0000000635800000, 0x0000000635800000|100%| O|  |TAMS 0x0000000635800000, 0x0000000635400000| Untracked 
| 214|0x0000000635800000, 0x0000000635c00000, 0x0000000635c00000|100%| O|  |TAMS 0x0000000635c00000, 0x0000000635800000| Untracked 
| 215|0x0000000635c00000, 0x0000000635fffff8, 0x0000000636000000| 99%| O|  |TAMS 0x0000000635fffff8, 0x0000000635c00000| Untracked 
| 216|0x0000000636000000, 0x00000006363ffff8, 0x0000000636400000| 99%| O|  |TAMS 0x00000006363ffff8, 0x0000000636000000| Untracked 
| 217|0x0000000636400000, 0x00000006367fffe8, 0x0000000636800000| 99%| O|  |TAMS 0x00000006367fffe8, 0x0000000636400000| Untracked 
| 218|0x0000000636800000, 0x0000000636c00000, 0x0000000636c00000|100%| O|  |TAMS 0x0000000636c00000, 0x0000000636800000| Untracked 
| 219|0x0000000636c00000, 0x0000000636fffff0, 0x0000000637000000| 99%| O|  |TAMS 0x0000000636fffff0, 0x0000000636c00000| Untracked 
| 220|0x0000000637000000, 0x0000000637400000, 0x0000000637400000|100%| O|  |TAMS 0x0000000637400000, 0x0000000637000000| Untracked 
| 221|0x0000000637400000, 0x0000000637800000, 0x0000000637800000|100%| O|  |TAMS 0x0000000637800000, 0x0000000637400000| Untracked 
| 222|0x0000000637800000, 0x0000000637bffff0, 0x0000000637c00000| 99%| O|  |TAMS 0x0000000637bffff0, 0x0000000637800000| Untracked 
| 223|0x0000000637c00000, 0x0000000637fffff0, 0x0000000638000000| 99%| O|  |TAMS 0x0000000637fffff0, 0x0000000637c00000| Untracked 
| 224|0x0000000638000000, 0x0000000638400000, 0x0000000638400000|100%| O|  |TAMS 0x0000000638400000, 0x0000000638000000| Untracked 
| 225|0x0000000638400000, 0x00000006387ffff8, 0x0000000638800000| 99%| O|  |TAMS 0x00000006387ffff8, 0x0000000638400000| Untracked 
| 226|0x0000000638800000, 0x0000000638bfffd8, 0x0000000638c00000| 99%| O|  |TAMS 0x0000000638bfffd8, 0x0000000638800000| Untracked 
| 227|0x0000000638c00000, 0x0000000639000000, 0x0000000639000000|100%| O|  |TAMS 0x0000000639000000, 0x0000000638c00000| Untracked 
| 228|0x0000000639000000, 0x00000006393ffff0, 0x0000000639400000| 99%| O|  |TAMS 0x00000006393ffff0, 0x0000000639000000| Untracked 
| 229|0x0000000639400000, 0x00000006397ffff8, 0x0000000639800000| 99%| O|  |TAMS 0x00000006397ffff8, 0x0000000639400000| Untracked 
| 230|0x0000000639800000, 0x0000000639c00000, 0x0000000639c00000|100%| O|  |TAMS 0x0000000639c00000, 0x0000000639800000| Untracked 
| 231|0x0000000639c00000, 0x0000000639ffffa0, 0x000000063a000000| 99%| O|  |TAMS 0x0000000639ffffa0, 0x0000000639c00000| Untracked 
| 232|0x000000063a000000, 0x000000063a400000, 0x000000063a400000|100%|HS|  |TAMS 0x000000063a400000, 0x000000063a000000| Untracked 
| 233|0x000000063a400000, 0x000000063a800000, 0x000000063a800000|100%|HC|  |TAMS 0x000000063a800000, 0x000000063a400000| Untracked 
| 234|0x000000063a800000, 0x000000063ac00000, 0x000000063ac00000|100%|HC|  |TAMS 0x000000063ac00000, 0x000000063a800000| Untracked 
| 235|0x000000063ac00000, 0x000000063afffff8, 0x000000063b000000| 99%| O|  |TAMS 0x000000063afffff8, 0x000000063ac00000| Untracked 
| 236|0x000000063b000000, 0x000000063b400000, 0x000000063b400000|100%| O|  |TAMS 0x000000063b400000, 0x000000063b000000| Untracked 
| 237|0x000000063b400000, 0x000000063b800000, 0x000000063b800000|100%| O|  |TAMS 0x000000063b800000, 0x000000063b400000| Untracked 
| 238|0x000000063b800000, 0x000000063bc00000, 0x000000063bc00000|100%| O|  |TAMS 0x000000063bc00000, 0x000000063b800000| Untracked 
| 239|0x000000063bc00000, 0x000000063bfffff8, 0x000000063c000000| 99%| O|  |TAMS 0x000000063bfffff8, 0x000000063bc00000| Untracked 
| 240|0x000000063c000000, 0x000000063c3fffe8, 0x000000063c400000| 99%| O|  |TAMS 0x000000063c3fffe8, 0x000000063c000000| Untracked 
| 241|0x000000063c400000, 0x000000063c800000, 0x000000063c800000|100%| O|  |TAMS 0x000000063c800000, 0x000000063c400000| Untracked 
| 242|0x000000063c800000, 0x000000063cc00000, 0x000000063cc00000|100%| O|  |TAMS 0x000000063cc00000, 0x000000063c800000| Untracked 
| 243|0x000000063cc00000, 0x000000063cfffff8, 0x000000063d000000| 99%| O|  |TAMS 0x000000063cfffff8, 0x000000063cc00000| Untracked 
| 244|0x000000063d000000, 0x000000063d3ffff8, 0x000000063d400000| 99%| O|  |TAMS 0x000000063d3ffff8, 0x000000063d000000| Untracked 
| 245|0x000000063d400000, 0x000000063d800000, 0x000000063d800000|100%| O|  |TAMS 0x000000063d800000, 0x000000063d400000| Untracked 
| 246|0x000000063d800000, 0x000000063dbffff0, 0x000000063dc00000| 99%| O|  |TAMS 0x000000063dbffff0, 0x000000063d800000| Untracked 
| 247|0x000000063dc00000, 0x000000063dffffe8, 0x000000063e000000| 99%| O|  |TAMS 0x000000063dffffe8, 0x000000063dc00000| Untracked 
| 248|0x000000063e000000, 0x000000063e3fffd8, 0x000000063e400000| 99%| O|  |TAMS 0x000000063e3fffd8, 0x000000063e000000| Untracked 
| 249|0x000000063e400000, 0x000000063e800000, 0x000000063e800000|100%| O|  |TAMS 0x000000063e800000, 0x000000063e400000| Untracked 
| 250|0x000000063e800000, 0x000000063ebfffe8, 0x000000063ec00000| 99%| O|  |TAMS 0x000000063ebfffe8, 0x000000063e800000| Untracked 
| 251|0x000000063ec00000, 0x000000063f000000, 0x000000063f000000|100%| O|  |TAMS 0x000000063f000000, 0x000000063ec00000| Untracked 
| 252|0x000000063f000000, 0x000000063f400000, 0x000000063f400000|100%| O|  |TAMS 0x000000063f400000, 0x000000063f000000| Untracked 
| 253|0x000000063f400000, 0x000000063f7ffff8, 0x000000063f800000| 99%| O|  |TAMS 0x000000063f7ffff8, 0x000000063f400000| Untracked 
| 254|0x000000063f800000, 0x000000063fbffff8, 0x000000063fc00000| 99%| O|  |TAMS 0x000000063fbffff8, 0x000000063f800000| Untracked 
| 255|0x000000063fc00000, 0x0000000640000000, 0x0000000640000000|100%| O|  |TAMS 0x0000000640000000, 0x000000063fc00000| Untracked 
| 256|0x0000000640000000, 0x00000006403fff48, 0x0000000640400000| 99%| O|  |TAMS 0x00000006403fff48, 0x0000000640000000| Untracked 
| 257|0x0000000640400000, 0x0000000640800000, 0x0000000640800000|100%| O|  |TAMS 0x0000000640800000, 0x0000000640400000| Untracked 
| 258|0x0000000640800000, 0x0000000640bffff8, 0x0000000640c00000| 99%| O|  |TAMS 0x0000000640bffff8, 0x0000000640800000| Untracked 
| 259|0x0000000640c00000, 0x0000000640fffff8, 0x0000000641000000| 99%| O|  |TAMS 0x0000000640fffff8, 0x0000000640c00000| Untracked 
| 260|0x0000000641000000, 0x00000006413ffff8, 0x0000000641400000| 99%| O|  |TAMS 0x00000006413ffff8, 0x0000000641000000| Untracked 
| 261|0x0000000641400000, 0x00000006417ffff8, 0x0000000641800000| 99%| O|  |TAMS 0x00000006417ffff8, 0x0000000641400000| Untracked 
| 262|0x0000000641800000, 0x0000000641bfffd8, 0x0000000641c00000| 99%| O|  |TAMS 0x0000000641bfffd8, 0x0000000641800000| Untracked 
| 263|0x0000000641c00000, 0x0000000641fffff0, 0x0000000642000000| 99%| O|  |TAMS 0x0000000641fffff0, 0x0000000641c00000| Untracked 
| 264|0x0000000642000000, 0x00000006423ffff8, 0x0000000642400000| 99%| O|  |TAMS 0x00000006423ffff8, 0x0000000642000000| Untracked 
| 265|0x0000000642400000, 0x00000006427ffff0, 0x0000000642800000| 99%| O|  |TAMS 0x00000006427ffff0, 0x0000000642400000| Untracked 
| 266|0x0000000642800000, 0x0000000642c00000, 0x0000000642c00000|100%| O|  |TAMS 0x0000000642c00000, 0x0000000642800000| Untracked 
| 267|0x0000000642c00000, 0x0000000642fffff0, 0x0000000643000000| 99%| O|  |TAMS 0x0000000642fffff0, 0x0000000642c00000| Untracked 
| 268|0x0000000643000000, 0x00000006433ffff8, 0x0000000643400000| 99%| O|  |TAMS 0x00000006433ffff8, 0x0000000643000000| Untracked 
| 269|0x0000000643400000, 0x00000006437fffe8, 0x0000000643800000| 99%| O|  |TAMS 0x00000006437fffe8, 0x0000000643400000| Untracked 
| 270|0x0000000643800000, 0x0000000643bffff8, 0x0000000643c00000| 99%| O|  |TAMS 0x0000000643bffff8, 0x0000000643800000| Untracked 
| 271|0x0000000643c00000, 0x0000000643ffffe8, 0x0000000644000000| 99%| O|  |TAMS 0x0000000643ffffe8, 0x0000000643c00000| Untracked 
| 272|0x0000000644000000, 0x0000000644400000, 0x0000000644400000|100%| O|  |TAMS 0x0000000644400000, 0x0000000644000000| Untracked 
| 273|0x0000000644400000, 0x00000006447fffd8, 0x0000000644800000| 99%| O|  |TAMS 0x00000006447fffd8, 0x0000000644400000| Untracked 
| 274|0x0000000644800000, 0x0000000644bfffd0, 0x0000000644c00000| 99%| O|  |TAMS 0x0000000644bfffd0, 0x0000000644800000| Untracked 
| 275|0x0000000644c00000, 0x0000000645000000, 0x0000000645000000|100%| O|  |TAMS 0x0000000645000000, 0x0000000644c00000| Untracked 
| 276|0x0000000645000000, 0x00000006453fff40, 0x0000000645400000| 99%| O|  |TAMS 0x00000006453fff40, 0x0000000645000000| Untracked 
| 277|0x0000000645400000, 0x00000006457ffff0, 0x0000000645800000| 99%| O|  |TAMS 0x00000006457ffff0, 0x0000000645400000| Untracked 
| 278|0x0000000645800000, 0x0000000645bfffe8, 0x0000000645c00000| 99%| O|  |TAMS 0x0000000645bfffe8, 0x0000000645800000| Untracked 
| 279|0x0000000645c00000, 0x0000000646000000, 0x0000000646000000|100%| O|  |TAMS 0x0000000646000000, 0x0000000645c00000| Untracked 
| 280|0x0000000646000000, 0x00000006463fffe0, 0x0000000646400000| 99%| O|  |TAMS 0x00000006463fffe0, 0x0000000646000000| Untracked 
| 281|0x0000000646400000, 0x00000006467ffff0, 0x0000000646800000| 99%| O|  |TAMS 0x00000006467ffff0, 0x0000000646400000| Untracked 
| 282|0x0000000646800000, 0x0000000646bfff30, 0x0000000646c00000| 99%| O|  |TAMS 0x0000000646bfff30, 0x0000000646800000| Untracked 
| 283|0x0000000646c00000, 0x0000000646fffe58, 0x0000000647000000| 99%| O|  |TAMS 0x0000000646fffe58, 0x0000000646c00000| Untracked 
| 284|0x0000000647000000, 0x00000006473fffe8, 0x0000000647400000| 99%| O|  |TAMS 0x00000006473fffe8, 0x0000000647000000| Untracked 
| 285|0x0000000647400000, 0x00000006477fffe8, 0x0000000647800000| 99%| O|  |TAMS 0x00000006477fffe8, 0x0000000647400000| Untracked 
| 286|0x0000000647800000, 0x0000000647c00000, 0x0000000647c00000|100%| O|  |TAMS 0x0000000647c00000, 0x0000000647800000| Untracked 
| 287|0x0000000647c00000, 0x0000000647ffffe8, 0x0000000648000000| 99%| O|  |TAMS 0x0000000647ffffe8, 0x0000000647c00000| Untracked 
| 288|0x0000000648000000, 0x00000006483fffe8, 0x0000000648400000| 99%| O|  |TAMS 0x00000006483fffe8, 0x0000000648000000| Untracked 
| 289|0x0000000648400000, 0x00000006487fffe8, 0x0000000648800000| 99%| O|  |TAMS 0x00000006487fffe8, 0x0000000648400000| Untracked 
| 290|0x0000000648800000, 0x0000000648bffff8, 0x0000000648c00000| 99%| O|  |TAMS 0x0000000648bffff8, 0x0000000648800000| Untracked 
| 291|0x0000000648c00000, 0x0000000648ffffd8, 0x0000000649000000| 99%| O|  |TAMS 0x0000000648ffffd8, 0x0000000648c00000| Untracked 
| 292|0x0000000649000000, 0x00000006493ffff0, 0x0000000649400000| 99%| O|  |TAMS 0x00000006493ffff0, 0x0000000649000000| Untracked 
| 293|0x0000000649400000, 0x00000006497ffff0, 0x0000000649800000| 99%| O|  |TAMS 0x00000006497ffff0, 0x0000000649400000| Untracked 
| 294|0x0000000649800000, 0x0000000649c00000, 0x0000000649c00000|100%| O|  |TAMS 0x0000000649c00000, 0x0000000649800000| Untracked 
| 295|0x0000000649c00000, 0x0000000649ffffd8, 0x000000064a000000| 99%| O|  |TAMS 0x0000000649ffffd8, 0x0000000649c00000| Untracked 
| 296|0x000000064a000000, 0x000000064a400000, 0x000000064a400000|100%| O|  |TAMS 0x000000064a400000, 0x000000064a000000| Untracked 
| 297|0x000000064a400000, 0x000000064a800000, 0x000000064a800000|100%| O|  |TAMS 0x000000064a800000, 0x000000064a400000| Untracked 
| 298|0x000000064a800000, 0x000000064ac00000, 0x000000064ac00000|100%| O|  |TAMS 0x000000064ac00000, 0x000000064a800000| Untracked 
| 299|0x000000064ac00000, 0x000000064b000000, 0x000000064b000000|100%| O|  |TAMS 0x000000064b000000, 0x000000064ac00000| Untracked 
| 300|0x000000064b000000, 0x000000064b400000, 0x000000064b400000|100%| O|  |TAMS 0x000000064b400000, 0x000000064b000000| Untracked 
| 301|0x000000064b400000, 0x000000064b800000, 0x000000064b800000|100%| O|  |TAMS 0x000000064b800000, 0x000000064b400000| Untracked 
| 302|0x000000064b800000, 0x000000064bc00000, 0x000000064bc00000|100%| O|  |TAMS 0x000000064bc00000, 0x000000064b800000| Untracked 
| 303|0x000000064bc00000, 0x000000064c000000, 0x000000064c000000|100%| O|  |TAMS 0x000000064c000000, 0x000000064bc00000| Untracked 
| 304|0x000000064c000000, 0x000000064c400000, 0x000000064c400000|100%| O|  |TAMS 0x000000064c400000, 0x000000064c000000| Untracked 
| 305|0x000000064c400000, 0x000000064c800000, 0x000000064c800000|100%| O|  |TAMS 0x000000064c800000, 0x000000064c400000| Untracked 
| 306|0x000000064c800000, 0x000000064cc00000, 0x000000064cc00000|100%| O|  |TAMS 0x000000064cc00000, 0x000000064c800000| Untracked 
| 307|0x000000064cc00000, 0x000000064cffffe0, 0x000000064d000000| 99%| O|  |TAMS 0x000000064cffffe0, 0x000000064cc00000| Untracked 
| 308|0x000000064d000000, 0x000000064d400000, 0x000000064d400000|100%| O|  |TAMS 0x000000064d400000, 0x000000064d000000| Untracked 
| 309|0x000000064d400000, 0x000000064d7fffe8, 0x000000064d800000| 99%| O|  |TAMS 0x000000064d7fffe8, 0x000000064d400000| Untracked 
| 310|0x000000064d800000, 0x000000064dbffeb8, 0x000000064dc00000| 99%| O|  |TAMS 0x000000064dbffeb8, 0x000000064d800000| Untracked 
| 311|0x000000064dc00000, 0x000000064dfff4a8, 0x000000064e000000| 99%| O|  |TAMS 0x000000064dfff4a8, 0x000000064dc00000| Untracked 
| 312|0x000000064e000000, 0x000000064e400000, 0x000000064e400000|100%| O|  |TAMS 0x000000064e400000, 0x000000064e000000| Untracked 
| 313|0x000000064e400000, 0x000000064e800000, 0x000000064e800000|100%| O|  |TAMS 0x000000064e800000, 0x000000064e400000| Untracked 
| 314|0x000000064e800000, 0x000000064ec00000, 0x000000064ec00000|100%| O|  |TAMS 0x000000064ec00000, 0x000000064e800000| Untracked 
| 315|0x000000064ec00000, 0x000000064f000000, 0x000000064f000000|100%| O|  |TAMS 0x000000064f000000, 0x000000064ec00000| Untracked 
| 316|0x000000064f000000, 0x000000064f400000, 0x000000064f400000|100%| O|  |TAMS 0x000000064f400000, 0x000000064f000000| Untracked 
| 317|0x000000064f400000, 0x000000064f7fffe8, 0x000000064f800000| 99%| O|  |TAMS 0x000000064f7fffe8, 0x000000064f400000| Untracked 
| 318|0x000000064f800000, 0x000000064fbfffd8, 0x000000064fc00000| 99%| O|  |TAMS 0x000000064fbfffd8, 0x000000064f800000| Untracked 
| 319|0x000000064fc00000, 0x000000064ffffff0, 0x0000000650000000| 99%| O|  |TAMS 0x000000064ffffff0, 0x000000064fc00000| Untracked 
| 320|0x0000000650000000, 0x0000000650400000, 0x0000000650400000|100%| O|  |TAMS 0x0000000650400000, 0x0000000650000000| Untracked 
| 321|0x0000000650400000, 0x0000000650800000, 0x0000000650800000|100%| O|  |TAMS 0x0000000650800000, 0x0000000650400000| Untracked 
| 322|0x0000000650800000, 0x0000000650c00000, 0x0000000650c00000|100%| O|  |TAMS 0x0000000650c00000, 0x0000000650800000| Untracked 
| 323|0x0000000650c00000, 0x0000000650fffff8, 0x0000000651000000| 99%| O|  |TAMS 0x0000000650fffff8, 0x0000000650c00000| Untracked 
| 324|0x0000000651000000, 0x00000006513fffe8, 0x0000000651400000| 99%| O|  |TAMS 0x00000006513fffe8, 0x0000000651000000| Untracked 
| 325|0x0000000651400000, 0x0000000651400000, 0x0000000651800000|  0%| F|  |TAMS 0x0000000651400000, 0x0000000651400000| Untracked 
| 326|0x0000000651800000, 0x0000000651c00000, 0x0000000651c00000|100%| O|  |TAMS 0x0000000651c00000, 0x0000000651800000| Untracked 
| 327|0x0000000651c00000, 0x0000000651ffffb0, 0x0000000652000000| 99%| O|  |TAMS 0x0000000651ffffb0, 0x0000000651c00000| Untracked 
| 328|0x0000000652000000, 0x0000000652400000, 0x0000000652400000|100%| O|  |TAMS 0x0000000652400000, 0x0000000652000000| Untracked 
| 329|0x0000000652400000, 0x0000000652800000, 0x0000000652800000|100%| O|  |TAMS 0x0000000652800000, 0x0000000652400000| Untracked 
| 330|0x0000000652800000, 0x0000000652c00000, 0x0000000652c00000|100%| O|  |TAMS 0x0000000652c00000, 0x0000000652800000| Untracked 
| 331|0x0000000652c00000, 0x0000000653000000, 0x0000000653000000|100%| O|  |TAMS 0x0000000653000000, 0x0000000652c00000| Untracked 
| 332|0x0000000653000000, 0x0000000653400000, 0x0000000653400000|100%| O|  |TAMS 0x0000000653400000, 0x0000000653000000| Untracked 
| 333|0x0000000653400000, 0x0000000653800000, 0x0000000653800000|100%| O|  |TAMS 0x0000000653800000, 0x0000000653400000| Untracked 
| 334|0x0000000653800000, 0x0000000653c00000, 0x0000000653c00000|100%| O|  |TAMS 0x0000000653c00000, 0x0000000653800000| Untracked 
| 335|0x0000000653c00000, 0x0000000654000000, 0x0000000654000000|100%| O|  |TAMS 0x0000000654000000, 0x0000000653c00000| Untracked 
| 336|0x0000000654000000, 0x0000000654400000, 0x0000000654400000|100%| O|  |TAMS 0x0000000654400000, 0x0000000654000000| Untracked 
| 337|0x0000000654400000, 0x0000000654800000, 0x0000000654800000|100%| O|  |TAMS 0x0000000654800000, 0x0000000654400000| Untracked 
| 338|0x0000000654800000, 0x0000000654c00000, 0x0000000654c00000|100%| O|  |TAMS 0x0000000654c00000, 0x0000000654800000| Untracked 
| 339|0x0000000654c00000, 0x0000000655000000, 0x0000000655000000|100%| O|  |TAMS 0x0000000655000000, 0x0000000654c00000| Untracked 
| 340|0x0000000655000000, 0x0000000655400000, 0x0000000655400000|100%| O|  |TAMS 0x0000000655400000, 0x0000000655000000| Untracked 
| 341|0x0000000655400000, 0x0000000655800000, 0x0000000655800000|100%| O|  |TAMS 0x0000000655800000, 0x0000000655400000| Untracked 
| 342|0x0000000655800000, 0x0000000655c00000, 0x0000000655c00000|100%| O|  |TAMS 0x0000000655c00000, 0x0000000655800000| Untracked 
| 343|0x0000000655c00000, 0x0000000656000000, 0x0000000656000000|100%| O|  |TAMS 0x0000000656000000, 0x0000000655c00000| Untracked 
| 344|0x0000000656000000, 0x0000000656400000, 0x0000000656400000|100%| O|  |TAMS 0x0000000656400000, 0x0000000656000000| Untracked 
| 345|0x0000000656400000, 0x0000000656800000, 0x0000000656800000|100%| O|  |TAMS 0x0000000656800000, 0x0000000656400000| Untracked 
| 346|0x0000000656800000, 0x0000000656c00000, 0x0000000656c00000|100%| O|  |TAMS 0x0000000656c00000, 0x0000000656800000| Untracked 
| 347|0x0000000656c00000, 0x0000000657000000, 0x0000000657000000|100%| O|  |TAMS 0x0000000657000000, 0x0000000656c00000| Untracked 
| 348|0x0000000657000000, 0x0000000657400000, 0x0000000657400000|100%| O|  |TAMS 0x0000000657400000, 0x0000000657000000| Untracked 
| 349|0x0000000657400000, 0x0000000657800000, 0x0000000657800000|100%| O|  |TAMS 0x0000000657800000, 0x0000000657400000| Untracked 
| 350|0x0000000657800000, 0x0000000657c00000, 0x0000000657c00000|100%| O|  |TAMS 0x0000000657c00000, 0x0000000657800000| Untracked 
| 351|0x0000000657c00000, 0x0000000657ffffd8, 0x0000000658000000| 99%| O|  |TAMS 0x0000000657ffffd8, 0x0000000657c00000| Untracked 
| 352|0x0000000658000000, 0x00000006583ffff8, 0x0000000658400000| 99%| O|  |TAMS 0x00000006583ffff8, 0x0000000658000000| Untracked 
| 353|0x0000000658400000, 0x00000006587ffc98, 0x0000000658800000| 99%| O|  |TAMS 0x00000006587ffc98, 0x0000000658400000| Untracked 
| 354|0x0000000658800000, 0x0000000658c00000, 0x0000000658c00000|100%| O|  |TAMS 0x0000000658c00000, 0x0000000658800000| Untracked 
| 355|0x0000000658c00000, 0x0000000659000000, 0x0000000659000000|100%| O|  |TAMS 0x0000000659000000, 0x0000000658c00000| Untracked 
| 356|0x0000000659000000, 0x0000000659400000, 0x0000000659400000|100%| O|  |TAMS 0x0000000659400000, 0x0000000659000000| Untracked 
| 357|0x0000000659400000, 0x00000006597fffe8, 0x0000000659800000| 99%| O|  |TAMS 0x00000006597fffe8, 0x0000000659400000| Untracked 
| 358|0x0000000659800000, 0x0000000659c00000, 0x0000000659c00000|100%|HS|  |TAMS 0x0000000659c00000, 0x0000000659800000| Untracked 
| 359|0x0000000659c00000, 0x000000065a000000, 0x000000065a000000|100%|HC|  |TAMS 0x000000065a000000, 0x0000000659c00000| Untracked 
| 360|0x000000065a000000, 0x000000065a400000, 0x000000065a400000|100%|HC|  |TAMS 0x000000065a400000, 0x000000065a000000| Untracked 
| 361|0x000000065a400000, 0x000000065a800000, 0x000000065a800000|100%| O|  |TAMS 0x000000065a800000, 0x000000065a400000| Untracked 
| 362|0x000000065a800000, 0x000000065ac00000, 0x000000065ac00000|100%| O|  |TAMS 0x000000065ac00000, 0x000000065a800000| Untracked 
| 363|0x000000065ac00000, 0x000000065b000000, 0x000000065b000000|100%| O|  |TAMS 0x000000065b000000, 0x000000065ac00000| Untracked 
| 364|0x000000065b000000, 0x000000065b400000, 0x000000065b400000|100%| O|  |TAMS 0x000000065b400000, 0x000000065b000000| Untracked 
| 365|0x000000065b400000, 0x000000065b800000, 0x000000065b800000|100%| O|  |TAMS 0x000000065b800000, 0x000000065b400000| Untracked 
| 366|0x000000065b800000, 0x000000065bbfffb8, 0x000000065bc00000| 99%| O|  |TAMS 0x000000065bbfffb8, 0x000000065b800000| Untracked 
| 367|0x000000065bc00000, 0x000000065c000000, 0x000000065c000000|100%| O|  |TAMS 0x000000065c000000, 0x000000065bc00000| Untracked 
| 368|0x000000065c000000, 0x000000065c400000, 0x000000065c400000|100%| O|  |TAMS 0x000000065c400000, 0x000000065c000000| Untracked 
| 369|0x000000065c400000, 0x000000065c800000, 0x000000065c800000|100%| O|  |TAMS 0x000000065c800000, 0x000000065c400000| Untracked 
| 370|0x000000065c800000, 0x000000065cc00000, 0x000000065cc00000|100%| O|  |TAMS 0x000000065cc00000, 0x000000065c800000| Untracked 
| 371|0x000000065cc00000, 0x000000065d000000, 0x000000065d000000|100%| O|  |TAMS 0x000000065d000000, 0x000000065cc00000| Untracked 
| 372|0x000000065d000000, 0x000000065d400000, 0x000000065d400000|100%| O|  |TAMS 0x000000065d400000, 0x000000065d000000| Untracked 
| 373|0x000000065d400000, 0x000000065d800000, 0x000000065d800000|100%| O|  |TAMS 0x000000065d800000, 0x000000065d400000| Untracked 
| 374|0x000000065d800000, 0x000000065dbffff8, 0x000000065dc00000| 99%| O|  |TAMS 0x000000065dbffff8, 0x000000065d800000| Untracked 
| 375|0x000000065dc00000, 0x000000065e000000, 0x000000065e000000|100%| O|  |TAMS 0x000000065dc00000, 0x000000065dc00000| Untracked 
| 376|0x000000065e000000, 0x000000065e400000, 0x000000065e400000|100%| O|  |TAMS 0x000000065e400000, 0x000000065e000000| Untracked 
| 377|0x000000065e400000, 0x000000065e800000, 0x000000065e800000|100%| O|  |TAMS 0x000000065e800000, 0x000000065e400000| Untracked 
| 378|0x000000065e800000, 0x000000065ec00000, 0x000000065ec00000|100%| O|  |TAMS 0x000000065ec00000, 0x000000065e800000| Untracked 
| 379|0x000000065ec00000, 0x000000065f000000, 0x000000065f000000|100%| O|  |TAMS 0x000000065f000000, 0x000000065ec00000| Untracked 
| 380|0x000000065f000000, 0x000000065f400000, 0x000000065f400000|100%| O|  |TAMS 0x000000065f400000, 0x000000065f000000| Untracked 
| 381|0x000000065f400000, 0x000000065f800000, 0x000000065f800000|100%| O|  |TAMS 0x000000065f800000, 0x000000065f400000| Untracked 
| 382|0x000000065f800000, 0x000000065fc00000, 0x000000065fc00000|100%| O|  |TAMS 0x000000065fc00000, 0x000000065f800000| Untracked 
| 383|0x000000065fc00000, 0x0000000660000000, 0x0000000660000000|100%| O|  |TAMS 0x0000000660000000, 0x000000065fc00000| Untracked 
| 384|0x0000000660000000, 0x0000000660400000, 0x0000000660400000|100%| O|  |TAMS 0x0000000660400000, 0x0000000660000000| Untracked 
| 385|0x0000000660400000, 0x0000000660800000, 0x0000000660800000|100%| O|  |TAMS 0x0000000660800000, 0x0000000660400000| Untracked 
| 386|0x0000000660800000, 0x0000000660c00000, 0x0000000660c00000|100%| O|  |TAMS 0x0000000660c00000, 0x0000000660800000| Untracked 
| 387|0x0000000660c00000, 0x0000000661000000, 0x0000000661000000|100%| O|  |TAMS 0x0000000661000000, 0x0000000660c00000| Untracked 
| 388|0x0000000661000000, 0x0000000661400000, 0x0000000661400000|100%| O|  |TAMS 0x0000000661400000, 0x0000000661000000| Untracked 
| 389|0x0000000661400000, 0x0000000661800000, 0x0000000661800000|100%| O|  |TAMS 0x0000000661800000, 0x0000000661400000| Untracked 
| 390|0x0000000661800000, 0x0000000661c00000, 0x0000000661c00000|100%| O|  |TAMS 0x0000000661c00000, 0x0000000661800000| Untracked 
| 391|0x0000000661c00000, 0x0000000662000000, 0x0000000662000000|100%| O|  |TAMS 0x0000000662000000, 0x0000000661c00000| Untracked 
| 392|0x0000000662000000, 0x0000000662400000, 0x0000000662400000|100%| O|  |TAMS 0x0000000662400000, 0x0000000662000000| Untracked 
| 393|0x0000000662400000, 0x0000000662800000, 0x0000000662800000|100%| O|  |TAMS 0x0000000662800000, 0x0000000662400000| Untracked 
| 394|0x0000000662800000, 0x0000000662c00000, 0x0000000662c00000|100%| O|  |TAMS 0x0000000662c00000, 0x0000000662800000| Untracked 
| 395|0x0000000662c00000, 0x0000000663000000, 0x0000000663000000|100%| O|  |TAMS 0x0000000663000000, 0x0000000662c00000| Untracked 
| 396|0x0000000663000000, 0x0000000663400000, 0x0000000663400000|100%| O|  |TAMS 0x0000000663400000, 0x0000000663000000| Untracked 
| 397|0x0000000663400000, 0x0000000663800000, 0x0000000663800000|100%| O|  |TAMS 0x0000000663800000, 0x0000000663400000| Untracked 
| 398|0x0000000663800000, 0x0000000663c00000, 0x0000000663c00000|100%| O|  |TAMS 0x0000000663c00000, 0x0000000663800000| Untracked 
| 399|0x0000000663c00000, 0x0000000664000000, 0x0000000664000000|100%| O|  |TAMS 0x0000000664000000, 0x0000000663c00000| Untracked 
| 400|0x0000000664000000, 0x0000000664400000, 0x0000000664400000|100%| O|  |TAMS 0x0000000664400000, 0x0000000664000000| Untracked 
| 401|0x0000000664400000, 0x0000000664800000, 0x0000000664800000|100%| O|  |TAMS 0x0000000664800000, 0x0000000664400000| Untracked 
| 402|0x0000000664800000, 0x0000000664c00000, 0x0000000664c00000|100%| O|  |TAMS 0x0000000664c00000, 0x0000000664800000| Untracked 
| 403|0x0000000664c00000, 0x0000000664fffff8, 0x0000000665000000| 99%| O|  |TAMS 0x0000000664fffff8, 0x0000000664c00000| Untracked 
| 404|0x0000000665000000, 0x00000006653ffff8, 0x0000000665400000| 99%| O|  |TAMS 0x00000006653ffff8, 0x0000000665000000| Untracked 
| 405|0x0000000665400000, 0x0000000665800000, 0x0000000665800000|100%| O|  |TAMS 0x0000000665800000, 0x0000000665400000| Untracked 
| 406|0x0000000665800000, 0x0000000665c00000, 0x0000000665c00000|100%| O|  |TAMS 0x0000000665c00000, 0x0000000665800000| Untracked 
| 407|0x0000000665c00000, 0x0000000666000000, 0x0000000666000000|100%|HS|  |TAMS 0x0000000666000000, 0x0000000665c00000| Untracked 
| 408|0x0000000666000000, 0x0000000666400000, 0x0000000666400000|100%|HC|  |TAMS 0x0000000666400000, 0x0000000666000000| Untracked 
| 409|0x0000000666400000, 0x0000000666800000, 0x0000000666800000|100%|HS|  |TAMS 0x0000000666800000, 0x0000000666400000| Untracked 
| 410|0x0000000666800000, 0x0000000666c00000, 0x0000000666c00000|100%|HC|  |TAMS 0x0000000666c00000, 0x0000000666800000| Untracked 
| 411|0x0000000666c00000, 0x0000000667000000, 0x0000000667000000|100%|HS|  |TAMS 0x0000000667000000, 0x0000000666c00000| Complete 
| 412|0x0000000667000000, 0x0000000667400000, 0x0000000667400000|100%|HC|  |TAMS 0x0000000667400000, 0x0000000667000000| Complete 
| 413|0x0000000667400000, 0x0000000667800000, 0x0000000667800000|100%| O|  |TAMS 0x0000000667800000, 0x0000000667400000| Untracked 
| 414|0x0000000667800000, 0x0000000667c00000, 0x0000000667c00000|100%| O|  |TAMS 0x0000000667c00000, 0x0000000667800000| Untracked 
| 415|0x0000000667c00000, 0x0000000668000000, 0x0000000668000000|100%| O|  |TAMS 0x0000000668000000, 0x0000000667c00000| Untracked 
| 416|0x0000000668000000, 0x0000000668400000, 0x0000000668400000|100%| O|  |TAMS 0x0000000668400000, 0x0000000668000000| Untracked 
| 417|0x0000000668400000, 0x0000000668800000, 0x0000000668800000|100%| O|  |TAMS 0x0000000668800000, 0x0000000668400000| Untracked 
| 418|0x0000000668800000, 0x0000000668c00000, 0x0000000668c00000|100%| O|  |TAMS 0x0000000668c00000, 0x0000000668800000| Untracked 
| 419|0x0000000668c00000, 0x0000000669000000, 0x0000000669000000|100%| O|  |TAMS 0x0000000669000000, 0x0000000668c00000| Untracked 
| 420|0x0000000669000000, 0x0000000669400000, 0x0000000669400000|100%| O|  |TAMS 0x0000000669400000, 0x0000000669000000| Untracked 
| 421|0x0000000669400000, 0x00000006697fffe8, 0x0000000669800000| 99%| O|  |TAMS 0x00000006697fffe8, 0x0000000669400000| Untracked 
| 422|0x0000000669800000, 0x0000000669bffff8, 0x0000000669c00000| 99%| O|  |TAMS 0x0000000669bffff8, 0x0000000669800000| Untracked 
| 423|0x0000000669c00000, 0x000000066a000000, 0x000000066a000000|100%| O|  |TAMS 0x000000066a000000, 0x0000000669c00000| Untracked 
| 424|0x000000066a000000, 0x000000066a400000, 0x000000066a400000|100%| O|  |TAMS 0x000000066a400000, 0x000000066a000000| Untracked 
| 425|0x000000066a400000, 0x000000066a800000, 0x000000066a800000|100%| O|  |TAMS 0x000000066a800000, 0x000000066a400000| Untracked 
| 426|0x000000066a800000, 0x000000066ac00000, 0x000000066ac00000|100%| O|  |TAMS 0x000000066ac00000, 0x000000066a800000| Untracked 
| 427|0x000000066ac00000, 0x000000066b000000, 0x000000066b000000|100%| O|  |TAMS 0x000000066b000000, 0x000000066ac00000| Untracked 
| 428|0x000000066b000000, 0x000000066b400000, 0x000000066b400000|100%| O|  |TAMS 0x000000066b400000, 0x000000066b000000| Untracked 
| 429|0x000000066b400000, 0x000000066b800000, 0x000000066b800000|100%| O|  |TAMS 0x000000066b800000, 0x000000066b400000| Untracked 
| 430|0x000000066b800000, 0x000000066bc00000, 0x000000066bc00000|100%| O|  |TAMS 0x000000066bc00000, 0x000000066b800000| Untracked 
| 431|0x000000066bc00000, 0x000000066c000000, 0x000000066c000000|100%| O|  |TAMS 0x000000066c000000, 0x000000066bc00000| Untracked 
| 432|0x000000066c000000, 0x000000066c400000, 0x000000066c400000|100%| O|  |TAMS 0x000000066c400000, 0x000000066c000000| Untracked 
| 433|0x000000066c400000, 0x000000066c800000, 0x000000066c800000|100%| O|  |TAMS 0x000000066c800000, 0x000000066c400000| Untracked 
| 434|0x000000066c800000, 0x000000066cc00000, 0x000000066cc00000|100%| O|  |TAMS 0x000000066cc00000, 0x000000066c800000| Untracked 
| 435|0x000000066cc00000, 0x000000066d000000, 0x000000066d000000|100%| O|  |TAMS 0x000000066d000000, 0x000000066cc00000| Untracked 
| 436|0x000000066d000000, 0x000000066d400000, 0x000000066d400000|100%| O|  |TAMS 0x000000066d400000, 0x000000066d000000| Untracked 
| 437|0x000000066d400000, 0x000000066d800000, 0x000000066d800000|100%| O|  |TAMS 0x000000066d800000, 0x000000066d400000| Untracked 
| 438|0x000000066d800000, 0x000000066dc00000, 0x000000066dc00000|100%| O|  |TAMS 0x000000066dc00000, 0x000000066d800000| Untracked 
| 439|0x000000066dc00000, 0x000000066e000000, 0x000000066e000000|100%| O|  |TAMS 0x000000066e000000, 0x000000066dc00000| Untracked 
| 440|0x000000066e000000, 0x000000066e400000, 0x000000066e400000|100%| O|  |TAMS 0x000000066e400000, 0x000000066e000000| Untracked 
| 441|0x000000066e400000, 0x000000066e800000, 0x000000066e800000|100%| O|  |TAMS 0x000000066e800000, 0x000000066e400000| Untracked 
| 442|0x000000066e800000, 0x000000066ebfffd8, 0x000000066ec00000| 99%| O|  |TAMS 0x000000066ebfffd8, 0x000000066e800000| Untracked 
| 443|0x000000066ec00000, 0x000000066f000000, 0x000000066f000000|100%|HS|  |TAMS 0x000000066f000000, 0x000000066ec00000| Untracked 
| 444|0x000000066f000000, 0x000000066f400000, 0x000000066f400000|100%|HC|  |TAMS 0x000000066f400000, 0x000000066f000000| Untracked 
| 445|0x000000066f400000, 0x000000066f800000, 0x000000066f800000|100%|HC|  |TAMS 0x000000066f800000, 0x000000066f400000| Untracked 
| 446|0x000000066f800000, 0x000000066fc00000, 0x000000066fc00000|100%| O|  |TAMS 0x000000066fc00000, 0x000000066f800000| Untracked 
| 447|0x000000066fc00000, 0x0000000670000000, 0x0000000670000000|100%| O|  |TAMS 0x0000000670000000, 0x000000066fc00000| Untracked 
| 448|0x0000000670000000, 0x0000000670400000, 0x0000000670400000|100%| O|  |TAMS 0x0000000670400000, 0x0000000670000000| Untracked 
| 449|0x0000000670400000, 0x0000000670800000, 0x0000000670800000|100%| O|  |TAMS 0x0000000670800000, 0x0000000670400000| Untracked 
| 450|0x0000000670800000, 0x0000000670c00000, 0x0000000670c00000|100%| O|  |TAMS 0x0000000670c00000, 0x0000000670800000| Untracked 
| 451|0x0000000670c00000, 0x0000000671000000, 0x0000000671000000|100%| O|  |TAMS 0x0000000671000000, 0x0000000670c00000| Untracked 
| 452|0x0000000671000000, 0x0000000671400000, 0x0000000671400000|100%| O|  |TAMS 0x0000000671400000, 0x0000000671000000| Untracked 
| 453|0x0000000671400000, 0x0000000671800000, 0x0000000671800000|100%| O|  |TAMS 0x0000000671800000, 0x0000000671400000| Untracked 
| 454|0x0000000671800000, 0x0000000671c00000, 0x0000000671c00000|100%| O|  |TAMS 0x0000000671c00000, 0x0000000671800000| Untracked 
| 455|0x0000000671c00000, 0x0000000672000000, 0x0000000672000000|100%| O|  |TAMS 0x0000000672000000, 0x0000000671c00000| Untracked 
| 456|0x0000000672000000, 0x0000000672400000, 0x0000000672400000|100%| O|  |TAMS 0x0000000672400000, 0x0000000672000000| Untracked 
| 457|0x0000000672400000, 0x0000000672800000, 0x0000000672800000|100%| O|  |TAMS 0x0000000672800000, 0x0000000672400000| Untracked 
| 458|0x0000000672800000, 0x0000000672bffff0, 0x0000000672c00000| 99%| O|  |TAMS 0x0000000672bffff0, 0x0000000672800000| Untracked 
| 459|0x0000000672c00000, 0x0000000672ffffe8, 0x0000000673000000| 99%| O|  |TAMS 0x0000000672ffffe8, 0x0000000672c00000| Untracked 
| 460|0x0000000673000000, 0x0000000673400000, 0x0000000673400000|100%| O|  |TAMS 0x0000000673400000, 0x0000000673000000| Untracked 
| 461|0x0000000673400000, 0x00000006737ffff8, 0x0000000673800000| 99%| O|  |TAMS 0x00000006737ffff8, 0x0000000673400000| Untracked 
| 462|0x0000000673800000, 0x0000000673bffb28, 0x0000000673c00000| 99%| O|  |TAMS 0x0000000673bffb28, 0x0000000673800000| Untracked 
| 463|0x0000000673c00000, 0x0000000673fffff0, 0x0000000674000000| 99%| O|  |TAMS 0x0000000673fffff0, 0x0000000673c00000| Untracked 
| 464|0x0000000674000000, 0x0000000674400000, 0x0000000674400000|100%| O|  |TAMS 0x0000000674400000, 0x0000000674000000| Untracked 
| 465|0x0000000674400000, 0x0000000674800000, 0x0000000674800000|100%| O|  |TAMS 0x0000000674800000, 0x0000000674400000| Untracked 
| 466|0x0000000674800000, 0x0000000674c00000, 0x0000000674c00000|100%| O|  |TAMS 0x0000000674c00000, 0x0000000674800000| Untracked 
| 467|0x0000000674c00000, 0x0000000675000000, 0x0000000675000000|100%| O|  |TAMS 0x0000000675000000, 0x0000000674c00000| Untracked 
| 468|0x0000000675000000, 0x0000000675400000, 0x0000000675400000|100%| O|  |TAMS 0x0000000675400000, 0x0000000675000000| Untracked 
| 469|0x0000000675400000, 0x0000000675800000, 0x0000000675800000|100%| O|  |TAMS 0x0000000675800000, 0x0000000675400000| Untracked 
| 470|0x0000000675800000, 0x0000000675c00000, 0x0000000675c00000|100%| O|  |TAMS 0x0000000675c00000, 0x0000000675800000| Untracked 
| 471|0x0000000675c00000, 0x0000000676000000, 0x0000000676000000|100%| O|  |TAMS 0x0000000676000000, 0x0000000675c00000| Untracked 
| 472|0x0000000676000000, 0x0000000676400000, 0x0000000676400000|100%| O|  |TAMS 0x0000000676400000, 0x0000000676000000| Untracked 
| 473|0x0000000676400000, 0x0000000676800000, 0x0000000676800000|100%| O|  |TAMS 0x0000000676800000, 0x0000000676400000| Untracked 
| 474|0x0000000676800000, 0x0000000676c00000, 0x0000000676c00000|100%| O|  |TAMS 0x0000000676c00000, 0x0000000676800000| Untracked 
| 475|0x0000000676c00000, 0x0000000677000000, 0x0000000677000000|100%| O|  |TAMS 0x0000000677000000, 0x0000000676c00000| Untracked 
| 476|0x0000000677000000, 0x0000000677400000, 0x0000000677400000|100%| O|  |TAMS 0x0000000677400000, 0x0000000677000000| Untracked 
| 477|0x0000000677400000, 0x0000000677800000, 0x0000000677800000|100%| O|  |TAMS 0x0000000677800000, 0x0000000677400000| Untracked 
| 478|0x0000000677800000, 0x0000000677c00000, 0x0000000677c00000|100%| O|  |TAMS 0x0000000677c00000, 0x0000000677800000| Untracked 
| 479|0x0000000677c00000, 0x0000000678000000, 0x0000000678000000|100%| O|  |TAMS 0x0000000678000000, 0x0000000677c00000| Untracked 
| 480|0x0000000678000000, 0x0000000678400000, 0x0000000678400000|100%| O|  |TAMS 0x0000000678400000, 0x0000000678000000| Untracked 
| 481|0x0000000678400000, 0x0000000678800000, 0x0000000678800000|100%| O|  |TAMS 0x0000000678800000, 0x0000000678400000| Untracked 
| 482|0x0000000678800000, 0x0000000678c00000, 0x0000000678c00000|100%| O|  |TAMS 0x0000000678c00000, 0x0000000678800000| Untracked 
| 483|0x0000000678c00000, 0x0000000679000000, 0x0000000679000000|100%| O|  |TAMS 0x0000000679000000, 0x0000000678c00000| Untracked 
| 484|0x0000000679000000, 0x0000000679400000, 0x0000000679400000|100%| O|  |TAMS 0x0000000679400000, 0x0000000679000000| Untracked 
| 485|0x0000000679400000, 0x0000000679800000, 0x0000000679800000|100%| O|  |TAMS 0x0000000679800000, 0x0000000679400000| Untracked 
| 486|0x0000000679800000, 0x0000000679c00000, 0x0000000679c00000|100%| O|  |TAMS 0x0000000679c00000, 0x0000000679800000| Untracked 
| 487|0x0000000679c00000, 0x000000067a000000, 0x000000067a000000|100%| O|  |TAMS 0x000000067a000000, 0x0000000679c00000| Untracked 
| 488|0x000000067a000000, 0x000000067a400000, 0x000000067a400000|100%| O|  |TAMS 0x000000067a400000, 0x000000067a000000| Untracked 
| 489|0x000000067a400000, 0x000000067a800000, 0x000000067a800000|100%| O|  |TAMS 0x000000067a800000, 0x000000067a400000| Untracked 
| 490|0x000000067a800000, 0x000000067ac00000, 0x000000067ac00000|100%| O|  |TAMS 0x000000067ac00000, 0x000000067a800000| Untracked 
| 491|0x000000067ac00000, 0x000000067b000000, 0x000000067b000000|100%| O|  |TAMS 0x000000067b000000, 0x000000067ac00000| Untracked 
| 492|0x000000067b000000, 0x000000067b400000, 0x000000067b400000|100%| O|  |TAMS 0x000000067b400000, 0x000000067b000000| Untracked 
| 493|0x000000067b400000, 0x000000067b800000, 0x000000067b800000|100%| O|  |TAMS 0x000000067b800000, 0x000000067b400000| Untracked 
| 494|0x000000067b800000, 0x000000067bc00000, 0x000000067bc00000|100%| O|  |TAMS 0x000000067bc00000, 0x000000067b800000| Untracked 
| 495|0x000000067bc00000, 0x000000067c000000, 0x000000067c000000|100%| O|  |TAMS 0x000000067c000000, 0x000000067bc00000| Untracked 
| 496|0x000000067c000000, 0x000000067c400000, 0x000000067c400000|100%| O|  |TAMS 0x000000067c400000, 0x000000067c000000| Untracked 
| 497|0x000000067c400000, 0x000000067c800000, 0x000000067c800000|100%| O|  |TAMS 0x000000067c800000, 0x000000067c400000| Untracked 
| 498|0x000000067c800000, 0x000000067cc00000, 0x000000067cc00000|100%| O|  |TAMS 0x000000067cc00000, 0x000000067c800000| Untracked 
| 499|0x000000067cc00000, 0x000000067d000000, 0x000000067d000000|100%| O|  |TAMS 0x000000067d000000, 0x000000067cc00000| Untracked 
| 500|0x000000067d000000, 0x000000067d400000, 0x000000067d400000|100%| O|  |TAMS 0x000000067d400000, 0x000000067d000000| Untracked 
| 501|0x000000067d400000, 0x000000067d7ffff0, 0x000000067d800000| 99%| O|  |TAMS 0x000000067d7ffff0, 0x000000067d400000| Untracked 
| 502|0x000000067d800000, 0x000000067dbffff0, 0x000000067dc00000| 99%| O|  |TAMS 0x000000067dbffff0, 0x000000067d800000| Untracked 
| 503|0x000000067dc00000, 0x000000067e000000, 0x000000067e000000|100%| O|  |TAMS 0x000000067e000000, 0x000000067dc00000| Untracked 
| 504|0x000000067e000000, 0x000000067e400000, 0x000000067e400000|100%| O|  |TAMS 0x000000067e400000, 0x000000067e000000| Untracked 
| 505|0x000000067e400000, 0x000000067e800000, 0x000000067e800000|100%| O|  |TAMS 0x000000067e800000, 0x000000067e400000| Untracked 
| 506|0x000000067e800000, 0x000000067ec00000, 0x000000067ec00000|100%| O|  |TAMS 0x000000067ec00000, 0x000000067e800000| Untracked 
| 507|0x000000067ec00000, 0x000000067f000000, 0x000000067f000000|100%| O|  |TAMS 0x000000067f000000, 0x000000067ec00000| Untracked 
| 508|0x000000067f000000, 0x000000067f400000, 0x000000067f400000|100%| O|  |TAMS 0x000000067f400000, 0x000000067f000000| Untracked 
| 509|0x000000067f400000, 0x000000067f800000, 0x000000067f800000|100%| O|  |TAMS 0x000000067f800000, 0x000000067f400000| Untracked 
| 510|0x000000067f800000, 0x000000067fc00000, 0x000000067fc00000|100%| O|  |TAMS 0x000000067fc00000, 0x000000067f800000| Untracked 
| 511|0x000000067fc00000, 0x0000000680000000, 0x0000000680000000|100%| O|  |TAMS 0x0000000680000000, 0x000000067fc00000| Untracked 
| 512|0x0000000680000000, 0x0000000680400000, 0x0000000680400000|100%| O|  |TAMS 0x0000000680400000, 0x0000000680000000| Untracked 
| 513|0x0000000680400000, 0x0000000680800000, 0x0000000680800000|100%| O|  |TAMS 0x0000000680800000, 0x0000000680400000| Untracked 
| 514|0x0000000680800000, 0x0000000680c00000, 0x0000000680c00000|100%| O|  |TAMS 0x0000000680c00000, 0x0000000680800000| Untracked 
| 515|0x0000000680c00000, 0x0000000681000000, 0x0000000681000000|100%| O|  |TAMS 0x0000000681000000, 0x0000000680c00000| Untracked 
| 516|0x0000000681000000, 0x0000000681400000, 0x0000000681400000|100%| O|  |TAMS 0x0000000681400000, 0x0000000681000000| Untracked 
| 517|0x0000000681400000, 0x0000000681800000, 0x0000000681800000|100%| O|  |TAMS 0x0000000681800000, 0x0000000681400000| Untracked 
| 518|0x0000000681800000, 0x0000000681c00000, 0x0000000681c00000|100%| O|  |TAMS 0x0000000681c00000, 0x0000000681800000| Untracked 
| 519|0x0000000681c00000, 0x0000000682000000, 0x0000000682000000|100%| O|  |TAMS 0x0000000682000000, 0x0000000681c00000| Untracked 
| 520|0x0000000682000000, 0x0000000682400000, 0x0000000682400000|100%| O|  |TAMS 0x0000000682400000, 0x0000000682000000| Untracked 
| 521|0x0000000682400000, 0x0000000682800000, 0x0000000682800000|100%| O|  |TAMS 0x0000000682800000, 0x0000000682400000| Untracked 
| 522|0x0000000682800000, 0x0000000682c00000, 0x0000000682c00000|100%| O|  |TAMS 0x0000000682c00000, 0x0000000682800000| Untracked 
| 523|0x0000000682c00000, 0x0000000683000000, 0x0000000683000000|100%| O|  |TAMS 0x0000000683000000, 0x0000000682c00000| Untracked 
| 524|0x0000000683000000, 0x0000000683400000, 0x0000000683400000|100%| O|  |TAMS 0x0000000683400000, 0x0000000683000000| Untracked 
| 525|0x0000000683400000, 0x00000006837ffff8, 0x0000000683800000| 99%| O|  |TAMS 0x00000006837ffff8, 0x0000000683400000| Untracked 
| 526|0x0000000683800000, 0x0000000683bfffd8, 0x0000000683c00000| 99%| O|  |TAMS 0x0000000683bfffd8, 0x0000000683800000| Untracked 
| 527|0x0000000683c00000, 0x0000000683fffb60, 0x0000000684000000| 99%| O|  |TAMS 0x0000000683fffb60, 0x0000000683c00000| Untracked 
| 528|0x0000000684000000, 0x0000000684400000, 0x0000000684400000|100%| O|  |TAMS 0x0000000684400000, 0x0000000684000000| Untracked 
| 529|0x0000000684400000, 0x0000000684800000, 0x0000000684800000|100%|HS|  |TAMS 0x0000000684800000, 0x0000000684400000| Untracked 
| 530|0x0000000684800000, 0x0000000684c00000, 0x0000000684c00000|100%|HC|  |TAMS 0x0000000684c00000, 0x0000000684800000| Untracked 
| 531|0x0000000684c00000, 0x0000000685000000, 0x0000000685000000|100%| O|  |TAMS 0x0000000685000000, 0x0000000684c00000| Untracked 
| 532|0x0000000685000000, 0x0000000685400000, 0x0000000685400000|100%| O|  |TAMS 0x0000000685400000, 0x0000000685000000| Untracked 
| 533|0x0000000685400000, 0x0000000685800000, 0x0000000685800000|100%| O|  |TAMS 0x0000000685800000, 0x0000000685400000| Untracked 
| 534|0x0000000685800000, 0x0000000685c00000, 0x0000000685c00000|100%| O|  |TAMS 0x0000000685c00000, 0x0000000685800000| Untracked 
| 535|0x0000000685c00000, 0x0000000686000000, 0x0000000686000000|100%| O|  |TAMS 0x0000000686000000, 0x0000000685c00000| Untracked 
| 536|0x0000000686000000, 0x0000000686400000, 0x0000000686400000|100%| O|  |TAMS 0x0000000686400000, 0x0000000686000000| Untracked 
| 537|0x0000000686400000, 0x0000000686800000, 0x0000000686800000|100%| O|  |TAMS 0x0000000686800000, 0x0000000686400000| Untracked 
| 538|0x0000000686800000, 0x0000000686c00000, 0x0000000686c00000|100%| O|  |TAMS 0x0000000686c00000, 0x0000000686800000| Untracked 
| 539|0x0000000686c00000, 0x0000000687000000, 0x0000000687000000|100%| O|  |TAMS 0x0000000687000000, 0x0000000686c00000| Untracked 
| 540|0x0000000687000000, 0x0000000687400000, 0x0000000687400000|100%| O|  |TAMS 0x0000000687400000, 0x0000000687000000| Untracked 
| 541|0x0000000687400000, 0x0000000687800000, 0x0000000687800000|100%| O|  |TAMS 0x0000000687800000, 0x0000000687400000| Untracked 
| 542|0x0000000687800000, 0x0000000687c00000, 0x0000000687c00000|100%| O|  |TAMS 0x0000000687c00000, 0x0000000687800000| Untracked 
| 543|0x0000000687c00000, 0x0000000688000000, 0x0000000688000000|100%| O|  |TAMS 0x0000000688000000, 0x0000000687c00000| Untracked 
| 544|0x0000000688000000, 0x0000000688400000, 0x0000000688400000|100%| O|  |TAMS 0x0000000688400000, 0x0000000688000000| Untracked 
| 545|0x0000000688400000, 0x0000000688800000, 0x0000000688800000|100%| O|  |TAMS 0x0000000688800000, 0x0000000688400000| Untracked 
| 546|0x0000000688800000, 0x0000000688c00000, 0x0000000688c00000|100%| O|  |TAMS 0x0000000688c00000, 0x0000000688800000| Untracked 
| 547|0x0000000688c00000, 0x0000000689000000, 0x0000000689000000|100%| O|  |TAMS 0x0000000689000000, 0x0000000688c00000| Untracked 
| 548|0x0000000689000000, 0x0000000689400000, 0x0000000689400000|100%| O|  |TAMS 0x0000000689400000, 0x0000000689000000| Untracked 
| 549|0x0000000689400000, 0x0000000689800000, 0x0000000689800000|100%| O|  |TAMS 0x0000000689800000, 0x0000000689400000| Untracked 
| 550|0x0000000689800000, 0x0000000689c00000, 0x0000000689c00000|100%| O|  |TAMS 0x0000000689c00000, 0x0000000689800000| Untracked 
| 551|0x0000000689c00000, 0x000000068a000000, 0x000000068a000000|100%| O|  |TAMS 0x000000068a000000, 0x0000000689c00000| Untracked 
| 552|0x000000068a000000, 0x000000068a400000, 0x000000068a400000|100%| O|  |TAMS 0x000000068a400000, 0x000000068a000000| Untracked 
| 553|0x000000068a400000, 0x000000068a800000, 0x000000068a800000|100%| O|  |TAMS 0x000000068a800000, 0x000000068a400000| Untracked 
| 554|0x000000068a800000, 0x000000068ac00000, 0x000000068ac00000|100%| O|  |TAMS 0x000000068ac00000, 0x000000068a800000| Untracked 
| 555|0x000000068ac00000, 0x000000068b000000, 0x000000068b000000|100%| O|  |TAMS 0x000000068b000000, 0x000000068ac00000| Untracked 
| 556|0x000000068b000000, 0x000000068b400000, 0x000000068b400000|100%| O|  |TAMS 0x000000068b400000, 0x000000068b000000| Untracked 
| 557|0x000000068b400000, 0x000000068b800000, 0x000000068b800000|100%| O|  |TAMS 0x000000068b800000, 0x000000068b400000| Untracked 
| 558|0x000000068b800000, 0x000000068bc00000, 0x000000068bc00000|100%| O|  |TAMS 0x000000068bc00000, 0x000000068b800000| Untracked 
| 559|0x000000068bc00000, 0x000000068c000000, 0x000000068c000000|100%| O|  |TAMS 0x000000068c000000, 0x000000068bc00000| Untracked 
| 560|0x000000068c000000, 0x000000068c400000, 0x000000068c400000|100%| O|  |TAMS 0x000000068c400000, 0x000000068c000000| Untracked 
| 561|0x000000068c400000, 0x000000068c800000, 0x000000068c800000|100%| O|  |TAMS 0x000000068c800000, 0x000000068c400000| Untracked 
| 562|0x000000068c800000, 0x000000068cc00000, 0x000000068cc00000|100%| O|  |TAMS 0x000000068cc00000, 0x000000068c800000| Untracked 
| 563|0x000000068cc00000, 0x000000068d000000, 0x000000068d000000|100%| O|  |TAMS 0x000000068d000000, 0x000000068cc00000| Untracked 
| 564|0x000000068d000000, 0x000000068d400000, 0x000000068d400000|100%| O|  |TAMS 0x000000068d400000, 0x000000068d000000| Untracked 
| 565|0x000000068d400000, 0x000000068d800000, 0x000000068d800000|100%| O|  |TAMS 0x000000068d800000, 0x000000068d400000| Untracked 
| 566|0x000000068d800000, 0x000000068dc00000, 0x000000068dc00000|100%| O|  |TAMS 0x000000068dc00000, 0x000000068d800000| Untracked 
| 567|0x000000068dc00000, 0x000000068e000000, 0x000000068e000000|100%| O|  |TAMS 0x000000068e000000, 0x000000068dc00000| Untracked 
| 568|0x000000068e000000, 0x000000068e400000, 0x000000068e400000|100%| O|  |TAMS 0x000000068e400000, 0x000000068e000000| Untracked 
| 569|0x000000068e400000, 0x000000068e800000, 0x000000068e800000|100%| O|  |TAMS 0x000000068e800000, 0x000000068e400000| Untracked 
| 570|0x000000068e800000, 0x000000068ec00000, 0x000000068ec00000|100%| O|  |TAMS 0x000000068ec00000, 0x000000068e800000| Untracked 
| 571|0x000000068ec00000, 0x000000068f000000, 0x000000068f000000|100%| O|  |TAMS 0x000000068f000000, 0x000000068ec00000| Untracked 
| 572|0x000000068f000000, 0x000000068f400000, 0x000000068f400000|100%| O|  |TAMS 0x000000068f400000, 0x000000068f000000| Untracked 
| 573|0x000000068f400000, 0x000000068f800000, 0x000000068f800000|100%| O|  |TAMS 0x000000068f800000, 0x000000068f400000| Untracked 
| 574|0x000000068f800000, 0x000000068fc00000, 0x000000068fc00000|100%| O|  |TAMS 0x000000068fc00000, 0x000000068f800000| Untracked 
| 575|0x000000068fc00000, 0x0000000690000000, 0x0000000690000000|100%| O|  |TAMS 0x0000000690000000, 0x000000068fc00000| Untracked 
| 576|0x0000000690000000, 0x0000000690400000, 0x0000000690400000|100%| O|  |TAMS 0x0000000690400000, 0x0000000690000000| Untracked 
| 577|0x0000000690400000, 0x0000000690800000, 0x0000000690800000|100%| O|  |TAMS 0x0000000690800000, 0x0000000690400000| Untracked 
| 578|0x0000000690800000, 0x0000000690c00000, 0x0000000690c00000|100%| O|  |TAMS 0x0000000690c00000, 0x0000000690800000| Untracked 
| 579|0x0000000690c00000, 0x0000000691000000, 0x0000000691000000|100%| O|  |TAMS 0x0000000691000000, 0x0000000690c00000| Untracked 
| 580|0x0000000691000000, 0x0000000691400000, 0x0000000691400000|100%| O|  |TAMS 0x0000000691400000, 0x0000000691000000| Untracked 
| 581|0x0000000691400000, 0x0000000691800000, 0x0000000691800000|100%| O|  |TAMS 0x0000000691800000, 0x0000000691400000| Untracked 
| 582|0x0000000691800000, 0x0000000691bffff8, 0x0000000691c00000| 99%| O|  |TAMS 0x0000000691bffff8, 0x0000000691800000| Untracked 
| 583|0x0000000691c00000, 0x0000000691ffffe8, 0x0000000692000000| 99%| O|  |TAMS 0x0000000691ffffe8, 0x0000000691c00000| Untracked 
| 584|0x0000000692000000, 0x00000006923ffff0, 0x0000000692400000| 99%| O|  |TAMS 0x00000006923ffff0, 0x0000000692000000| Untracked 
| 585|0x0000000692400000, 0x00000006927ffff8, 0x0000000692800000| 99%| O|  |TAMS 0x00000006927ffff8, 0x0000000692400000| Untracked 
| 586|0x0000000692800000, 0x0000000692c00000, 0x0000000692c00000|100%| O|  |TAMS 0x0000000692c00000, 0x0000000692800000| Untracked 
| 587|0x0000000692c00000, 0x0000000692c00000, 0x0000000693000000|  0%| F|  |TAMS 0x0000000692c00000, 0x0000000692c00000| Untracked 
| 588|0x0000000693000000, 0x00000006933fd440, 0x0000000693400000| 99%| O|  |TAMS 0x00000006933fd440, 0x0000000693000000| Untracked 
| 589|0x0000000693400000, 0x00000006937fff78, 0x0000000693800000| 99%| O|  |TAMS 0x00000006937fff78, 0x0000000693400000| Untracked 
| 590|0x0000000693800000, 0x0000000693800000, 0x0000000693c00000|  0%| F|  |TAMS 0x0000000693800000, 0x0000000693800000| Untracked 
| 591|0x0000000693c00000, 0x0000000694000000, 0x0000000694000000|100%| O|  |TAMS 0x0000000694000000, 0x0000000693c00000| Untracked 
| 592|0x0000000694000000, 0x00000006943fff98, 0x0000000694400000| 99%| O|  |TAMS 0x00000006943fff98, 0x0000000694000000| Untracked 
| 593|0x0000000694400000, 0x0000000694800000, 0x0000000694800000|100%| O|  |TAMS 0x0000000694800000, 0x0000000694400000| Untracked 
| 594|0x0000000694800000, 0x0000000694c00000, 0x0000000694c00000|100%| O|  |TAMS 0x0000000694c00000, 0x0000000694800000| Untracked 
| 595|0x0000000694c00000, 0x0000000695000000, 0x0000000695000000|100%| O|  |TAMS 0x0000000695000000, 0x0000000694c00000| Untracked 
| 596|0x0000000695000000, 0x0000000695400000, 0x0000000695400000|100%| O|  |TAMS 0x0000000695400000, 0x0000000695000000| Untracked 
| 597|0x0000000695400000, 0x0000000695800000, 0x0000000695800000|100%| O|  |TAMS 0x0000000695800000, 0x0000000695400000| Untracked 
| 598|0x0000000695800000, 0x0000000695c00000, 0x0000000695c00000|100%| O|  |TAMS 0x0000000695c00000, 0x0000000695800000| Untracked 
| 599|0x0000000695c00000, 0x0000000696000000, 0x0000000696000000|100%| O|  |TAMS 0x0000000696000000, 0x0000000695c00000| Untracked 
| 600|0x0000000696000000, 0x0000000696400000, 0x0000000696400000|100%| O|  |TAMS 0x0000000696400000, 0x0000000696000000| Untracked 
| 601|0x0000000696400000, 0x0000000696800000, 0x0000000696800000|100%| O|  |TAMS 0x0000000696800000, 0x0000000696400000| Untracked 
| 602|0x0000000696800000, 0x0000000696c00000, 0x0000000696c00000|100%| O|  |TAMS 0x0000000696c00000, 0x0000000696800000| Untracked 
| 603|0x0000000696c00000, 0x0000000697000000, 0x0000000697000000|100%|HS|  |TAMS 0x0000000697000000, 0x0000000696c00000| Complete 
| 604|0x0000000697000000, 0x00000006973fffe8, 0x0000000697400000| 99%| O|  |TAMS 0x00000006973fffe8, 0x0000000697000000| Untracked 
| 605|0x0000000697400000, 0x00000006977ffff0, 0x0000000697800000| 99%| O|  |TAMS 0x00000006977ffff0, 0x0000000697400000| Untracked 
| 606|0x0000000697800000, 0x0000000697c00000, 0x0000000697c00000|100%| O|  |TAMS 0x0000000697800000, 0x0000000697800000| Untracked 
| 607|0x0000000697c00000, 0x0000000698000000, 0x0000000698000000|100%| O|  |TAMS 0x0000000698000000, 0x0000000697c00000| Untracked 
| 608|0x0000000698000000, 0x0000000698400000, 0x0000000698400000|100%| O|  |TAMS 0x0000000698000000, 0x0000000698000000| Untracked 
| 609|0x0000000698400000, 0x00000006986d9b48, 0x0000000698800000| 71%| O|  |TAMS 0x00000006986d9b48, 0x0000000698400000| Untracked 
| 610|0x0000000698800000, 0x0000000698c00000, 0x0000000698c00000|100%| O|  |TAMS 0x0000000698c00000, 0x0000000698800000| Untracked 
| 611|0x0000000698c00000, 0x0000000699000000, 0x0000000699000000|100%| O|  |TAMS 0x0000000699000000, 0x0000000698c00000| Untracked 
| 612|0x0000000699000000, 0x0000000699400000, 0x0000000699400000|100%| O|  |TAMS 0x0000000699400000, 0x0000000699000000| Untracked 
| 613|0x0000000699400000, 0x0000000699800000, 0x0000000699800000|100%| O|  |TAMS 0x0000000699800000, 0x0000000699400000| Untracked 
| 614|0x0000000699800000, 0x0000000699c00000, 0x0000000699c00000|100%| O|  |TAMS 0x0000000699c00000, 0x0000000699800000| Untracked 
| 615|0x0000000699c00000, 0x000000069a000000, 0x000000069a000000|100%| O|  |TAMS 0x000000069a000000, 0x0000000699c00000| Untracked 
| 616|0x000000069a000000, 0x000000069a400000, 0x000000069a400000|100%| O|  |TAMS 0x000000069a400000, 0x000000069a000000| Untracked 
| 617|0x000000069a400000, 0x000000069a800000, 0x000000069a800000|100%| O|  |TAMS 0x000000069a800000, 0x000000069a400000| Untracked 
| 618|0x000000069a800000, 0x000000069ac00000, 0x000000069ac00000|100%| O|  |TAMS 0x000000069ac00000, 0x000000069a800000| Untracked 
| 619|0x000000069ac00000, 0x000000069b000000, 0x000000069b000000|100%| O|  |TAMS 0x000000069b000000, 0x000000069ac00000| Untracked 
| 620|0x000000069b000000, 0x000000069b400000, 0x000000069b400000|100%| O|  |TAMS 0x000000069b400000, 0x000000069b000000| Untracked 
| 621|0x000000069b400000, 0x000000069b800000, 0x000000069b800000|100%| O|  |TAMS 0x000000069b800000, 0x000000069b400000| Untracked 
| 622|0x000000069b800000, 0x000000069bc00000, 0x000000069bc00000|100%| O|  |TAMS 0x000000069bc00000, 0x000000069b800000| Untracked 
| 623|0x000000069bc00000, 0x000000069c000000, 0x000000069c000000|100%| O|  |TAMS 0x000000069c000000, 0x000000069bc00000| Untracked 
| 624|0x000000069c000000, 0x000000069c400000, 0x000000069c400000|100%| O|  |TAMS 0x000000069c400000, 0x000000069c000000| Untracked 
| 625|0x000000069c400000, 0x000000069c800000, 0x000000069c800000|100%| O|  |TAMS 0x000000069c800000, 0x000000069c400000| Untracked 
| 626|0x000000069c800000, 0x000000069cc00000, 0x000000069cc00000|100%| O|  |TAMS 0x000000069cc00000, 0x000000069c800000| Untracked 
| 627|0x000000069cc00000, 0x000000069d000000, 0x000000069d000000|100%| O|  |TAMS 0x000000069d000000, 0x000000069cc00000| Untracked 
| 628|0x000000069d000000, 0x000000069d400000, 0x000000069d400000|100%| O|  |TAMS 0x000000069d400000, 0x000000069d000000| Untracked 
| 629|0x000000069d400000, 0x000000069d800000, 0x000000069d800000|100%| O|  |TAMS 0x000000069d800000, 0x000000069d400000| Untracked 
| 630|0x000000069d800000, 0x000000069dc00000, 0x000000069dc00000|100%| O|  |TAMS 0x000000069dc00000, 0x000000069d800000| Untracked 
| 631|0x000000069dc00000, 0x000000069e000000, 0x000000069e000000|100%| O|  |TAMS 0x000000069e000000, 0x000000069dc00000| Untracked 
| 632|0x000000069e000000, 0x000000069e400000, 0x000000069e400000|100%| O|  |TAMS 0x000000069e400000, 0x000000069e000000| Untracked 
| 633|0x000000069e400000, 0x000000069e800000, 0x000000069e800000|100%| O|  |TAMS 0x000000069e800000, 0x000000069e400000| Untracked 
| 634|0x000000069e800000, 0x000000069ec00000, 0x000000069ec00000|100%| O|  |TAMS 0x000000069ec00000, 0x000000069e800000| Untracked 
| 635|0x000000069ec00000, 0x000000069f000000, 0x000000069f000000|100%| O|  |TAMS 0x000000069f000000, 0x000000069ec00000| Untracked 
| 636|0x000000069f000000, 0x000000069f3fffe8, 0x000000069f400000| 99%| O|  |TAMS 0x000000069f3fffe8, 0x000000069f000000| Untracked 
| 637|0x000000069f400000, 0x000000069f800000, 0x000000069f800000|100%| O|  |TAMS 0x000000069f800000, 0x000000069f400000| Untracked 
| 638|0x000000069f800000, 0x000000069fc00000, 0x000000069fc00000|100%| O|  |TAMS 0x000000069fc00000, 0x000000069f800000| Untracked 
| 639|0x000000069fc00000, 0x000000069fc00000, 0x00000006a0000000|  0%| F|  |TAMS 0x000000069fc00000, 0x000000069fc00000| Untracked 
| 640|0x00000006a0000000, 0x00000006a03a0f00, 0x00000006a0400000| 90%| O|  |TAMS 0x00000006a03a0f00, 0x00000006a0000000| Untracked 
| 641|0x00000006a0400000, 0x00000006a0400000, 0x00000006a0800000|  0%| F|  |TAMS 0x00000006a0400000, 0x00000006a0400000| Untracked 
| 642|0x00000006a0800000, 0x00000006a0c00000, 0x00000006a0c00000|100%| O|  |TAMS 0x00000006a0800000, 0x00000006a0800000| Untracked 
| 643|0x00000006a0c00000, 0x00000006a1000000, 0x00000006a1000000|100%| O|  |TAMS 0x00000006a1000000, 0x00000006a0c00000| Untracked 
| 644|0x00000006a1000000, 0x00000006a13ffff8, 0x00000006a1400000| 99%| O|  |TAMS 0x00000006a13ffff8, 0x00000006a1000000| Untracked 
| 645|0x00000006a1400000, 0x00000006a1800000, 0x00000006a1800000|100%| O|  |TAMS 0x00000006a1800000, 0x00000006a1400000| Untracked 
| 646|0x00000006a1800000, 0x00000006a1c00000, 0x00000006a1c00000|100%| O|  |TAMS 0x00000006a1c00000, 0x00000006a1800000| Untracked 
| 647|0x00000006a1c00000, 0x00000006a2000000, 0x00000006a2000000|100%| O|  |TAMS 0x00000006a1c00000, 0x00000006a1c00000| Untracked 
| 648|0x00000006a2000000, 0x00000006a2400000, 0x00000006a2400000|100%| O|  |TAMS 0x00000006a2400000, 0x00000006a2000000| Untracked 
| 649|0x00000006a2400000, 0x00000006a2800000, 0x00000006a2800000|100%| O|  |TAMS 0x00000006a2800000, 0x00000006a2400000| Untracked 
| 650|0x00000006a2800000, 0x00000006a2c00000, 0x00000006a2c00000|100%| O|  |TAMS 0x00000006a2c00000, 0x00000006a2800000| Untracked 
| 651|0x00000006a2c00000, 0x00000006a3000000, 0x00000006a3000000|100%| O|  |TAMS 0x00000006a3000000, 0x00000006a2c00000| Untracked 
| 652|0x00000006a3000000, 0x00000006a3400000, 0x00000006a3400000|100%| O|  |TAMS 0x00000006a3400000, 0x00000006a3000000| Untracked 
| 653|0x00000006a3400000, 0x00000006a3800000, 0x00000006a3800000|100%| O|  |TAMS 0x00000006a3800000, 0x00000006a3400000| Untracked 
| 654|0x00000006a3800000, 0x00000006a3c00000, 0x00000006a3c00000|100%| O|  |TAMS 0x00000006a3c00000, 0x00000006a3800000| Untracked 
| 655|0x00000006a3c00000, 0x00000006a4000000, 0x00000006a4000000|100%| O|  |TAMS 0x00000006a3c00000, 0x00000006a3c00000| Untracked 
| 656|0x00000006a4000000, 0x00000006a4400000, 0x00000006a4400000|100%| O|  |TAMS 0x00000006a4400000, 0x00000006a4000000| Untracked 
| 657|0x00000006a4400000, 0x00000006a4800000, 0x00000006a4800000|100%| O|  |TAMS 0x00000006a4800000, 0x00000006a4400000| Untracked 
| 658|0x00000006a4800000, 0x00000006a4c00000, 0x00000006a4c00000|100%| O|  |TAMS 0x00000006a4c00000, 0x00000006a4800000| Untracked 
| 659|0x00000006a4c00000, 0x00000006a5000000, 0x00000006a5000000|100%| O|  |TAMS 0x00000006a5000000, 0x00000006a4c00000| Untracked 
| 660|0x00000006a5000000, 0x00000006a5400000, 0x00000006a5400000|100%| O|  |TAMS 0x00000006a5400000, 0x00000006a5000000| Untracked 
| 661|0x00000006a5400000, 0x00000006a5800000, 0x00000006a5800000|100%| O|  |TAMS 0x00000006a5800000, 0x00000006a5400000| Untracked 
| 662|0x00000006a5800000, 0x00000006a5c00000, 0x00000006a5c00000|100%| O|  |TAMS 0x00000006a5c00000, 0x00000006a5800000| Untracked 
| 663|0x00000006a5c00000, 0x00000006a6000000, 0x00000006a6000000|100%| O|  |TAMS 0x00000006a6000000, 0x00000006a5c00000| Untracked 
| 664|0x00000006a6000000, 0x00000006a63ff318, 0x00000006a6400000| 99%| O|  |TAMS 0x00000006a63ff318, 0x00000006a6000000| Untracked 
| 665|0x00000006a6400000, 0x00000006a6800000, 0x00000006a6800000|100%| O|  |TAMS 0x00000006a6800000, 0x00000006a6400000| Untracked 
| 666|0x00000006a6800000, 0x00000006a6c00000, 0x00000006a6c00000|100%| O|  |TAMS 0x00000006a6c00000, 0x00000006a6800000| Untracked 
| 667|0x00000006a6c00000, 0x00000006a7000000, 0x00000006a7000000|100%| O|  |TAMS 0x00000006a7000000, 0x00000006a6c00000| Untracked 
| 668|0x00000006a7000000, 0x00000006a7400000, 0x00000006a7400000|100%| O|  |TAMS 0x00000006a7400000, 0x00000006a7000000| Untracked 
| 669|0x00000006a7400000, 0x00000006a7800000, 0x00000006a7800000|100%| O|  |TAMS 0x00000006a7800000, 0x00000006a7400000| Untracked 
| 670|0x00000006a7800000, 0x00000006a7c00000, 0x00000006a7c00000|100%| O|  |TAMS 0x00000006a7c00000, 0x00000006a7800000| Untracked 
| 671|0x00000006a7c00000, 0x00000006a8000000, 0x00000006a8000000|100%| O|  |TAMS 0x00000006a8000000, 0x00000006a7c00000| Untracked 
| 672|0x00000006a8000000, 0x00000006a8400000, 0x00000006a8400000|100%| O|  |TAMS 0x00000006a8400000, 0x00000006a8000000| Untracked 
| 673|0x00000006a8400000, 0x00000006a8800000, 0x00000006a8800000|100%|HS|  |TAMS 0x00000006a8800000, 0x00000006a8400000| Untracked 
| 674|0x00000006a8800000, 0x00000006a8c00000, 0x00000006a8c00000|100%|HC|  |TAMS 0x00000006a8c00000, 0x00000006a8800000| Untracked 
| 675|0x00000006a8c00000, 0x00000006a9000000, 0x00000006a9000000|100%| O|  |TAMS 0x00000006a9000000, 0x00000006a8c00000| Untracked 
| 676|0x00000006a9000000, 0x00000006a9400000, 0x00000006a9400000|100%| O|  |TAMS 0x00000006a9400000, 0x00000006a9000000| Untracked 
| 677|0x00000006a9400000, 0x00000006a9800000, 0x00000006a9800000|100%| O|  |TAMS 0x00000006a9800000, 0x00000006a9400000| Untracked 
| 678|0x00000006a9800000, 0x00000006a9c00000, 0x00000006a9c00000|100%| O|  |TAMS 0x00000006a9c00000, 0x00000006a9800000| Untracked 
| 679|0x00000006a9c00000, 0x00000006aa000000, 0x00000006aa000000|100%| O|  |TAMS 0x00000006aa000000, 0x00000006a9c00000| Untracked 
| 680|0x00000006aa000000, 0x00000006aa400000, 0x00000006aa400000|100%| O|  |TAMS 0x00000006aa400000, 0x00000006aa000000| Untracked 
| 681|0x00000006aa400000, 0x00000006aa800000, 0x00000006aa800000|100%| O|  |TAMS 0x00000006aa800000, 0x00000006aa400000| Untracked 
| 682|0x00000006aa800000, 0x00000006aac00000, 0x00000006aac00000|100%| O|  |TAMS 0x00000006aac00000, 0x00000006aa800000| Untracked 
| 683|0x00000006aac00000, 0x00000006ab000000, 0x00000006ab000000|100%| O|  |TAMS 0x00000006ab000000, 0x00000006aac00000| Untracked 
| 684|0x00000006ab000000, 0x00000006ab400000, 0x00000006ab400000|100%| O|  |TAMS 0x00000006ab400000, 0x00000006ab000000| Untracked 
| 685|0x00000006ab400000, 0x00000006ab800000, 0x00000006ab800000|100%| O|  |TAMS 0x00000006ab800000, 0x00000006ab400000| Untracked 
| 686|0x00000006ab800000, 0x00000006abc00000, 0x00000006abc00000|100%| O|  |TAMS 0x00000006abc00000, 0x00000006ab800000| Untracked 
| 687|0x00000006abc00000, 0x00000006ac000000, 0x00000006ac000000|100%| O|  |TAMS 0x00000006ac000000, 0x00000006abc00000| Untracked 
| 688|0x00000006ac000000, 0x00000006ac400000, 0x00000006ac400000|100%| O|  |TAMS 0x00000006ac400000, 0x00000006ac000000| Untracked 
| 689|0x00000006ac400000, 0x00000006ac800000, 0x00000006ac800000|100%| O|  |TAMS 0x00000006ac800000, 0x00000006ac400000| Untracked 
| 690|0x00000006ac800000, 0x00000006acc00000, 0x00000006acc00000|100%| O|  |TAMS 0x00000006acc00000, 0x00000006ac800000| Untracked 
| 691|0x00000006acc00000, 0x00000006ad000000, 0x00000006ad000000|100%| O|  |TAMS 0x00000006ad000000, 0x00000006acc00000| Untracked 
| 692|0x00000006ad000000, 0x00000006ad400000, 0x00000006ad400000|100%| O|  |TAMS 0x00000006ad400000, 0x00000006ad000000| Untracked 
| 693|0x00000006ad400000, 0x00000006ad800000, 0x00000006ad800000|100%| O|  |TAMS 0x00000006ad800000, 0x00000006ad400000| Untracked 
| 694|0x00000006ad800000, 0x00000006adc00000, 0x00000006adc00000|100%| O|  |TAMS 0x00000006adc00000, 0x00000006ad800000| Untracked 
| 695|0x00000006adc00000, 0x00000006ae000000, 0x00000006ae000000|100%| O|  |TAMS 0x00000006ae000000, 0x00000006adc00000| Untracked 
| 696|0x00000006ae000000, 0x00000006ae400000, 0x00000006ae400000|100%| O|  |TAMS 0x00000006ae400000, 0x00000006ae000000| Untracked 
| 697|0x00000006ae400000, 0x00000006ae800000, 0x00000006ae800000|100%| O|  |TAMS 0x00000006ae800000, 0x00000006ae400000| Untracked 
| 698|0x00000006ae800000, 0x00000006aec00000, 0x00000006aec00000|100%| O|  |TAMS 0x00000006aec00000, 0x00000006ae800000| Untracked 
| 699|0x00000006aec00000, 0x00000006af000000, 0x00000006af000000|100%| O|  |TAMS 0x00000006af000000, 0x00000006aec00000| Untracked 
| 700|0x00000006af000000, 0x00000006af400000, 0x00000006af400000|100%| O|  |TAMS 0x00000006af400000, 0x00000006af000000| Untracked 
| 701|0x00000006af400000, 0x00000006af800000, 0x00000006af800000|100%| O|  |TAMS 0x00000006af800000, 0x00000006af400000| Untracked 
| 702|0x00000006af800000, 0x00000006afc00000, 0x00000006afc00000|100%| O|  |TAMS 0x00000006afc00000, 0x00000006af800000| Untracked 
| 703|0x00000006afc00000, 0x00000006b0000000, 0x00000006b0000000|100%| O|  |TAMS 0x00000006b0000000, 0x00000006afc00000| Untracked 
| 704|0x00000006b0000000, 0x00000006b0400000, 0x00000006b0400000|100%| O|  |TAMS 0x00000006b0400000, 0x00000006b0000000| Untracked 
| 705|0x00000006b0400000, 0x00000006b0800000, 0x00000006b0800000|100%| O|  |TAMS 0x00000006b0800000, 0x00000006b0400000| Untracked 
| 706|0x00000006b0800000, 0x00000006b0c00000, 0x00000006b0c00000|100%| O|  |TAMS 0x00000006b0c00000, 0x00000006b0800000| Untracked 
| 707|0x00000006b0c00000, 0x00000006b1000000, 0x00000006b1000000|100%| O|  |TAMS 0x00000006b1000000, 0x00000006b0c00000| Untracked 
| 708|0x00000006b1000000, 0x00000006b1400000, 0x00000006b1400000|100%| O|  |TAMS 0x00000006b1400000, 0x00000006b1000000| Untracked 
| 709|0x00000006b1400000, 0x00000006b1800000, 0x00000006b1800000|100%| O|  |TAMS 0x00000006b1800000, 0x00000006b1400000| Untracked 
| 710|0x00000006b1800000, 0x00000006b1c00000, 0x00000006b1c00000|100%| O|  |TAMS 0x00000006b1c00000, 0x00000006b1800000| Untracked 
| 711|0x00000006b1c00000, 0x00000006b2000000, 0x00000006b2000000|100%| O|  |TAMS 0x00000006b2000000, 0x00000006b1c00000| Untracked 
| 712|0x00000006b2000000, 0x00000006b2400000, 0x00000006b2400000|100%| O|  |TAMS 0x00000006b2400000, 0x00000006b2000000| Untracked 
| 713|0x00000006b2400000, 0x00000006b2800000, 0x00000006b2800000|100%| O|  |TAMS 0x00000006b2800000, 0x00000006b2400000| Untracked 
| 714|0x00000006b2800000, 0x00000006b2c00000, 0x00000006b2c00000|100%| O|  |TAMS 0x00000006b2c00000, 0x00000006b2800000| Untracked 
| 715|0x00000006b2c00000, 0x00000006b3000000, 0x00000006b3000000|100%| O|  |TAMS 0x00000006b3000000, 0x00000006b2c00000| Untracked 
| 716|0x00000006b3000000, 0x00000006b3400000, 0x00000006b3400000|100%| O|  |TAMS 0x00000006b3400000, 0x00000006b3000000| Untracked 
| 717|0x00000006b3400000, 0x00000006b3800000, 0x00000006b3800000|100%| O|  |TAMS 0x00000006b3800000, 0x00000006b3400000| Untracked 
| 718|0x00000006b3800000, 0x00000006b3c00000, 0x00000006b3c00000|100%| O|  |TAMS 0x00000006b3c00000, 0x00000006b3800000| Untracked 
| 719|0x00000006b3c00000, 0x00000006b4000000, 0x00000006b4000000|100%| O|  |TAMS 0x00000006b4000000, 0x00000006b3c00000| Untracked 
| 720|0x00000006b4000000, 0x00000006b4400000, 0x00000006b4400000|100%| O|  |TAMS 0x00000006b4400000, 0x00000006b4000000| Untracked 
| 721|0x00000006b4400000, 0x00000006b4800000, 0x00000006b4800000|100%| O|  |TAMS 0x00000006b4800000, 0x00000006b4400000| Untracked 
| 722|0x00000006b4800000, 0x00000006b4c00000, 0x00000006b4c00000|100%| O|  |TAMS 0x00000006b4c00000, 0x00000006b4800000| Untracked 
| 723|0x00000006b4c00000, 0x00000006b5000000, 0x00000006b5000000|100%| O|  |TAMS 0x00000006b5000000, 0x00000006b4c00000| Untracked 
| 724|0x00000006b5000000, 0x00000006b5400000, 0x00000006b5400000|100%| O|  |TAMS 0x00000006b5400000, 0x00000006b5000000| Untracked 
| 725|0x00000006b5400000, 0x00000006b5800000, 0x00000006b5800000|100%| O|  |TAMS 0x00000006b5800000, 0x00000006b5400000| Untracked 
| 726|0x00000006b5800000, 0x00000006b5c00000, 0x00000006b5c00000|100%| O|  |TAMS 0x00000006b5c00000, 0x00000006b5800000| Untracked 
| 727|0x00000006b5c00000, 0x00000006b6000000, 0x00000006b6000000|100%| O|  |TAMS 0x00000006b6000000, 0x00000006b5c00000| Untracked 
| 728|0x00000006b6000000, 0x00000006b6400000, 0x00000006b6400000|100%| O|  |TAMS 0x00000006b6400000, 0x00000006b6000000| Untracked 
| 729|0x00000006b6400000, 0x00000006b6800000, 0x00000006b6800000|100%| O|  |TAMS 0x00000006b6800000, 0x00000006b6400000| Untracked 
| 730|0x00000006b6800000, 0x00000006b6bff100, 0x00000006b6c00000| 99%| O|  |TAMS 0x00000006b6bff100, 0x00000006b6800000| Untracked 
| 731|0x00000006b6c00000, 0x00000006b7000000, 0x00000006b7000000|100%| O|  |TAMS 0x00000006b7000000, 0x00000006b6c00000| Untracked 
| 732|0x00000006b7000000, 0x00000006b7400000, 0x00000006b7400000|100%| O|  |TAMS 0x00000006b7400000, 0x00000006b7000000| Untracked 
| 733|0x00000006b7400000, 0x00000006b768f2b0, 0x00000006b7800000| 63%| O|  |TAMS 0x00000006b768f2b0, 0x00000006b7400000| Untracked 
| 734|0x00000006b7800000, 0x00000006b7c00000, 0x00000006b7c00000|100%| O|  |TAMS 0x00000006b7c00000, 0x00000006b7800000| Untracked 
| 735|0x00000006b7c00000, 0x00000006b8000000, 0x00000006b8000000|100%| O|  |TAMS 0x00000006b8000000, 0x00000006b7c00000| Untracked 
| 736|0x00000006b8000000, 0x00000006b8400000, 0x00000006b8400000|100%| O|  |TAMS 0x00000006b8400000, 0x00000006b8000000| Untracked 
| 737|0x00000006b8400000, 0x00000006b8800000, 0x00000006b8800000|100%| O|  |TAMS 0x00000006b8800000, 0x00000006b8400000| Untracked 
| 738|0x00000006b8800000, 0x00000006b8c00000, 0x00000006b8c00000|100%| O|  |TAMS 0x00000006b8c00000, 0x00000006b8800000| Untracked 
| 739|0x00000006b8c00000, 0x00000006b9000000, 0x00000006b9000000|100%| O|  |TAMS 0x00000006b9000000, 0x00000006b8c00000| Untracked 
| 740|0x00000006b9000000, 0x00000006b9400000, 0x00000006b9400000|100%| O|  |TAMS 0x00000006b9400000, 0x00000006b9000000| Untracked 
| 741|0x00000006b9400000, 0x00000006b9800000, 0x00000006b9800000|100%| O|  |TAMS 0x00000006b9800000, 0x00000006b9400000| Untracked 
| 742|0x00000006b9800000, 0x00000006b9c00000, 0x00000006b9c00000|100%| O|  |TAMS 0x00000006b9c00000, 0x00000006b9800000| Untracked 
| 743|0x00000006b9c00000, 0x00000006ba000000, 0x00000006ba000000|100%| O|  |TAMS 0x00000006ba000000, 0x00000006b9c00000| Untracked 
| 744|0x00000006ba000000, 0x00000006ba400000, 0x00000006ba400000|100%| O|  |TAMS 0x00000006ba400000, 0x00000006ba000000| Untracked 
| 745|0x00000006ba400000, 0x00000006ba800000, 0x00000006ba800000|100%| O|  |TAMS 0x00000006ba800000, 0x00000006ba400000| Untracked 
| 746|0x00000006ba800000, 0x00000006bac00000, 0x00000006bac00000|100%| O|  |TAMS 0x00000006bac00000, 0x00000006ba800000| Untracked 
| 747|0x00000006bac00000, 0x00000006bb000000, 0x00000006bb000000|100%| O|  |TAMS 0x00000006bb000000, 0x00000006bac00000| Untracked 
| 748|0x00000006bb000000, 0x00000006bb400000, 0x00000006bb400000|100%| O|  |TAMS 0x00000006bb400000, 0x00000006bb000000| Untracked 
| 749|0x00000006bb400000, 0x00000006bb800000, 0x00000006bb800000|100%| O|  |TAMS 0x00000006bb800000, 0x00000006bb400000| Untracked 
| 750|0x00000006bb800000, 0x00000006bbc00000, 0x00000006bbc00000|100%| O|  |TAMS 0x00000006bbc00000, 0x00000006bb800000| Untracked 
| 751|0x00000006bbc00000, 0x00000006bc000000, 0x00000006bc000000|100%| O|  |TAMS 0x00000006bc000000, 0x00000006bbc00000| Untracked 
| 752|0x00000006bc000000, 0x00000006bc400000, 0x00000006bc400000|100%| O|  |TAMS 0x00000006bc400000, 0x00000006bc000000| Untracked 
| 753|0x00000006bc400000, 0x00000006bc800000, 0x00000006bc800000|100%| O|  |TAMS 0x00000006bc800000, 0x00000006bc400000| Untracked 
| 754|0x00000006bc800000, 0x00000006bcc00000, 0x00000006bcc00000|100%| O|  |TAMS 0x00000006bcc00000, 0x00000006bc800000| Untracked 
| 755|0x00000006bcc00000, 0x00000006bd000000, 0x00000006bd000000|100%| O|  |TAMS 0x00000006bd000000, 0x00000006bcc00000| Untracked 
| 756|0x00000006bd000000, 0x00000006bd400000, 0x00000006bd400000|100%| O|  |TAMS 0x00000006bd400000, 0x00000006bd000000| Untracked 
| 757|0x00000006bd400000, 0x00000006bd800000, 0x00000006bd800000|100%| O|  |TAMS 0x00000006bd800000, 0x00000006bd400000| Untracked 
| 758|0x00000006bd800000, 0x00000006bdc00000, 0x00000006bdc00000|100%| O|  |TAMS 0x00000006bdc00000, 0x00000006bd800000| Untracked 
| 759|0x00000006bdc00000, 0x00000006be000000, 0x00000006be000000|100%| O|  |TAMS 0x00000006be000000, 0x00000006bdc00000| Untracked 
| 760|0x00000006be000000, 0x00000006be400000, 0x00000006be400000|100%| O|  |TAMS 0x00000006be400000, 0x00000006be000000| Untracked 
| 761|0x00000006be400000, 0x00000006be800000, 0x00000006be800000|100%| O|  |TAMS 0x00000006be800000, 0x00000006be400000| Untracked 
| 762|0x00000006be800000, 0x00000006bec00000, 0x00000006bec00000|100%| O|  |TAMS 0x00000006bec00000, 0x00000006be800000| Untracked 
| 763|0x00000006bec00000, 0x00000006befed360, 0x00000006bf000000| 98%| O|  |TAMS 0x00000006befed360, 0x00000006bec00000| Untracked 
| 764|0x00000006bf000000, 0x00000006bf400000, 0x00000006bf400000|100%| O|  |TAMS 0x00000006bf400000, 0x00000006bf000000| Untracked 
| 765|0x00000006bf400000, 0x00000006bf800000, 0x00000006bf800000|100%| O|  |TAMS 0x00000006bf800000, 0x00000006bf400000| Untracked 
| 766|0x00000006bf800000, 0x00000006bfc00000, 0x00000006bfc00000|100%| O|  |TAMS 0x00000006bfc00000, 0x00000006bf800000| Untracked 
| 767|0x00000006bfc00000, 0x00000006c0000000, 0x00000006c0000000|100%| O|  |TAMS 0x00000006c0000000, 0x00000006bfc00000| Untracked 
| 768|0x00000006c0000000, 0x00000006c0400000, 0x00000006c0400000|100%| O|  |TAMS 0x00000006c0400000, 0x00000006c0000000| Untracked 
| 769|0x00000006c0400000, 0x00000006c0800000, 0x00000006c0800000|100%| O|  |TAMS 0x00000006c0800000, 0x00000006c0400000| Untracked 
| 770|0x00000006c0800000, 0x00000006c0c00000, 0x00000006c0c00000|100%| O|  |TAMS 0x00000006c0c00000, 0x00000006c0800000| Untracked 
| 771|0x00000006c0c00000, 0x00000006c1000000, 0x00000006c1000000|100%| O|  |TAMS 0x00000006c1000000, 0x00000006c0c00000| Untracked 
| 772|0x00000006c1000000, 0x00000006c1400000, 0x00000006c1400000|100%| O|  |TAMS 0x00000006c1400000, 0x00000006c1000000| Untracked 
| 773|0x00000006c1400000, 0x00000006c1800000, 0x00000006c1800000|100%| O|  |TAMS 0x00000006c1800000, 0x00000006c1400000| Untracked 
| 774|0x00000006c1800000, 0x00000006c1c00000, 0x00000006c1c00000|100%| O|  |TAMS 0x00000006c1c00000, 0x00000006c1800000| Untracked 
| 775|0x00000006c1c00000, 0x00000006c2000000, 0x00000006c2000000|100%| O|  |TAMS 0x00000006c2000000, 0x00000006c1c00000| Untracked 
| 776|0x00000006c2000000, 0x00000006c2400000, 0x00000006c2400000|100%| O|  |TAMS 0x00000006c2400000, 0x00000006c2000000| Untracked 
| 777|0x00000006c2400000, 0x00000006c2800000, 0x00000006c2800000|100%| O|  |TAMS 0x00000006c2800000, 0x00000006c2400000| Untracked 
| 778|0x00000006c2800000, 0x00000006c2c00000, 0x00000006c2c00000|100%| O|  |TAMS 0x00000006c2c00000, 0x00000006c2800000| Untracked 
| 779|0x00000006c2c00000, 0x00000006c3000000, 0x00000006c3000000|100%| O|  |TAMS 0x00000006c3000000, 0x00000006c2c00000| Untracked 
| 780|0x00000006c3000000, 0x00000006c3400000, 0x00000006c3400000|100%| O|  |TAMS 0x00000006c3000000, 0x00000006c3000000| Untracked 
| 781|0x00000006c3400000, 0x00000006c3800000, 0x00000006c3800000|100%| O|  |TAMS 0x00000006c3800000, 0x00000006c3400000| Untracked 
| 782|0x00000006c3800000, 0x00000006c3c00000, 0x00000006c3c00000|100%| O|  |TAMS 0x00000006c3c00000, 0x00000006c3800000| Untracked 
| 783|0x00000006c3c00000, 0x00000006c4000000, 0x00000006c4000000|100%| O|  |TAMS 0x00000006c4000000, 0x00000006c3c00000| Untracked 
| 784|0x00000006c4000000, 0x00000006c4400000, 0x00000006c4400000|100%| O|  |TAMS 0x00000006c4400000, 0x00000006c4000000| Untracked 
| 785|0x00000006c4400000, 0x00000006c4800000, 0x00000006c4800000|100%| O|  |TAMS 0x00000006c4800000, 0x00000006c4400000| Untracked 
| 786|0x00000006c4800000, 0x00000006c4c00000, 0x00000006c4c00000|100%| O|  |TAMS 0x00000006c4c00000, 0x00000006c4800000| Untracked 
| 787|0x00000006c4c00000, 0x00000006c5000000, 0x00000006c5000000|100%| O|  |TAMS 0x00000006c5000000, 0x00000006c4c00000| Untracked 
| 788|0x00000006c5000000, 0x00000006c5400000, 0x00000006c5400000|100%| O|  |TAMS 0x00000006c5400000, 0x00000006c5000000| Untracked 
| 789|0x00000006c5400000, 0x00000006c5800000, 0x00000006c5800000|100%| O|  |TAMS 0x00000006c5800000, 0x00000006c5400000| Untracked 
| 790|0x00000006c5800000, 0x00000006c5c00000, 0x00000006c5c00000|100%| O|  |TAMS 0x00000006c5c00000, 0x00000006c5800000| Untracked 
| 791|0x00000006c5c00000, 0x00000006c6000000, 0x00000006c6000000|100%| O|  |TAMS 0x00000006c6000000, 0x00000006c5c00000| Untracked 
| 792|0x00000006c6000000, 0x00000006c6400000, 0x00000006c6400000|100%| O|  |TAMS 0x00000006c6400000, 0x00000006c6000000| Untracked 
| 793|0x00000006c6400000, 0x00000006c6800000, 0x00000006c6800000|100%| O|  |TAMS 0x00000006c6800000, 0x00000006c6400000| Untracked 
| 794|0x00000006c6800000, 0x00000006c6c00000, 0x00000006c6c00000|100%| O|  |TAMS 0x00000006c6c00000, 0x00000006c6800000| Untracked 
| 795|0x00000006c6c00000, 0x00000006c7000000, 0x00000006c7000000|100%| O|  |TAMS 0x00000006c7000000, 0x00000006c6c00000| Untracked 
| 796|0x00000006c7000000, 0x00000006c7400000, 0x00000006c7400000|100%| O|  |TAMS 0x00000006c7400000, 0x00000006c7000000| Untracked 
| 797|0x00000006c7400000, 0x00000006c7800000, 0x00000006c7800000|100%| O|  |TAMS 0x00000006c7800000, 0x00000006c7400000| Untracked 
| 798|0x00000006c7800000, 0x00000006c7c00000, 0x00000006c7c00000|100%| O|  |TAMS 0x00000006c7c00000, 0x00000006c7800000| Untracked 
| 799|0x00000006c7c00000, 0x00000006c8000000, 0x00000006c8000000|100%| O|  |TAMS 0x00000006c8000000, 0x00000006c7c00000| Untracked 
| 800|0x00000006c8000000, 0x00000006c8400000, 0x00000006c8400000|100%| O|  |TAMS 0x00000006c8400000, 0x00000006c8000000| Untracked 
| 801|0x00000006c8400000, 0x00000006c8800000, 0x00000006c8800000|100%| O|  |TAMS 0x00000006c8800000, 0x00000006c8400000| Untracked 
| 802|0x00000006c8800000, 0x00000006c8c00000, 0x00000006c8c00000|100%| O|  |TAMS 0x00000006c8c00000, 0x00000006c8800000| Untracked 
| 803|0x00000006c8c00000, 0x00000006c9000000, 0x00000006c9000000|100%| O|  |TAMS 0x00000006c9000000, 0x00000006c8c00000| Untracked 
| 804|0x00000006c9000000, 0x00000006c9400000, 0x00000006c9400000|100%| O|  |TAMS 0x00000006c9400000, 0x00000006c9000000| Untracked 
| 805|0x00000006c9400000, 0x00000006c9800000, 0x00000006c9800000|100%| O|  |TAMS 0x00000006c9800000, 0x00000006c9400000| Untracked 
| 806|0x00000006c9800000, 0x00000006c9c00000, 0x00000006c9c00000|100%| O|  |TAMS 0x00000006c9c00000, 0x00000006c9800000| Untracked 
| 807|0x00000006c9c00000, 0x00000006ca000000, 0x00000006ca000000|100%| O|  |TAMS 0x00000006c9c00000, 0x00000006c9c00000| Untracked 
| 808|0x00000006ca000000, 0x00000006ca400000, 0x00000006ca400000|100%| O|  |TAMS 0x00000006ca400000, 0x00000006ca000000| Untracked 
| 809|0x00000006ca400000, 0x00000006ca800000, 0x00000006ca800000|100%| O|  |TAMS 0x00000006ca800000, 0x00000006ca400000| Untracked 
| 810|0x00000006ca800000, 0x00000006cac00000, 0x00000006cac00000|100%| O|  |TAMS 0x00000006cac00000, 0x00000006ca800000| Untracked 
| 811|0x00000006cac00000, 0x00000006cb000000, 0x00000006cb000000|100%| O|  |TAMS 0x00000006cb000000, 0x00000006cac00000| Untracked 
| 812|0x00000006cb000000, 0x00000006cb400000, 0x00000006cb400000|100%| O|  |TAMS 0x00000006cb400000, 0x00000006cb000000| Untracked 
| 813|0x00000006cb400000, 0x00000006cb800000, 0x00000006cb800000|100%| O|  |TAMS 0x00000006cb800000, 0x00000006cb400000| Untracked 
| 814|0x00000006cb800000, 0x00000006cbc00000, 0x00000006cbc00000|100%| O|  |TAMS 0x00000006cbc00000, 0x00000006cb800000| Untracked 
| 815|0x00000006cbc00000, 0x00000006cc000000, 0x00000006cc000000|100%| O|  |TAMS 0x00000006cc000000, 0x00000006cbc00000| Untracked 
| 816|0x00000006cc000000, 0x00000006cc400000, 0x00000006cc400000|100%| O|  |TAMS 0x00000006cc400000, 0x00000006cc000000| Untracked 
| 817|0x00000006cc400000, 0x00000006cc800000, 0x00000006cc800000|100%| O|  |TAMS 0x00000006cc800000, 0x00000006cc400000| Untracked 
| 818|0x00000006cc800000, 0x00000006ccc00000, 0x00000006ccc00000|100%| O|  |TAMS 0x00000006ccc00000, 0x00000006cc800000| Untracked 
| 819|0x00000006ccc00000, 0x00000006cd000000, 0x00000006cd000000|100%| O|  |TAMS 0x00000006cd000000, 0x00000006ccc00000| Untracked 
| 820|0x00000006cd000000, 0x00000006cd400000, 0x00000006cd400000|100%| O|  |TAMS 0x00000006cd400000, 0x00000006cd000000| Untracked 
| 821|0x00000006cd400000, 0x00000006cd800000, 0x00000006cd800000|100%| O|  |TAMS 0x00000006cd800000, 0x00000006cd400000| Untracked 
| 822|0x00000006cd800000, 0x00000006cdc00000, 0x00000006cdc00000|100%| O|  |TAMS 0x00000006cdc00000, 0x00000006cd800000| Untracked 
| 823|0x00000006cdc00000, 0x00000006ce000000, 0x00000006ce000000|100%| O|  |TAMS 0x00000006ce000000, 0x00000006cdc00000| Untracked 
| 824|0x00000006ce000000, 0x00000006ce400000, 0x00000006ce400000|100%| O|  |TAMS 0x00000006ce400000, 0x00000006ce000000| Untracked 
| 825|0x00000006ce400000, 0x00000006ce800000, 0x00000006ce800000|100%| O|  |TAMS 0x00000006ce800000, 0x00000006ce400000| Untracked 
| 826|0x00000006ce800000, 0x00000006cec00000, 0x00000006cec00000|100%| O|  |TAMS 0x00000006cec00000, 0x00000006ce800000| Untracked 
| 827|0x00000006cec00000, 0x00000006cf000000, 0x00000006cf000000|100%| O|  |TAMS 0x00000006cf000000, 0x00000006cec00000| Untracked 
| 828|0x00000006cf000000, 0x00000006cf400000, 0x00000006cf400000|100%| O|  |TAMS 0x00000006cf400000, 0x00000006cf000000| Untracked 
| 829|0x00000006cf400000, 0x00000006cf800000, 0x00000006cf800000|100%| O|  |TAMS 0x00000006cf800000, 0x00000006cf400000| Untracked 
| 830|0x00000006cf800000, 0x00000006cfc00000, 0x00000006cfc00000|100%| O|  |TAMS 0x00000006cfc00000, 0x00000006cf800000| Untracked 
| 831|0x00000006cfc00000, 0x00000006d0000000, 0x00000006d0000000|100%| O|  |TAMS 0x00000006d0000000, 0x00000006cfc00000| Untracked 
| 832|0x00000006d0000000, 0x00000006d0400000, 0x00000006d0400000|100%| O|  |TAMS 0x00000006d0400000, 0x00000006d0000000| Untracked 
| 833|0x00000006d0400000, 0x00000006d0800000, 0x00000006d0800000|100%| O|  |TAMS 0x00000006d0800000, 0x00000006d0400000| Untracked 
| 834|0x00000006d0800000, 0x00000006d0c00000, 0x00000006d0c00000|100%| O|  |TAMS 0x00000006d0c00000, 0x00000006d0800000| Untracked 
| 835|0x00000006d0c00000, 0x00000006d1000000, 0x00000006d1000000|100%| O|  |TAMS 0x00000006d1000000, 0x00000006d0c00000| Untracked 
| 836|0x00000006d1000000, 0x00000006d1400000, 0x00000006d1400000|100%| O|  |TAMS 0x00000006d1400000, 0x00000006d1000000| Untracked 
| 837|0x00000006d1400000, 0x00000006d1800000, 0x00000006d1800000|100%| O|  |TAMS 0x00000006d1800000, 0x00000006d1400000| Untracked 
| 838|0x00000006d1800000, 0x00000006d1c00000, 0x00000006d1c00000|100%| O|  |TAMS 0x00000006d1c00000, 0x00000006d1800000| Untracked 
| 839|0x00000006d1c00000, 0x00000006d2000000, 0x00000006d2000000|100%| O|  |TAMS 0x00000006d2000000, 0x00000006d1c00000| Untracked 
| 840|0x00000006d2000000, 0x00000006d2400000, 0x00000006d2400000|100%| O|  |TAMS 0x00000006d2400000, 0x00000006d2000000| Untracked 
| 841|0x00000006d2400000, 0x00000006d2800000, 0x00000006d2800000|100%| O|  |TAMS 0x00000006d2800000, 0x00000006d2400000| Untracked 
| 842|0x00000006d2800000, 0x00000006d2c00000, 0x00000006d2c00000|100%| O|  |TAMS 0x00000006d2c00000, 0x00000006d2800000| Untracked 
| 843|0x00000006d2c00000, 0x00000006d3000000, 0x00000006d3000000|100%| O|  |TAMS 0x00000006d3000000, 0x00000006d2c00000| Untracked 
| 844|0x00000006d3000000, 0x00000006d3400000, 0x00000006d3400000|100%| O|  |TAMS 0x00000006d3400000, 0x00000006d3000000| Untracked 
| 845|0x00000006d3400000, 0x00000006d3800000, 0x00000006d3800000|100%| O|  |TAMS 0x00000006d3800000, 0x00000006d3400000| Untracked 
| 846|0x00000006d3800000, 0x00000006d3c00000, 0x00000006d3c00000|100%| O|  |TAMS 0x00000006d3c00000, 0x00000006d3800000| Untracked 
| 847|0x00000006d3c00000, 0x00000006d4000000, 0x00000006d4000000|100%| O|  |TAMS 0x00000006d4000000, 0x00000006d3c00000| Untracked 
| 848|0x00000006d4000000, 0x00000006d4400000, 0x00000006d4400000|100%| O|  |TAMS 0x00000006d4400000, 0x00000006d4000000| Untracked 
| 849|0x00000006d4400000, 0x00000006d4800000, 0x00000006d4800000|100%| O|  |TAMS 0x00000006d4800000, 0x00000006d4400000| Untracked 
| 850|0x00000006d4800000, 0x00000006d4c00000, 0x00000006d4c00000|100%| O|  |TAMS 0x00000006d4c00000, 0x00000006d4800000| Untracked 
| 851|0x00000006d4c00000, 0x00000006d5000000, 0x00000006d5000000|100%| O|  |TAMS 0x00000006d5000000, 0x00000006d4c00000| Untracked 
| 852|0x00000006d5000000, 0x00000006d5400000, 0x00000006d5400000|100%| O|  |TAMS 0x00000006d5400000, 0x00000006d5000000| Untracked 
| 853|0x00000006d5400000, 0x00000006d5800000, 0x00000006d5800000|100%| O|  |TAMS 0x00000006d5800000, 0x00000006d5400000| Untracked 
| 854|0x00000006d5800000, 0x00000006d5c00000, 0x00000006d5c00000|100%| O|  |TAMS 0x00000006d5c00000, 0x00000006d5800000| Untracked 
| 855|0x00000006d5c00000, 0x00000006d6000000, 0x00000006d6000000|100%| O|  |TAMS 0x00000006d6000000, 0x00000006d5c00000| Untracked 
| 856|0x00000006d6000000, 0x00000006d6400000, 0x00000006d6400000|100%| O|  |TAMS 0x00000006d6400000, 0x00000006d6000000| Untracked 
| 857|0x00000006d6400000, 0x00000006d6800000, 0x00000006d6800000|100%| O|  |TAMS 0x00000006d6800000, 0x00000006d6400000| Untracked 
| 858|0x00000006d6800000, 0x00000006d6c00000, 0x00000006d6c00000|100%| O|  |TAMS 0x00000006d6c00000, 0x00000006d6800000| Untracked 
| 859|0x00000006d6c00000, 0x00000006d7000000, 0x00000006d7000000|100%| O|  |TAMS 0x00000006d7000000, 0x00000006d6c00000| Untracked 
| 860|0x00000006d7000000, 0x00000006d7400000, 0x00000006d7400000|100%| O|  |TAMS 0x00000006d7400000, 0x00000006d7000000| Untracked 
| 861|0x00000006d7400000, 0x00000006d7800000, 0x00000006d7800000|100%| O|  |TAMS 0x00000006d7800000, 0x00000006d7400000| Untracked 
| 862|0x00000006d7800000, 0x00000006d7c00000, 0x00000006d7c00000|100%| O|  |TAMS 0x00000006d7c00000, 0x00000006d7800000| Untracked 
| 863|0x00000006d7c00000, 0x00000006d8000000, 0x00000006d8000000|100%| O|  |TAMS 0x00000006d8000000, 0x00000006d7c00000| Untracked 
| 864|0x00000006d8000000, 0x00000006d8400000, 0x00000006d8400000|100%| O|  |TAMS 0x00000006d8400000, 0x00000006d8000000| Untracked 
| 865|0x00000006d8400000, 0x00000006d8800000, 0x00000006d8800000|100%| O|  |TAMS 0x00000006d8800000, 0x00000006d8400000| Untracked 
| 866|0x00000006d8800000, 0x00000006d8c00000, 0x00000006d8c00000|100%| O|  |TAMS 0x00000006d8c00000, 0x00000006d8800000| Untracked 
| 867|0x00000006d8c00000, 0x00000006d9000000, 0x00000006d9000000|100%| O|  |TAMS 0x00000006d9000000, 0x00000006d8c00000| Untracked 
| 868|0x00000006d9000000, 0x00000006d9400000, 0x00000006d9400000|100%| O|  |TAMS 0x00000006d9400000, 0x00000006d9000000| Untracked 
| 869|0x00000006d9400000, 0x00000006d9800000, 0x00000006d9800000|100%| O|  |TAMS 0x00000006d9800000, 0x00000006d9400000| Untracked 
| 870|0x00000006d9800000, 0x00000006d9c00000, 0x00000006d9c00000|100%| O|  |TAMS 0x00000006d9c00000, 0x00000006d9800000| Untracked 
| 871|0x00000006d9c00000, 0x00000006da000000, 0x00000006da000000|100%| O|  |TAMS 0x00000006da000000, 0x00000006d9c00000| Untracked 
| 872|0x00000006da000000, 0x00000006da400000, 0x00000006da400000|100%| O|  |TAMS 0x00000006da400000, 0x00000006da000000| Untracked 
| 873|0x00000006da400000, 0x00000006da800000, 0x00000006da800000|100%| O|  |TAMS 0x00000006da800000, 0x00000006da400000| Untracked 
| 874|0x00000006da800000, 0x00000006dac00000, 0x00000006dac00000|100%| O|  |TAMS 0x00000006dac00000, 0x00000006da800000| Untracked 
| 875|0x00000006dac00000, 0x00000006db000000, 0x00000006db000000|100%| O|  |TAMS 0x00000006db000000, 0x00000006dac00000| Untracked 
| 876|0x00000006db000000, 0x00000006db400000, 0x00000006db400000|100%| O|  |TAMS 0x00000006db400000, 0x00000006db000000| Untracked 
| 877|0x00000006db400000, 0x00000006db800000, 0x00000006db800000|100%| O|  |TAMS 0x00000006db800000, 0x00000006db400000| Untracked 
| 878|0x00000006db800000, 0x00000006dbc00000, 0x00000006dbc00000|100%| O|  |TAMS 0x00000006dbc00000, 0x00000006db800000| Untracked 
| 879|0x00000006dbc00000, 0x00000006dc000000, 0x00000006dc000000|100%| O|  |TAMS 0x00000006dc000000, 0x00000006dbc00000| Untracked 
| 880|0x00000006dc000000, 0x00000006dc400000, 0x00000006dc400000|100%| O|  |TAMS 0x00000006dc400000, 0x00000006dc000000| Untracked 
| 881|0x00000006dc400000, 0x00000006dc800000, 0x00000006dc800000|100%| O|  |TAMS 0x00000006dc800000, 0x00000006dc400000| Untracked 
| 882|0x00000006dc800000, 0x00000006dcc00000, 0x00000006dcc00000|100%| O|  |TAMS 0x00000006dcc00000, 0x00000006dc800000| Untracked 
| 883|0x00000006dcc00000, 0x00000006dd000000, 0x00000006dd000000|100%| O|  |TAMS 0x00000006dd000000, 0x00000006dcc00000| Untracked 
| 884|0x00000006dd000000, 0x00000006dd400000, 0x00000006dd400000|100%| O|  |TAMS 0x00000006dd400000, 0x00000006dd000000| Untracked 
| 885|0x00000006dd400000, 0x00000006dd800000, 0x00000006dd800000|100%| O|  |TAMS 0x00000006dd800000, 0x00000006dd400000| Untracked 
| 886|0x00000006dd800000, 0x00000006ddc00000, 0x00000006ddc00000|100%| O|  |TAMS 0x00000006ddc00000, 0x00000006dd800000| Untracked 
| 887|0x00000006ddc00000, 0x00000006de000000, 0x00000006de000000|100%| O|  |TAMS 0x00000006de000000, 0x00000006ddc00000| Untracked 
| 888|0x00000006de000000, 0x00000006de400000, 0x00000006de400000|100%| O|  |TAMS 0x00000006de400000, 0x00000006de000000| Untracked 
| 889|0x00000006de400000, 0x00000006de800000, 0x00000006de800000|100%| O|  |TAMS 0x00000006de800000, 0x00000006de400000| Untracked 
| 890|0x00000006de800000, 0x00000006dec00000, 0x00000006dec00000|100%| O|  |TAMS 0x00000006dec00000, 0x00000006de800000| Untracked 
| 891|0x00000006dec00000, 0x00000006df000000, 0x00000006df000000|100%| O|  |TAMS 0x00000006df000000, 0x00000006dec00000| Untracked 
| 892|0x00000006df000000, 0x00000006df400000, 0x00000006df400000|100%| O|  |TAMS 0x00000006df400000, 0x00000006df000000| Untracked 
| 893|0x00000006df400000, 0x00000006df800000, 0x00000006df800000|100%| O|  |TAMS 0x00000006df800000, 0x00000006df400000| Untracked 
| 894|0x00000006df800000, 0x00000006dfc00000, 0x00000006dfc00000|100%| O|  |TAMS 0x00000006dfc00000, 0x00000006df800000| Untracked 
| 895|0x00000006dfc00000, 0x00000006e0000000, 0x00000006e0000000|100%| O|  |TAMS 0x00000006e0000000, 0x00000006dfc00000| Untracked 
| 896|0x00000006e0000000, 0x00000006e0000000, 0x00000006e0400000|  0%| F|  |TAMS 0x00000006e0000000, 0x00000006e0000000| Untracked 
| 897|0x00000006e0400000, 0x00000006e0800000, 0x00000006e0800000|100%| O|  |TAMS 0x00000006e0800000, 0x00000006e0400000| Untracked 
| 898|0x00000006e0800000, 0x00000006e0800000, 0x00000006e0c00000|  0%| F|  |TAMS 0x00000006e0800000, 0x00000006e0800000| Untracked 
| 899|0x00000006e0c00000, 0x00000006e1000000, 0x00000006e1000000|100%| O|  |TAMS 0x00000006e1000000, 0x00000006e0c00000| Untracked 
| 900|0x00000006e1000000, 0x00000006e1400000, 0x00000006e1400000|100%| O|  |TAMS 0x00000006e1400000, 0x00000006e1000000| Untracked 
| 901|0x00000006e1400000, 0x00000006e1800000, 0x00000006e1800000|100%| O|  |TAMS 0x00000006e1800000, 0x00000006e1400000| Untracked 
| 902|0x00000006e1800000, 0x00000006e1c00000, 0x00000006e1c00000|100%| O|  |TAMS 0x00000006e1800000, 0x00000006e1800000| Untracked 
| 903|0x00000006e1c00000, 0x00000006e2000000, 0x00000006e2000000|100%| O|  |TAMS 0x00000006e2000000, 0x00000006e1c00000| Untracked 
| 904|0x00000006e2000000, 0x00000006e2400000, 0x00000006e2400000|100%| O|  |TAMS 0x00000006e2400000, 0x00000006e2000000| Untracked 
| 905|0x00000006e2400000, 0x00000006e2800000, 0x00000006e2800000|100%| O|  |TAMS 0x00000006e2800000, 0x00000006e2400000| Untracked 
| 906|0x00000006e2800000, 0x00000006e2c00000, 0x00000006e2c00000|100%| O|  |TAMS 0x00000006e2c00000, 0x00000006e2800000| Untracked 
| 907|0x00000006e2c00000, 0x00000006e3000000, 0x00000006e3000000|100%| O|  |TAMS 0x00000006e3000000, 0x00000006e2c00000| Untracked 
| 908|0x00000006e3000000, 0x00000006e3400000, 0x00000006e3400000|100%| O|  |TAMS 0x00000006e3400000, 0x00000006e3000000| Untracked 
| 909|0x00000006e3400000, 0x00000006e3800000, 0x00000006e3800000|100%| O|  |TAMS 0x00000006e3800000, 0x00000006e3400000| Untracked 
| 910|0x00000006e3800000, 0x00000006e3c00000, 0x00000006e3c00000|100%| O|  |TAMS 0x00000006e3c00000, 0x00000006e3800000| Untracked 
| 911|0x00000006e3c00000, 0x00000006e4000000, 0x00000006e4000000|100%| O|  |TAMS 0x00000006e4000000, 0x00000006e3c00000| Untracked 
| 912|0x00000006e4000000, 0x00000006e4400000, 0x00000006e4400000|100%| O|  |TAMS 0x00000006e4400000, 0x00000006e4000000| Untracked 
| 913|0x00000006e4400000, 0x00000006e4800000, 0x00000006e4800000|100%| O|  |TAMS 0x00000006e4800000, 0x00000006e4400000| Untracked 
| 914|0x00000006e4800000, 0x00000006e4c00000, 0x00000006e4c00000|100%| O|  |TAMS 0x00000006e4c00000, 0x00000006e4800000| Untracked 
| 915|0x00000006e4c00000, 0x00000006e5000000, 0x00000006e5000000|100%| O|  |TAMS 0x00000006e5000000, 0x00000006e4c00000| Untracked 
| 916|0x00000006e5000000, 0x00000006e5400000, 0x00000006e5400000|100%| O|  |TAMS 0x00000006e5400000, 0x00000006e5000000| Untracked 
| 917|0x00000006e5400000, 0x00000006e5800000, 0x00000006e5800000|100%|HS|  |TAMS 0x00000006e5800000, 0x00000006e5400000| Complete 
| 918|0x00000006e5800000, 0x00000006e5c00000, 0x00000006e5c00000|100%| O|  |TAMS 0x00000006e5c00000, 0x00000006e5800000| Untracked 
| 919|0x00000006e5c00000, 0x00000006e5c00000, 0x00000006e6000000|  0%| F|  |TAMS 0x00000006e5c00000, 0x00000006e5c00000| Untracked 
| 920|0x00000006e6000000, 0x00000006e6400000, 0x00000006e6400000|100%| O|  |TAMS 0x00000006e6400000, 0x00000006e6000000| Untracked 
| 921|0x00000006e6400000, 0x00000006e6800000, 0x00000006e6800000|100%| O|  |TAMS 0x00000006e6800000, 0x00000006e6400000| Untracked 
| 922|0x00000006e6800000, 0x00000006e6c00000, 0x00000006e6c00000|100%| O|  |TAMS 0x00000006e6c00000, 0x00000006e6800000| Untracked 
| 923|0x00000006e6c00000, 0x00000006e7000000, 0x00000006e7000000|100%| O|  |TAMS 0x00000006e7000000, 0x00000006e6c00000| Untracked 
| 924|0x00000006e7000000, 0x00000006e7400000, 0x00000006e7400000|100%| O|  |TAMS 0x00000006e7400000, 0x00000006e7000000| Untracked 
| 925|0x00000006e7400000, 0x00000006e7800000, 0x00000006e7800000|100%| O|  |TAMS 0x00000006e7800000, 0x00000006e7400000| Untracked 
| 926|0x00000006e7800000, 0x00000006e7c00000, 0x00000006e7c00000|100%| O|  |TAMS 0x00000006e7c00000, 0x00000006e7800000| Untracked 
| 927|0x00000006e7c00000, 0x00000006e8000000, 0x00000006e8000000|100%| O|  |TAMS 0x00000006e8000000, 0x00000006e7c00000| Untracked 
| 928|0x00000006e8000000, 0x00000006e8400000, 0x00000006e8400000|100%| O|  |TAMS 0x00000006e8400000, 0x00000006e8000000| Untracked 
| 929|0x00000006e8400000, 0x00000006e8800000, 0x00000006e8800000|100%| O|  |TAMS 0x00000006e8800000, 0x00000006e8400000| Untracked 
| 930|0x00000006e8800000, 0x00000006e8c00000, 0x00000006e8c00000|100%| O|  |TAMS 0x00000006e8c00000, 0x00000006e8800000| Untracked 
| 931|0x00000006e8c00000, 0x00000006e9000000, 0x00000006e9000000|100%| O|  |TAMS 0x00000006e9000000, 0x00000006e8c00000| Untracked 
| 932|0x00000006e9000000, 0x00000006e9400000, 0x00000006e9400000|100%| O|  |TAMS 0x00000006e9400000, 0x00000006e9000000| Untracked 
| 933|0x00000006e9400000, 0x00000006e9800000, 0x00000006e9800000|100%|HS|  |TAMS 0x00000006e9800000, 0x00000006e9400000| Complete 
| 934|0x00000006e9800000, 0x00000006e9800000, 0x00000006e9c00000|  0%| F|  |TAMS 0x00000006e9800000, 0x00000006e9800000| Untracked 
| 935|0x00000006e9c00000, 0x00000006ea000000, 0x00000006ea000000|100%| O|  |TAMS 0x00000006ea000000, 0x00000006e9c00000| Untracked 
| 936|0x00000006ea000000, 0x00000006ea400000, 0x00000006ea400000|100%| O|  |TAMS 0x00000006ea400000, 0x00000006ea000000| Untracked 
| 937|0x00000006ea400000, 0x00000006ea800000, 0x00000006ea800000|100%| O|  |TAMS 0x00000006ea800000, 0x00000006ea400000| Untracked 
| 938|0x00000006ea800000, 0x00000006eac00000, 0x00000006eac00000|100%| O|  |TAMS 0x00000006eac00000, 0x00000006ea800000| Untracked 
| 939|0x00000006eac00000, 0x00000006eb000000, 0x00000006eb000000|100%| O|  |TAMS 0x00000006eb000000, 0x00000006eac00000| Untracked 
| 940|0x00000006eb000000, 0x00000006eb400000, 0x00000006eb400000|100%| O|  |TAMS 0x00000006eb400000, 0x00000006eb000000| Untracked 
| 941|0x00000006eb400000, 0x00000006eb800000, 0x00000006eb800000|100%| O|  |TAMS 0x00000006eb800000, 0x00000006eb400000| Untracked 
| 942|0x00000006eb800000, 0x00000006ebc00000, 0x00000006ebc00000|100%| O|  |TAMS 0x00000006eb800000, 0x00000006eb800000| Untracked 
| 943|0x00000006ebc00000, 0x00000006ec000000, 0x00000006ec000000|100%|HS|  |TAMS 0x00000006ec000000, 0x00000006ebc00000| Complete 
| 944|0x00000006ec000000, 0x00000006ec400000, 0x00000006ec400000|100%|HC|  |TAMS 0x00000006ec400000, 0x00000006ec000000| Complete 
| 945|0x00000006ec400000, 0x00000006ec800000, 0x00000006ec800000|100%| O|  |TAMS 0x00000006ec800000, 0x00000006ec400000| Untracked 
| 946|0x00000006ec800000, 0x00000006ecc00000, 0x00000006ecc00000|100%| O|  |TAMS 0x00000006ecc00000, 0x00000006ec800000| Untracked 
| 947|0x00000006ecc00000, 0x00000006ed000000, 0x00000006ed000000|100%| O|  |TAMS 0x00000006ed000000, 0x00000006ecc00000| Untracked 
| 948|0x00000006ed000000, 0x00000006ed400000, 0x00000006ed400000|100%| O|  |TAMS 0x00000006ed400000, 0x00000006ed000000| Untracked 
| 949|0x00000006ed400000, 0x00000006ed800000, 0x00000006ed800000|100%|HS|  |TAMS 0x00000006ed800000, 0x00000006ed400000| Complete 
| 950|0x00000006ed800000, 0x00000006edc00000, 0x00000006edc00000|100%|HC|  |TAMS 0x00000006edc00000, 0x00000006ed800000| Complete 
| 951|0x00000006edc00000, 0x00000006ee000000, 0x00000006ee000000|100%| O|  |TAMS 0x00000006edc00000, 0x00000006edc00000| Untracked 
| 952|0x00000006ee000000, 0x00000006ee000000, 0x00000006ee400000|  0%| F|  |TAMS 0x00000006ee000000, 0x00000006ee000000| Untracked 
| 953|0x00000006ee400000, 0x00000006ee800000, 0x00000006ee800000|100%| O|  |TAMS 0x00000006ee800000, 0x00000006ee400000| Untracked 
| 954|0x00000006ee800000, 0x00000006eec00000, 0x00000006eec00000|100%| O|  |TAMS 0x00000006eec00000, 0x00000006ee800000| Untracked 
| 955|0x00000006eec00000, 0x00000006eec00000, 0x00000006ef000000|  0%| F|  |TAMS 0x00000006eec00000, 0x00000006eec00000| Untracked 
| 956|0x00000006ef000000, 0x00000006ef400000, 0x00000006ef400000|100%| O|  |TAMS 0x00000006ef400000, 0x00000006ef000000| Untracked 
| 957|0x00000006ef400000, 0x00000006ef800000, 0x00000006ef800000|100%| O|  |TAMS 0x00000006ef800000, 0x00000006ef400000| Untracked 
| 958|0x00000006ef800000, 0x00000006efc00000, 0x00000006efc00000|100%| O|  |TAMS 0x00000006efc00000, 0x00000006ef800000| Untracked 
| 959|0x00000006efc00000, 0x00000006f0000000, 0x00000006f0000000|100%| O|  |TAMS 0x00000006efc00000, 0x00000006efc00000| Untracked 
| 960|0x00000006f0000000, 0x00000006f0400000, 0x00000006f0400000|100%|HS|  |TAMS 0x00000006f0400000, 0x00000006f0000000| Complete 
| 961|0x00000006f0400000, 0x00000006f0800000, 0x00000006f0800000|100%|HC|  |TAMS 0x00000006f0800000, 0x00000006f0400000| Complete 
| 962|0x00000006f0800000, 0x00000006f0c00000, 0x00000006f0c00000|100%|HS|  |TAMS 0x00000006f0c00000, 0x00000006f0800000| Complete 
| 963|0x00000006f0c00000, 0x00000006f1000000, 0x00000006f1000000|100%|HC|  |TAMS 0x00000006f1000000, 0x00000006f0c00000| Complete 
| 964|0x00000006f1000000, 0x00000006f1400000, 0x00000006f1400000|100%|HS|  |TAMS 0x00000006f1400000, 0x00000006f1000000| Complete 
| 965|0x00000006f1400000, 0x00000006f1800000, 0x00000006f1800000|100%|HC|  |TAMS 0x00000006f1800000, 0x00000006f1400000| Complete 
| 966|0x00000006f1800000, 0x00000006f1c00000, 0x00000006f1c00000|100%|HS|  |TAMS 0x00000006f1c00000, 0x00000006f1800000| Complete 
| 967|0x00000006f1c00000, 0x00000006f2000000, 0x00000006f2000000|100%|HC|  |TAMS 0x00000006f2000000, 0x00000006f1c00000| Complete 
| 968|0x00000006f2000000, 0x00000006f2400000, 0x00000006f2400000|100%| O|  |TAMS 0x00000006f2400000, 0x00000006f2000000| Untracked 
| 969|0x00000006f2400000, 0x00000006f2800000, 0x00000006f2800000|100%| O|  |TAMS 0x00000006f2800000, 0x00000006f2400000| Untracked 
| 970|0x00000006f2800000, 0x00000006f2c00000, 0x00000006f2c00000|100%| O|  |TAMS 0x00000006f2c00000, 0x00000006f2800000| Untracked 
| 971|0x00000006f2c00000, 0x00000006f3000000, 0x00000006f3000000|100%| O|  |TAMS 0x00000006f3000000, 0x00000006f2c00000| Untracked 
| 972|0x00000006f3000000, 0x00000006f3400000, 0x00000006f3400000|100%| O|  |TAMS 0x00000006f3400000, 0x00000006f3000000| Untracked 
| 973|0x00000006f3400000, 0x00000006f3800000, 0x00000006f3800000|100%| O|  |TAMS 0x00000006f3400000, 0x00000006f3400000| Untracked 
| 974|0x00000006f3800000, 0x00000006f3800000, 0x00000006f3c00000|  0%| F|  |TAMS 0x00000006f3800000, 0x00000006f3800000| Untracked 
| 975|0x00000006f3c00000, 0x00000006f3c00000, 0x00000006f4000000|  0%| F|  |TAMS 0x00000006f3c00000, 0x00000006f3c00000| Untracked 
| 976|0x00000006f4000000, 0x00000006f4000000, 0x00000006f4400000|  0%| F|  |TAMS 0x00000006f4000000, 0x00000006f4000000| Untracked 
| 977|0x00000006f4400000, 0x00000006f4800000, 0x00000006f4800000|100%| O|  |TAMS 0x00000006f4800000, 0x00000006f4400000| Untracked 
| 978|0x00000006f4800000, 0x00000006f4c00000, 0x00000006f4c00000|100%| O|  |TAMS 0x00000006f4c00000, 0x00000006f4800000| Untracked 
| 979|0x00000006f4c00000, 0x00000006f5000000, 0x00000006f5000000|100%| O|  |TAMS 0x00000006f5000000, 0x00000006f4c00000| Untracked 
| 980|0x00000006f5000000, 0x00000006f5400000, 0x00000006f5400000|100%|HS|  |TAMS 0x00000006f5400000, 0x00000006f5000000| Complete 
| 981|0x00000006f5400000, 0x00000006f5800000, 0x00000006f5800000|100%|HS|  |TAMS 0x00000006f5800000, 0x00000006f5400000| Complete 
| 982|0x00000006f5800000, 0x00000006f5c00000, 0x00000006f5c00000|100%| O|  |TAMS 0x00000006f5c00000, 0x00000006f5800000| Untracked 
| 983|0x00000006f5c00000, 0x00000006f6000000, 0x00000006f6000000|100%| O|  |TAMS 0x00000006f6000000, 0x00000006f5c00000| Untracked 
| 984|0x00000006f6000000, 0x00000006f6000000, 0x00000006f6400000|  0%| F|  |TAMS 0x00000006f6000000, 0x00000006f6000000| Untracked 
| 985|0x00000006f6400000, 0x00000006f6800000, 0x00000006f6800000|100%| O|  |TAMS 0x00000006f6400000, 0x00000006f6400000| Untracked 
| 986|0x00000006f6800000, 0x00000006f6c00000, 0x00000006f6c00000|100%| O|  |TAMS 0x00000006f6c00000, 0x00000006f6800000| Untracked 
| 987|0x00000006f6c00000, 0x00000006f7000000, 0x00000006f7000000|100%| O|  |TAMS 0x00000006f7000000, 0x00000006f6c00000| Untracked 
| 988|0x00000006f7000000, 0x00000006f7400000, 0x00000006f7400000|100%| O|  |TAMS 0x00000006f7400000, 0x00000006f7000000| Untracked 
| 989|0x00000006f7400000, 0x00000006f7800000, 0x00000006f7800000|100%| O|  |TAMS 0x00000006f7800000, 0x00000006f7400000| Untracked 
| 990|0x00000006f7800000, 0x00000006f7c00000, 0x00000006f7c00000|100%| O|  |TAMS 0x00000006f7c00000, 0x00000006f7800000| Untracked 
| 991|0x00000006f7c00000, 0x00000006f8000000, 0x00000006f8000000|100%| O|  |TAMS 0x00000006f8000000, 0x00000006f7c00000| Untracked 
| 992|0x00000006f8000000, 0x00000006f8400000, 0x00000006f8400000|100%| O|  |TAMS 0x00000006f8400000, 0x00000006f8000000| Untracked 
| 993|0x00000006f8400000, 0x00000006f8800000, 0x00000006f8800000|100%| O|  |TAMS 0x00000006f8800000, 0x00000006f8400000| Untracked 
| 994|0x00000006f8800000, 0x00000006f8c00000, 0x00000006f8c00000|100%| O|  |TAMS 0x00000006f8c00000, 0x00000006f8800000| Untracked 
| 995|0x00000006f8c00000, 0x00000006f9000000, 0x00000006f9000000|100%| O|  |TAMS 0x00000006f9000000, 0x00000006f8c00000| Untracked 
| 996|0x00000006f9000000, 0x00000006f9400000, 0x00000006f9400000|100%| O|  |TAMS 0x00000006f9400000, 0x00000006f9000000| Untracked 
| 997|0x00000006f9400000, 0x00000006f9400000, 0x00000006f9800000|  0%| F|  |TAMS 0x00000006f9400000, 0x00000006f9400000| Untracked 
| 998|0x00000006f9800000, 0x00000006f9c00000, 0x00000006f9c00000|100%| O|  |TAMS 0x00000006f9800000, 0x00000006f9800000| Untracked 
| 999|0x00000006f9c00000, 0x00000006fa000000, 0x00000006fa000000|100%| O|  |TAMS 0x00000006fa000000, 0x00000006f9c00000| Untracked 
|1000|0x00000006fa000000, 0x00000006fa400000, 0x00000006fa400000|100%| O|  |TAMS 0x00000006fa400000, 0x00000006fa000000| Untracked 
|1001|0x00000006fa400000, 0x00000006fa800000, 0x00000006fa800000|100%| O|  |TAMS 0x00000006fa800000, 0x00000006fa400000| Untracked 
|1002|0x00000006fa800000, 0x00000006fac00000, 0x00000006fac00000|100%| O|  |TAMS 0x00000006fac00000, 0x00000006fa800000| Untracked 
|1003|0x00000006fac00000, 0x00000006fac00000, 0x00000006fb000000|  0%| F|  |TAMS 0x00000006fac00000, 0x00000006fac00000| Untracked 
|1004|0x00000006fb000000, 0x00000006fb000000, 0x00000006fb400000|  0%| F|  |TAMS 0x00000006fb000000, 0x00000006fb000000| Untracked 
|1005|0x00000006fb400000, 0x00000006fb800000, 0x00000006fb800000|100%| O|  |TAMS 0x00000006fb400000, 0x00000006fb400000| Untracked 
|1006|0x00000006fb800000, 0x00000006fbc00000, 0x00000006fbc00000|100%| O|  |TAMS 0x00000006fbc00000, 0x00000006fb800000| Untracked 
|1007|0x00000006fbc00000, 0x00000006fc000000, 0x00000006fc000000|100%| O|  |TAMS 0x00000006fc000000, 0x00000006fbc00000| Untracked 
|1008|0x00000006fc000000, 0x00000006fc400000, 0x00000006fc400000|100%| O|  |TAMS 0x00000006fc400000, 0x00000006fc000000| Untracked 
|1009|0x00000006fc400000, 0x00000006fc800000, 0x00000006fc800000|100%| O|  |TAMS 0x00000006fc800000, 0x00000006fc400000| Untracked 
|1010|0x00000006fc800000, 0x00000006fcc00000, 0x00000006fcc00000|100%| O|  |TAMS 0x00000006fcc00000, 0x00000006fc800000| Untracked 
|1011|0x00000006fcc00000, 0x00000006fd000000, 0x00000006fd000000|100%| O|  |TAMS 0x00000006fd000000, 0x00000006fcc00000| Untracked 
|1012|0x00000006fd000000, 0x00000006fd400000, 0x00000006fd400000|100%| O|  |TAMS 0x00000006fd400000, 0x00000006fd000000| Untracked 
|1013|0x00000006fd400000, 0x00000006fd800000, 0x00000006fd800000|100%| O|  |TAMS 0x00000006fd800000, 0x00000006fd400000| Untracked 
|1014|0x00000006fd800000, 0x00000006fdc00000, 0x00000006fdc00000|100%| O|  |TAMS 0x00000006fdc00000, 0x00000006fd800000| Untracked 
|1015|0x00000006fdc00000, 0x00000006fdc00000, 0x00000006fe000000|  0%| F|  |TAMS 0x00000006fdc00000, 0x00000006fdc00000| Untracked 
|1016|0x00000006fe000000, 0x00000006fe400000, 0x00000006fe400000|100%| O|  |TAMS 0x00000006fe400000, 0x00000006fe000000| Untracked 
|1017|0x00000006fe400000, 0x00000006fe800000, 0x00000006fe800000|100%| O|  |TAMS 0x00000006fe800000, 0x00000006fe400000| Untracked 
|1018|0x00000006fe800000, 0x00000006fec00000, 0x00000006fec00000|100%| O|  |TAMS 0x00000006fec00000, 0x00000006fe800000| Untracked 
|1019|0x00000006fec00000, 0x00000006ff000000, 0x00000006ff000000|100%| O|  |TAMS 0x00000006ff000000, 0x00000006fec00000| Untracked 
|1020|0x00000006ff000000, 0x00000006ff400000, 0x00000006ff400000|100%| O|  |TAMS 0x00000006ff391600, 0x00000006ff000000| Untracked 
|1021|0x00000006ff400000, 0x00000006ff800000, 0x00000006ff800000|100%| O|  |TAMS 0x00000006ff400000, 0x00000006ff400000| Untracked 
|1022|0x00000006ff800000, 0x00000006ffc00000, 0x00000006ffc00000|100%| O|  |TAMS 0x00000006ff800000, 0x00000006ff800000| Untracked 
|1023|0x00000006ffc00000, 0x0000000700000000, 0x0000000700000000|100%| O|  |TAMS 0x00000006ffc00000, 0x00000006ffc00000| Untracked 
|1024|0x0000000700000000, 0x0000000700400000, 0x0000000700400000|100%| O|  |TAMS 0x0000000700000000, 0x0000000700000000| Untracked 
|1025|0x0000000700400000, 0x0000000700800000, 0x0000000700800000|100%| O|  |TAMS 0x0000000700400000, 0x0000000700400000| Untracked 
|1026|0x0000000700800000, 0x0000000700c00000, 0x0000000700c00000|100%| O|  |TAMS 0x0000000700800000, 0x0000000700800000| Untracked 
|1027|0x0000000700c00000, 0x0000000701000000, 0x0000000701000000|100%| O|  |TAMS 0x0000000700c00000, 0x0000000700c00000| Untracked 
|1028|0x0000000701000000, 0x0000000701096200, 0x0000000701400000| 14%| O|  |TAMS 0x0000000701000000, 0x0000000701000000| Untracked 
|1029|0x0000000701400000, 0x0000000701400000, 0x0000000701800000|  0%| F|  |TAMS 0x0000000701400000, 0x0000000701400000| Untracked 
|1030|0x0000000701800000, 0x0000000701800000, 0x0000000701c00000|  0%| F|  |TAMS 0x0000000701800000, 0x0000000701800000| Untracked 
|1031|0x0000000701c00000, 0x0000000701c00000, 0x0000000702000000|  0%| F|  |TAMS 0x0000000701c00000, 0x0000000701c00000| Untracked 
|1032|0x0000000702000000, 0x0000000702000000, 0x0000000702400000|  0%| F|  |TAMS 0x0000000702000000, 0x0000000702000000| Untracked 
|1033|0x0000000702400000, 0x0000000702400000, 0x0000000702800000|  0%| F|  |TAMS 0x0000000702400000, 0x0000000702400000| Untracked 
|1034|0x0000000702800000, 0x0000000702800000, 0x0000000702c00000|  0%| F|  |TAMS 0x0000000702800000, 0x0000000702800000| Untracked 
|1035|0x0000000702c00000, 0x0000000702c00000, 0x0000000703000000|  0%| F|  |TAMS 0x0000000702c00000, 0x0000000702c00000| Untracked 
|1036|0x0000000703000000, 0x0000000703000000, 0x0000000703400000|  0%| F|  |TAMS 0x0000000703000000, 0x0000000703000000| Untracked 
|1037|0x0000000703400000, 0x0000000703400000, 0x0000000703800000|  0%| F|  |TAMS 0x0000000703400000, 0x0000000703400000| Untracked 
|1038|0x0000000703800000, 0x0000000703800000, 0x0000000703c00000|  0%| F|  |TAMS 0x0000000703800000, 0x0000000703800000| Untracked 
|1039|0x0000000703c00000, 0x0000000703c00000, 0x0000000704000000|  0%| F|  |TAMS 0x0000000703c00000, 0x0000000703c00000| Untracked 
|1040|0x0000000704000000, 0x0000000704000000, 0x0000000704400000|  0%| F|  |TAMS 0x0000000704000000, 0x0000000704000000| Untracked 
|1041|0x0000000704400000, 0x0000000704400000, 0x0000000704800000|  0%| F|  |TAMS 0x0000000704400000, 0x0000000704400000| Untracked 
|1042|0x0000000704800000, 0x0000000704800000, 0x0000000704c00000|  0%| F|  |TAMS 0x0000000704800000, 0x0000000704800000| Untracked 
|1043|0x0000000704c00000, 0x0000000704c00000, 0x0000000705000000|  0%| F|  |TAMS 0x0000000704c00000, 0x0000000704c00000| Untracked 
|1044|0x0000000705000000, 0x0000000705000000, 0x0000000705400000|  0%| F|  |TAMS 0x0000000705000000, 0x0000000705000000| Untracked 
|1045|0x0000000705400000, 0x0000000705400000, 0x0000000705800000|  0%| F|  |TAMS 0x0000000705400000, 0x0000000705400000| Untracked 
|1046|0x0000000705800000, 0x0000000705800000, 0x0000000705c00000|  0%| F|  |TAMS 0x0000000705800000, 0x0000000705800000| Untracked 
|1047|0x0000000705c00000, 0x0000000705c00000, 0x0000000706000000|  0%| F|  |TAMS 0x0000000705c00000, 0x0000000705c00000| Untracked 
|1048|0x0000000706000000, 0x0000000706000000, 0x0000000706400000|  0%| F|  |TAMS 0x0000000706000000, 0x0000000706000000| Untracked 
|1049|0x0000000706400000, 0x0000000706800000, 0x0000000706800000|100%|HS|  |TAMS 0x0000000706800000, 0x0000000706400000| Complete 
|1050|0x0000000706800000, 0x0000000706800000, 0x0000000706c00000|  0%| F|  |TAMS 0x0000000706800000, 0x0000000706800000| Untracked 
|1051|0x0000000706c00000, 0x0000000706c00000, 0x0000000707000000|  0%| F|  |TAMS 0x0000000706c00000, 0x0000000706c00000| Untracked 
|1052|0x0000000707000000, 0x0000000707000000, 0x0000000707400000|  0%| F|  |TAMS 0x0000000707000000, 0x0000000707000000| Untracked 
|1053|0x0000000707400000, 0x0000000707400000, 0x0000000707800000|  0%| F|  |TAMS 0x0000000707400000, 0x0000000707400000| Untracked 
|1054|0x0000000707800000, 0x0000000707800000, 0x0000000707c00000|  0%| F|  |TAMS 0x0000000707800000, 0x0000000707800000| Untracked 
|1055|0x0000000707c00000, 0x0000000707c00000, 0x0000000708000000|  0%| F|  |TAMS 0x0000000707c00000, 0x0000000707c00000| Untracked 
|1056|0x0000000708000000, 0x0000000708000000, 0x0000000708400000|  0%| F|  |TAMS 0x0000000708000000, 0x0000000708000000| Untracked 
|1057|0x0000000708400000, 0x0000000708400000, 0x0000000708800000|  0%| F|  |TAMS 0x0000000708400000, 0x0000000708400000| Untracked 
|1058|0x0000000708800000, 0x0000000708800000, 0x0000000708c00000|  0%| F|  |TAMS 0x0000000708800000, 0x0000000708800000| Untracked 
|1059|0x0000000708c00000, 0x0000000708c00000, 0x0000000709000000|  0%| F|  |TAMS 0x0000000708c00000, 0x0000000708c00000| Untracked 
|1060|0x0000000709000000, 0x0000000709000000, 0x0000000709400000|  0%| F|  |TAMS 0x0000000709000000, 0x0000000709000000| Untracked 
|1061|0x0000000709400000, 0x0000000709400000, 0x0000000709800000|  0%| F|  |TAMS 0x0000000709400000, 0x0000000709400000| Untracked 
|1062|0x0000000709800000, 0x0000000709800000, 0x0000000709c00000|  0%| F|  |TAMS 0x0000000709800000, 0x0000000709800000| Untracked 
|1063|0x0000000709c00000, 0x0000000709c00000, 0x000000070a000000|  0%| F|  |TAMS 0x0000000709c00000, 0x0000000709c00000| Untracked 
|1064|0x000000070a000000, 0x000000070a000000, 0x000000070a400000|  0%| F|  |TAMS 0x000000070a000000, 0x000000070a000000| Untracked 
|1065|0x000000070a400000, 0x000000070a400000, 0x000000070a800000|  0%| F|  |TAMS 0x000000070a400000, 0x000000070a400000| Untracked 
|1066|0x000000070a800000, 0x000000070a800000, 0x000000070ac00000|  0%| F|  |TAMS 0x000000070a800000, 0x000000070a800000| Untracked 
|1067|0x000000070ac00000, 0x000000070ac00000, 0x000000070b000000|  0%| F|  |TAMS 0x000000070ac00000, 0x000000070ac00000| Untracked 
|1068|0x000000070b000000, 0x000000070b000000, 0x000000070b400000|  0%| F|  |TAMS 0x000000070b000000, 0x000000070b000000| Untracked 
|1069|0x000000070b400000, 0x000000070b400000, 0x000000070b800000|  0%| F|  |TAMS 0x000000070b400000, 0x000000070b400000| Untracked 
|1070|0x000000070b800000, 0x000000070b800000, 0x000000070bc00000|  0%| F|  |TAMS 0x000000070b800000, 0x000000070b800000| Untracked 
|1071|0x000000070bc00000, 0x000000070bc00000, 0x000000070c000000|  0%| F|  |TAMS 0x000000070bc00000, 0x000000070bc00000| Untracked 
|1072|0x000000070c000000, 0x000000070c000000, 0x000000070c400000|  0%| F|  |TAMS 0x000000070c000000, 0x000000070c000000| Untracked 
|1073|0x000000070c400000, 0x000000070c400000, 0x000000070c800000|  0%| F|  |TAMS 0x000000070c400000, 0x000000070c400000| Untracked 
|1074|0x000000070c800000, 0x000000070c800000, 0x000000070cc00000|  0%| F|  |TAMS 0x000000070c800000, 0x000000070c800000| Untracked 
|1075|0x000000070cc00000, 0x000000070cc00000, 0x000000070d000000|  0%| F|  |TAMS 0x000000070cc00000, 0x000000070cc00000| Untracked 
|1076|0x000000070d000000, 0x000000070d000000, 0x000000070d400000|  0%| F|  |TAMS 0x000000070d000000, 0x000000070d000000| Untracked 
|1077|0x000000070d400000, 0x000000070d400000, 0x000000070d800000|  0%| F|  |TAMS 0x000000070d400000, 0x000000070d400000| Untracked 
|1078|0x000000070d800000, 0x000000070d800000, 0x000000070dc00000|  0%| F|  |TAMS 0x000000070d800000, 0x000000070d800000| Untracked 
|1079|0x000000070dc00000, 0x000000070dc00000, 0x000000070e000000|  0%| F|  |TAMS 0x000000070dc00000, 0x000000070dc00000| Untracked 
|1080|0x000000070e000000, 0x000000070e000000, 0x000000070e400000|  0%| F|  |TAMS 0x000000070e000000, 0x000000070e000000| Untracked 
|1081|0x000000070e400000, 0x000000070e400000, 0x000000070e800000|  0%| F|  |TAMS 0x000000070e400000, 0x000000070e400000| Untracked 
|1082|0x000000070e800000, 0x000000070e800000, 0x000000070ec00000|  0%| F|  |TAMS 0x000000070e800000, 0x000000070e800000| Untracked 
|1083|0x000000070ec00000, 0x000000070ec00000, 0x000000070f000000|  0%| F|  |TAMS 0x000000070ec00000, 0x000000070ec00000| Untracked 
|1084|0x000000070f000000, 0x000000070f000000, 0x000000070f400000|  0%| F|  |TAMS 0x000000070f000000, 0x000000070f000000| Untracked 
|1085|0x000000070f400000, 0x000000070f400000, 0x000000070f800000|  0%| F|  |TAMS 0x000000070f400000, 0x000000070f400000| Untracked 
|1086|0x000000070f800000, 0x000000070f800000, 0x000000070fc00000|  0%| F|  |TAMS 0x000000070f800000, 0x000000070f800000| Untracked 
|1087|0x000000070fc00000, 0x000000070fc00000, 0x0000000710000000|  0%| F|  |TAMS 0x000000070fc00000, 0x000000070fc00000| Untracked 
|1088|0x0000000710000000, 0x0000000710000000, 0x0000000710400000|  0%| F|  |TAMS 0x0000000710000000, 0x0000000710000000| Untracked 
|1089|0x0000000710400000, 0x0000000710400000, 0x0000000710800000|  0%| F|  |TAMS 0x0000000710400000, 0x0000000710400000| Untracked 
|1090|0x0000000710800000, 0x0000000710800000, 0x0000000710c00000|  0%| F|  |TAMS 0x0000000710800000, 0x0000000710800000| Untracked 
|1091|0x0000000710c00000, 0x0000000710c00000, 0x0000000711000000|  0%| F|  |TAMS 0x0000000710c00000, 0x0000000710c00000| Untracked 
|1092|0x0000000711000000, 0x0000000711000000, 0x0000000711400000|  0%| F|  |TAMS 0x0000000711000000, 0x0000000711000000| Untracked 
|1093|0x0000000711400000, 0x0000000711400000, 0x0000000711800000|  0%| F|  |TAMS 0x0000000711400000, 0x0000000711400000| Untracked 
|1094|0x0000000711800000, 0x0000000711800000, 0x0000000711c00000|  0%| F|  |TAMS 0x0000000711800000, 0x0000000711800000| Untracked 
|1095|0x0000000711c00000, 0x0000000711c00000, 0x0000000712000000|  0%| F|  |TAMS 0x0000000711c00000, 0x0000000711c00000| Untracked 
|1096|0x0000000712000000, 0x0000000712000000, 0x0000000712400000|  0%| F|  |TAMS 0x0000000712000000, 0x0000000712000000| Untracked 
|1097|0x0000000712400000, 0x0000000712800000, 0x0000000712800000|100%| O|  |TAMS 0x0000000712800000, 0x0000000712400000| Untracked 
|1098|0x0000000712800000, 0x0000000712c00000, 0x0000000712c00000|100%| O|  |TAMS 0x0000000712c00000, 0x0000000712800000| Untracked 
|1099|0x0000000712c00000, 0x0000000712c00000, 0x0000000713000000|  0%| F|  |TAMS 0x0000000712c00000, 0x0000000712c00000| Untracked 
|1100|0x0000000713000000, 0x0000000713000000, 0x0000000713400000|  0%| F|  |TAMS 0x0000000713000000, 0x0000000713000000| Untracked 
|1101|0x0000000713400000, 0x0000000713400000, 0x0000000713800000|  0%| F|  |TAMS 0x0000000713400000, 0x0000000713400000| Untracked 
|1102|0x0000000713800000, 0x0000000713800000, 0x0000000713c00000|  0%| F|  |TAMS 0x0000000713800000, 0x0000000713800000| Untracked 
|1103|0x0000000713c00000, 0x0000000713c00000, 0x0000000714000000|  0%| F|  |TAMS 0x0000000713c00000, 0x0000000713c00000| Untracked 
|1104|0x0000000714000000, 0x0000000714000000, 0x0000000714400000|  0%| F|  |TAMS 0x0000000714000000, 0x0000000714000000| Untracked 
|1105|0x0000000714400000, 0x0000000714400000, 0x0000000714800000|  0%| F|  |TAMS 0x0000000714400000, 0x0000000714400000| Untracked 
|1106|0x0000000714800000, 0x0000000714800000, 0x0000000714c00000|  0%| F|  |TAMS 0x0000000714800000, 0x0000000714800000| Untracked 
|1107|0x0000000714c00000, 0x0000000714c00000, 0x0000000715000000|  0%| F|  |TAMS 0x0000000714c00000, 0x0000000714c00000| Untracked 
|1108|0x0000000715000000, 0x0000000715000000, 0x0000000715400000|  0%| F|  |TAMS 0x0000000715000000, 0x0000000715000000| Untracked 
|1109|0x0000000715400000, 0x0000000715400000, 0x0000000715800000|  0%| F|  |TAMS 0x0000000715400000, 0x0000000715400000| Untracked 
|1110|0x0000000715800000, 0x0000000715800000, 0x0000000715c00000|  0%| F|  |TAMS 0x0000000715800000, 0x0000000715800000| Untracked 
|1111|0x0000000715c00000, 0x0000000715c00000, 0x0000000716000000|  0%| F|  |TAMS 0x0000000715c00000, 0x0000000715c00000| Untracked 
|1112|0x0000000716000000, 0x0000000716000000, 0x0000000716400000|  0%| F|  |TAMS 0x0000000716000000, 0x0000000716000000| Untracked 
|1113|0x0000000716400000, 0x0000000716400000, 0x0000000716800000|  0%| F|  |TAMS 0x0000000716400000, 0x0000000716400000| Untracked 
|1114|0x0000000716800000, 0x0000000716800000, 0x0000000716c00000|  0%| F|  |TAMS 0x0000000716800000, 0x0000000716800000| Untracked 
|1115|0x0000000716c00000, 0x0000000716c00000, 0x0000000717000000|  0%| F|  |TAMS 0x0000000716c00000, 0x0000000716c00000| Untracked 
|1116|0x0000000717000000, 0x0000000717000000, 0x0000000717400000|  0%| F|  |TAMS 0x0000000717000000, 0x0000000717000000| Untracked 
|1117|0x0000000717400000, 0x0000000717400000, 0x0000000717800000|  0%| F|  |TAMS 0x0000000717400000, 0x0000000717400000| Untracked 
|1118|0x0000000717800000, 0x0000000717800000, 0x0000000717c00000|  0%| F|  |TAMS 0x0000000717800000, 0x0000000717800000| Untracked 
|1119|0x0000000717c00000, 0x0000000717c00000, 0x0000000718000000|  0%| F|  |TAMS 0x0000000717c00000, 0x0000000717c00000| Untracked 
|1120|0x0000000718000000, 0x0000000718000000, 0x0000000718400000|  0%| F|  |TAMS 0x0000000718000000, 0x0000000718000000| Untracked 
|1121|0x0000000718400000, 0x0000000718400000, 0x0000000718800000|  0%| F|  |TAMS 0x0000000718400000, 0x0000000718400000| Untracked 
|1122|0x0000000718800000, 0x0000000718800000, 0x0000000718c00000|  0%| F|  |TAMS 0x0000000718800000, 0x0000000718800000| Untracked 
|1123|0x0000000718c00000, 0x0000000718c00000, 0x0000000719000000|  0%| F|  |TAMS 0x0000000718c00000, 0x0000000718c00000| Untracked 
|1124|0x0000000719000000, 0x0000000719000000, 0x0000000719400000|  0%| F|  |TAMS 0x0000000719000000, 0x0000000719000000| Untracked 
|1125|0x0000000719400000, 0x0000000719400000, 0x0000000719800000|  0%| F|  |TAMS 0x0000000719400000, 0x0000000719400000| Untracked 
|1126|0x0000000719800000, 0x0000000719800000, 0x0000000719c00000|  0%| F|  |TAMS 0x0000000719800000, 0x0000000719800000| Untracked 
|1127|0x0000000719c00000, 0x0000000719c00000, 0x000000071a000000|  0%| F|  |TAMS 0x0000000719c00000, 0x0000000719c00000| Untracked 
|1128|0x000000071a000000, 0x000000071a000000, 0x000000071a400000|  0%| F|  |TAMS 0x000000071a000000, 0x000000071a000000| Untracked 
|1129|0x000000071a400000, 0x000000071a400000, 0x000000071a800000|  0%| F|  |TAMS 0x000000071a400000, 0x000000071a400000| Untracked 
|1130|0x000000071a800000, 0x000000071a800000, 0x000000071ac00000|  0%| F|  |TAMS 0x000000071a800000, 0x000000071a800000| Untracked 
|1131|0x000000071ac00000, 0x000000071ac00000, 0x000000071b000000|  0%| F|  |TAMS 0x000000071ac00000, 0x000000071ac00000| Untracked 
|1132|0x000000071b000000, 0x000000071b000000, 0x000000071b400000|  0%| F|  |TAMS 0x000000071b000000, 0x000000071b000000| Untracked 
|1133|0x000000071b400000, 0x000000071b400000, 0x000000071b800000|  0%| F|  |TAMS 0x000000071b400000, 0x000000071b400000| Untracked 
|1134|0x000000071b800000, 0x000000071b800000, 0x000000071bc00000|  0%| F|  |TAMS 0x000000071b800000, 0x000000071b800000| Untracked 
|1135|0x000000071bc00000, 0x000000071bc00000, 0x000000071c000000|  0%| F|  |TAMS 0x000000071bc00000, 0x000000071bc00000| Untracked 
|1136|0x000000071c000000, 0x000000071c000000, 0x000000071c400000|  0%| F|  |TAMS 0x000000071c000000, 0x000000071c000000| Untracked 
|1137|0x000000071c400000, 0x000000071c400000, 0x000000071c800000|  0%| F|  |TAMS 0x000000071c400000, 0x000000071c400000| Untracked 
|1138|0x000000071c800000, 0x000000071c800000, 0x000000071cc00000|  0%| F|  |TAMS 0x000000071c800000, 0x000000071c800000| Untracked 
|1139|0x000000071cc00000, 0x000000071cc00000, 0x000000071d000000|  0%| F|  |TAMS 0x000000071cc00000, 0x000000071cc00000| Untracked 
|1140|0x000000071d000000, 0x000000071d000000, 0x000000071d400000|  0%| F|  |TAMS 0x000000071d000000, 0x000000071d000000| Untracked 
|1141|0x000000071d400000, 0x000000071d400000, 0x000000071d800000|  0%| F|  |TAMS 0x000000071d400000, 0x000000071d400000| Untracked 
|1142|0x000000071d800000, 0x000000071d800000, 0x000000071dc00000|  0%| F|  |TAMS 0x000000071d800000, 0x000000071d800000| Untracked 
|1143|0x000000071dc00000, 0x000000071dc00000, 0x000000071e000000|  0%| F|  |TAMS 0x000000071dc00000, 0x000000071dc00000| Untracked 
|1144|0x000000071e000000, 0x000000071e000000, 0x000000071e400000|  0%| F|  |TAMS 0x000000071e000000, 0x000000071e000000| Untracked 
|1145|0x000000071e400000, 0x000000071e400000, 0x000000071e800000|  0%| F|  |TAMS 0x000000071e400000, 0x000000071e400000| Untracked 
|1146|0x000000071e800000, 0x000000071e800000, 0x000000071ec00000|  0%| F|  |TAMS 0x000000071e800000, 0x000000071e800000| Untracked 
|1147|0x000000071ec00000, 0x000000071ec00000, 0x000000071f000000|  0%| F|  |TAMS 0x000000071ec00000, 0x000000071ec00000| Untracked 
|1148|0x000000071f000000, 0x000000071f000000, 0x000000071f400000|  0%| F|  |TAMS 0x000000071f000000, 0x000000071f000000| Untracked 
|1149|0x000000071f400000, 0x000000071f400000, 0x000000071f800000|  0%| F|  |TAMS 0x000000071f400000, 0x000000071f400000| Untracked 
|1150|0x000000071f800000, 0x000000071f800000, 0x000000071fc00000|  0%| F|  |TAMS 0x000000071f800000, 0x000000071f800000| Untracked 
|1151|0x000000071fc00000, 0x000000071fc00000, 0x0000000720000000|  0%| F|  |TAMS 0x000000071fc00000, 0x000000071fc00000| Untracked 
|1152|0x0000000720000000, 0x0000000720000000, 0x0000000720400000|  0%| F|  |TAMS 0x0000000720000000, 0x0000000720000000| Untracked 
|1153|0x0000000720400000, 0x0000000720400000, 0x0000000720800000|  0%| F|  |TAMS 0x0000000720400000, 0x0000000720400000| Untracked 
|1154|0x0000000720800000, 0x0000000720800000, 0x0000000720c00000|  0%| F|  |TAMS 0x0000000720800000, 0x0000000720800000| Untracked 
|1155|0x0000000720c00000, 0x0000000720c00000, 0x0000000721000000|  0%| F|  |TAMS 0x0000000720c00000, 0x0000000720c00000| Untracked 
|1156|0x0000000721000000, 0x0000000721000000, 0x0000000721400000|  0%| F|  |TAMS 0x0000000721000000, 0x0000000721000000| Untracked 
|1157|0x0000000721400000, 0x0000000721400000, 0x0000000721800000|  0%| F|  |TAMS 0x0000000721400000, 0x0000000721400000| Untracked 
|1158|0x0000000721800000, 0x0000000721800000, 0x0000000721c00000|  0%| F|  |TAMS 0x0000000721800000, 0x0000000721800000| Untracked 
|1159|0x0000000721c00000, 0x0000000721c00000, 0x0000000722000000|  0%| F|  |TAMS 0x0000000721c00000, 0x0000000721c00000| Untracked 
|1160|0x0000000722000000, 0x0000000722000000, 0x0000000722400000|  0%| F|  |TAMS 0x0000000722000000, 0x0000000722000000| Untracked 
|1161|0x0000000722400000, 0x0000000722400000, 0x0000000722800000|  0%| F|  |TAMS 0x0000000722400000, 0x0000000722400000| Untracked 
|1162|0x0000000722800000, 0x0000000722800000, 0x0000000722c00000|  0%| F|  |TAMS 0x0000000722800000, 0x0000000722800000| Untracked 
|1163|0x0000000722c00000, 0x0000000722c00000, 0x0000000723000000|  0%| F|  |TAMS 0x0000000722c00000, 0x0000000722c00000| Untracked 
|1164|0x0000000723000000, 0x0000000723000000, 0x0000000723400000|  0%| F|  |TAMS 0x0000000723000000, 0x0000000723000000| Untracked 
|1165|0x0000000723400000, 0x0000000723400000, 0x0000000723800000|  0%| F|  |TAMS 0x0000000723400000, 0x0000000723400000| Untracked 
|1166|0x0000000723800000, 0x0000000723800000, 0x0000000723c00000|  0%| F|  |TAMS 0x0000000723800000, 0x0000000723800000| Untracked 
|1167|0x0000000723c00000, 0x0000000723c00000, 0x0000000724000000|  0%| F|  |TAMS 0x0000000723c00000, 0x0000000723c00000| Untracked 
|1168|0x0000000724000000, 0x0000000724000000, 0x0000000724400000|  0%| F|  |TAMS 0x0000000724000000, 0x0000000724000000| Untracked 
|1169|0x0000000724400000, 0x0000000724400000, 0x0000000724800000|  0%| F|  |TAMS 0x0000000724400000, 0x0000000724400000| Untracked 
|1170|0x0000000724800000, 0x0000000724800000, 0x0000000724c00000|  0%| F|  |TAMS 0x0000000724800000, 0x0000000724800000| Untracked 
|1171|0x0000000724c00000, 0x0000000724c00000, 0x0000000725000000|  0%| F|  |TAMS 0x0000000724c00000, 0x0000000724c00000| Untracked 
|1172|0x0000000725000000, 0x0000000725000000, 0x0000000725400000|  0%| F|  |TAMS 0x0000000725000000, 0x0000000725000000| Untracked 
|1173|0x0000000725400000, 0x0000000725400000, 0x0000000725800000|  0%| F|  |TAMS 0x0000000725400000, 0x0000000725400000| Untracked 
|1174|0x0000000725800000, 0x0000000725800000, 0x0000000725c00000|  0%| F|  |TAMS 0x0000000725800000, 0x0000000725800000| Untracked 
|1175|0x0000000725c00000, 0x0000000725c00000, 0x0000000726000000|  0%| F|  |TAMS 0x0000000725c00000, 0x0000000725c00000| Untracked 
|1176|0x0000000726000000, 0x0000000726000000, 0x0000000726400000|  0%| F|  |TAMS 0x0000000726000000, 0x0000000726000000| Untracked 
|1177|0x0000000726400000, 0x0000000726400000, 0x0000000726800000|  0%| F|  |TAMS 0x0000000726400000, 0x0000000726400000| Untracked 
|1178|0x0000000726800000, 0x0000000726800000, 0x0000000726c00000|  0%| F|  |TAMS 0x0000000726800000, 0x0000000726800000| Untracked 
|1179|0x0000000726c00000, 0x0000000726c00000, 0x0000000727000000|  0%| F|  |TAMS 0x0000000726c00000, 0x0000000726c00000| Untracked 
|1180|0x0000000727000000, 0x0000000727000000, 0x0000000727400000|  0%| F|  |TAMS 0x0000000727000000, 0x0000000727000000| Untracked 
|1181|0x0000000727400000, 0x0000000727400000, 0x0000000727800000|  0%| F|  |TAMS 0x0000000727400000, 0x0000000727400000| Untracked 
|1182|0x0000000727800000, 0x0000000727800000, 0x0000000727c00000|  0%| F|  |TAMS 0x0000000727800000, 0x0000000727800000| Untracked 
|1183|0x0000000727c00000, 0x0000000727c00000, 0x0000000728000000|  0%| F|  |TAMS 0x0000000727c00000, 0x0000000727c00000| Untracked 
|1184|0x0000000728000000, 0x0000000728000000, 0x0000000728400000|  0%| F|  |TAMS 0x0000000728000000, 0x0000000728000000| Untracked 
|1185|0x0000000728400000, 0x0000000728400000, 0x0000000728800000|  0%| F|  |TAMS 0x0000000728400000, 0x0000000728400000| Untracked 
|1186|0x0000000728800000, 0x0000000728800000, 0x0000000728c00000|  0%| F|  |TAMS 0x0000000728800000, 0x0000000728800000| Untracked 
|1187|0x0000000728c00000, 0x0000000728c00000, 0x0000000729000000|  0%| F|  |TAMS 0x0000000728c00000, 0x0000000728c00000| Untracked 
|1188|0x0000000729000000, 0x0000000729400000, 0x0000000729400000|100%| O|  |TAMS 0x0000000729400000, 0x0000000729000000| Untracked 
|1189|0x0000000729400000, 0x0000000729400000, 0x0000000729800000|  0%| F|  |TAMS 0x0000000729400000, 0x0000000729400000| Untracked 
|1190|0x0000000729800000, 0x0000000729800000, 0x0000000729c00000|  0%| F|  |TAMS 0x0000000729800000, 0x0000000729800000| Untracked 
|1191|0x0000000729c00000, 0x0000000729c00000, 0x000000072a000000|  0%| F|  |TAMS 0x0000000729c00000, 0x0000000729c00000| Untracked 
|1192|0x000000072a000000, 0x000000072a400000, 0x000000072a400000|100%| O|  |TAMS 0x000000072a400000, 0x000000072a000000| Untracked 
|1193|0x000000072a400000, 0x000000072a400000, 0x000000072a800000|  0%| F|  |TAMS 0x000000072a400000, 0x000000072a400000| Untracked 
|1194|0x000000072a800000, 0x000000072a800000, 0x000000072ac00000|  0%| F|  |TAMS 0x000000072a800000, 0x000000072a800000| Untracked 
|1195|0x000000072ac00000, 0x000000072ac00000, 0x000000072b000000|  0%| F|  |TAMS 0x000000072ac00000, 0x000000072ac00000| Untracked 
|1196|0x000000072b000000, 0x000000072b000000, 0x000000072b400000|  0%| F|  |TAMS 0x000000072b000000, 0x000000072b000000| Untracked 
|1197|0x000000072b400000, 0x000000072b400000, 0x000000072b800000|  0%| F|  |TAMS 0x000000072b400000, 0x000000072b400000| Untracked 
|1198|0x000000072b800000, 0x000000072b800000, 0x000000072bc00000|  0%| F|  |TAMS 0x000000072b800000, 0x000000072b800000| Untracked 
|1199|0x000000072bc00000, 0x000000072bc00000, 0x000000072c000000|  0%| F|  |TAMS 0x000000072bc00000, 0x000000072bc00000| Untracked 
|1200|0x000000072c000000, 0x000000072c000000, 0x000000072c400000|  0%| F|  |TAMS 0x000000072c000000, 0x000000072c000000| Untracked 
|1201|0x000000072c400000, 0x000000072c400000, 0x000000072c800000|  0%| F|  |TAMS 0x000000072c400000, 0x000000072c400000| Untracked 
|1202|0x000000072c800000, 0x000000072c800000, 0x000000072cc00000|  0%| F|  |TAMS 0x000000072c800000, 0x000000072c800000| Untracked 
|1203|0x000000072cc00000, 0x000000072cc00000, 0x000000072d000000|  0%| F|  |TAMS 0x000000072cc00000, 0x000000072cc00000| Untracked 
|1204|0x000000072d000000, 0x000000072d000000, 0x000000072d400000|  0%| F|  |TAMS 0x000000072d000000, 0x000000072d000000| Untracked 
|1205|0x000000072d400000, 0x000000072d400000, 0x000000072d800000|  0%| F|  |TAMS 0x000000072d400000, 0x000000072d400000| Untracked 
|1206|0x000000072d800000, 0x000000072d800000, 0x000000072dc00000|  0%| F|  |TAMS 0x000000072d800000, 0x000000072d800000| Untracked 
|1207|0x000000072dc00000, 0x000000072dc00000, 0x000000072e000000|  0%| F|  |TAMS 0x000000072dc00000, 0x000000072dc00000| Untracked 
|1208|0x000000072e000000, 0x000000072e000000, 0x000000072e400000|  0%| F|  |TAMS 0x000000072e000000, 0x000000072e000000| Untracked 
|1209|0x000000072e400000, 0x000000072e400000, 0x000000072e800000|  0%| F|  |TAMS 0x000000072e400000, 0x000000072e400000| Untracked 
|1210|0x000000072e800000, 0x000000072e800000, 0x000000072ec00000|  0%| F|  |TAMS 0x000000072e800000, 0x000000072e800000| Untracked 
|1211|0x000000072ec00000, 0x000000072ec00000, 0x000000072f000000|  0%| F|  |TAMS 0x000000072ec00000, 0x000000072ec00000| Untracked 
|1212|0x000000072f000000, 0x000000072f000000, 0x000000072f400000|  0%| F|  |TAMS 0x000000072f000000, 0x000000072f000000| Untracked 
|1213|0x000000072f400000, 0x000000072f400000, 0x000000072f800000|  0%| F|  |TAMS 0x000000072f400000, 0x000000072f400000| Untracked 
|1214|0x000000072f800000, 0x000000072f800000, 0x000000072fc00000|  0%| F|  |TAMS 0x000000072f800000, 0x000000072f800000| Untracked 
|1215|0x000000072fc00000, 0x000000072fc00000, 0x0000000730000000|  0%| F|  |TAMS 0x000000072fc00000, 0x000000072fc00000| Untracked 
|1216|0x0000000730000000, 0x0000000730000000, 0x0000000730400000|  0%| F|  |TAMS 0x0000000730000000, 0x0000000730000000| Untracked 
|1217|0x0000000730400000, 0x0000000730400000, 0x0000000730800000|  0%| F|  |TAMS 0x0000000730400000, 0x0000000730400000| Untracked 
|1218|0x0000000730800000, 0x0000000730c00000, 0x0000000730c00000|100%| O|  |TAMS 0x0000000730c00000, 0x0000000730800000| Untracked 
|1219|0x0000000730c00000, 0x0000000730c00000, 0x0000000731000000|  0%| F|  |TAMS 0x0000000730c00000, 0x0000000730c00000| Untracked 
|1220|0x0000000731000000, 0x0000000731000000, 0x0000000731400000|  0%| F|  |TAMS 0x0000000731000000, 0x0000000731000000| Untracked 
|1221|0x0000000731400000, 0x0000000731400000, 0x0000000731800000|  0%| F|  |TAMS 0x0000000731400000, 0x0000000731400000| Untracked 
|1222|0x0000000731800000, 0x0000000731800000, 0x0000000731c00000|  0%| F|  |TAMS 0x0000000731800000, 0x0000000731800000| Untracked 
|1223|0x0000000731c00000, 0x0000000731c00000, 0x0000000732000000|  0%| F|  |TAMS 0x0000000731c00000, 0x0000000731c00000| Untracked 
|1224|0x0000000732000000, 0x0000000732000000, 0x0000000732400000|  0%| F|  |TAMS 0x0000000732000000, 0x0000000732000000| Untracked 
|1225|0x0000000732400000, 0x0000000732400000, 0x0000000732800000|  0%| F|  |TAMS 0x0000000732400000, 0x0000000732400000| Untracked 
|1226|0x0000000732800000, 0x0000000732800000, 0x0000000732c00000|  0%| F|  |TAMS 0x0000000732800000, 0x0000000732800000| Untracked 
|1227|0x0000000732c00000, 0x0000000732c00000, 0x0000000733000000|  0%| F|  |TAMS 0x0000000732c00000, 0x0000000732c00000| Untracked 
|1228|0x0000000733000000, 0x0000000733331a60, 0x0000000733400000| 79%| S|CS|TAMS 0x0000000733000000, 0x0000000733000000| Complete 
|1229|0x0000000733400000, 0x0000000733800000, 0x0000000733800000|100%| S|CS|TAMS 0x0000000733400000, 0x0000000733400000| Complete 
|1230|0x0000000733800000, 0x0000000733c00000, 0x0000000733c00000|100%| S|CS|TAMS 0x0000000733800000, 0x0000000733800000| Complete 
|1231|0x0000000733c00000, 0x0000000734000000, 0x0000000734000000|100%| S|CS|TAMS 0x0000000733c00000, 0x0000000733c00000| Complete 
|1232|0x0000000734000000, 0x0000000734000000, 0x0000000734400000|  0%| F|  |TAMS 0x0000000734000000, 0x0000000734000000| Untracked 
|1233|0x0000000734400000, 0x0000000734400000, 0x0000000734800000|  0%| F|  |TAMS 0x0000000734400000, 0x0000000734400000| Untracked 
|1234|0x0000000734800000, 0x0000000734800000, 0x0000000734c00000|  0%| F|  |TAMS 0x0000000734800000, 0x0000000734800000| Untracked 
|1235|0x0000000734c00000, 0x0000000734c00000, 0x0000000735000000|  0%| F|  |TAMS 0x0000000734c00000, 0x0000000734c00000| Untracked 
|1236|0x0000000735000000, 0x0000000735000000, 0x0000000735400000|  0%| F|  |TAMS 0x0000000735000000, 0x0000000735000000| Untracked 
|1237|0x0000000735400000, 0x0000000735400000, 0x0000000735800000|  0%| F|  |TAMS 0x0000000735400000, 0x0000000735400000| Untracked 
|1238|0x0000000735800000, 0x0000000735800000, 0x0000000735c00000|  0%| F|  |TAMS 0x0000000735800000, 0x0000000735800000| Untracked 
|1239|0x0000000735c00000, 0x0000000735c00000, 0x0000000736000000|  0%| F|  |TAMS 0x0000000735c00000, 0x0000000735c00000| Untracked 
|1240|0x0000000736000000, 0x0000000736000000, 0x0000000736400000|  0%| F|  |TAMS 0x0000000736000000, 0x0000000736000000| Untracked 
|1241|0x0000000736400000, 0x0000000736400000, 0x0000000736800000|  0%| F|  |TAMS 0x0000000736400000, 0x0000000736400000| Untracked 
|1242|0x0000000736800000, 0x0000000736c00000, 0x0000000736c00000|100%| S|CS|TAMS 0x0000000736800000, 0x0000000736800000| Complete 
|1243|0x0000000736c00000, 0x0000000737000000, 0x0000000737000000|100%| S|CS|TAMS 0x0000000736c00000, 0x0000000736c00000| Complete 
|1244|0x0000000737000000, 0x0000000737400000, 0x0000000737400000|100%| S|CS|TAMS 0x0000000737000000, 0x0000000737000000| Complete 
|1245|0x0000000737400000, 0x0000000737800000, 0x0000000737800000|100%| S|CS|TAMS 0x0000000737400000, 0x0000000737400000| Complete 
|1246|0x0000000737800000, 0x0000000737c00000, 0x0000000737c00000|100%| S|CS|TAMS 0x0000000737800000, 0x0000000737800000| Complete 
|1247|0x0000000737c00000, 0x0000000738000000, 0x0000000738000000|100%| S|CS|TAMS 0x0000000737c00000, 0x0000000737c00000| Complete 
|1248|0x0000000738000000, 0x0000000738400000, 0x0000000738400000|100%| S|CS|TAMS 0x0000000738000000, 0x0000000738000000| Complete 
|1249|0x0000000738400000, 0x0000000738800000, 0x0000000738800000|100%| S|CS|TAMS 0x0000000738400000, 0x0000000738400000| Complete 
|1250|0x0000000738800000, 0x0000000738c00000, 0x0000000738c00000|100%| S|CS|TAMS 0x0000000738800000, 0x0000000738800000| Complete 
|1251|0x0000000738c00000, 0x0000000739000000, 0x0000000739000000|100%| S|CS|TAMS 0x0000000738c00000, 0x0000000738c00000| Complete 
|1252|0x0000000739000000, 0x0000000739000000, 0x0000000739400000|  0%| F|  |TAMS 0x0000000739000000, 0x0000000739000000| Untracked 
|1253|0x0000000739400000, 0x0000000739400000, 0x0000000739800000|  0%| F|  |TAMS 0x0000000739400000, 0x0000000739400000| Untracked 
|1254|0x0000000739800000, 0x0000000739800000, 0x0000000739c00000|  0%| F|  |TAMS 0x0000000739800000, 0x0000000739800000| Untracked 
|1255|0x0000000739c00000, 0x0000000739c00000, 0x000000073a000000|  0%| F|  |TAMS 0x0000000739c00000, 0x0000000739c00000| Untracked 
|1256|0x000000073a000000, 0x000000073a000000, 0x000000073a400000|  0%| F|  |TAMS 0x000000073a000000, 0x000000073a000000| Untracked 
|1257|0x000000073a400000, 0x000000073a400000, 0x000000073a800000|  0%| F|  |TAMS 0x000000073a400000, 0x000000073a400000| Untracked 
|1258|0x000000073a800000, 0x000000073a800000, 0x000000073ac00000|  0%| F|  |TAMS 0x000000073a800000, 0x000000073a800000| Untracked 
|1259|0x000000073ac00000, 0x000000073ac00000, 0x000000073b000000|  0%| F|  |TAMS 0x000000073ac00000, 0x000000073ac00000| Untracked 
|1260|0x000000073b000000, 0x000000073b000000, 0x000000073b400000|  0%| F|  |TAMS 0x000000073b000000, 0x000000073b000000| Untracked 
|1261|0x000000073b400000, 0x000000073b400000, 0x000000073b800000|  0%| F|  |TAMS 0x000000073b400000, 0x000000073b400000| Untracked 
|1262|0x000000073b800000, 0x000000073b800000, 0x000000073bc00000|  0%| F|  |TAMS 0x000000073b800000, 0x000000073b800000| Untracked 
|1263|0x000000073bc00000, 0x000000073bc00000, 0x000000073c000000|  0%| F|  |TAMS 0x000000073bc00000, 0x000000073bc00000| Untracked 
|1264|0x000000073c000000, 0x000000073c000000, 0x000000073c400000|  0%| F|  |TAMS 0x000000073c000000, 0x000000073c000000| Untracked 
|1265|0x000000073c400000, 0x000000073c400000, 0x000000073c800000|  0%| F|  |TAMS 0x000000073c400000, 0x000000073c400000| Untracked 
|1266|0x000000073c800000, 0x000000073c800000, 0x000000073cc00000|  0%| F|  |TAMS 0x000000073c800000, 0x000000073c800000| Untracked 
|1267|0x000000073cc00000, 0x000000073cc00000, 0x000000073d000000|  0%| F|  |TAMS 0x000000073cc00000, 0x000000073cc00000| Untracked 
|1268|0x000000073d000000, 0x000000073d000000, 0x000000073d400000|  0%| F|  |TAMS 0x000000073d000000, 0x000000073d000000| Untracked 
|1269|0x000000073d400000, 0x000000073d400000, 0x000000073d800000|  0%| F|  |TAMS 0x000000073d400000, 0x000000073d400000| Untracked 
|1270|0x000000073d800000, 0x000000073d800000, 0x000000073dc00000|  0%| F|  |TAMS 0x000000073d800000, 0x000000073d800000| Untracked 
|1271|0x000000073dc00000, 0x000000073dc00000, 0x000000073e000000|  0%| F|  |TAMS 0x000000073dc00000, 0x000000073dc00000| Untracked 
|1272|0x000000073e000000, 0x000000073e000000, 0x000000073e400000|  0%| F|  |TAMS 0x000000073e000000, 0x000000073e000000| Untracked 
|1273|0x000000073e400000, 0x000000073e400000, 0x000000073e800000|  0%| F|  |TAMS 0x000000073e400000, 0x000000073e400000| Untracked 
|1274|0x000000073e800000, 0x000000073e800000, 0x000000073ec00000|  0%| F|  |TAMS 0x000000073e800000, 0x000000073e800000| Untracked 
|1275|0x000000073ec00000, 0x000000073ec00000, 0x000000073f000000|  0%| F|  |TAMS 0x000000073ec00000, 0x000000073ec00000| Untracked 
|1276|0x000000073f000000, 0x000000073f000000, 0x000000073f400000|  0%| F|  |TAMS 0x000000073f000000, 0x000000073f000000| Untracked 
|1277|0x000000073f400000, 0x000000073f400000, 0x000000073f800000|  0%| F|  |TAMS 0x000000073f400000, 0x000000073f400000| Untracked 
|1278|0x000000073f800000, 0x000000073f800000, 0x000000073fc00000|  0%| F|  |TAMS 0x000000073f800000, 0x000000073f800000| Untracked 
|1279|0x000000073fc00000, 0x000000073fc00000, 0x0000000740000000|  0%| F|  |TAMS 0x000000073fc00000, 0x000000073fc00000| Untracked 
|1280|0x0000000740000000, 0x0000000740000000, 0x0000000740400000|  0%| F|  |TAMS 0x0000000740000000, 0x0000000740000000| Untracked 
|1281|0x0000000740400000, 0x0000000740400000, 0x0000000740800000|  0%| F|  |TAMS 0x0000000740400000, 0x0000000740400000| Untracked 
|1282|0x0000000740800000, 0x0000000740800000, 0x0000000740c00000|  0%| F|  |TAMS 0x0000000740800000, 0x0000000740800000| Untracked 
|1283|0x0000000740c00000, 0x0000000740c00000, 0x0000000741000000|  0%| F|  |TAMS 0x0000000740c00000, 0x0000000740c00000| Untracked 
|1284|0x0000000741000000, 0x0000000741000000, 0x0000000741400000|  0%| F|  |TAMS 0x0000000741000000, 0x0000000741000000| Untracked 
|1285|0x0000000741400000, 0x0000000741400000, 0x0000000741800000|  0%| F|  |TAMS 0x0000000741400000, 0x0000000741400000| Untracked 
|1286|0x0000000741800000, 0x0000000741800000, 0x0000000741c00000|  0%| F|  |TAMS 0x0000000741800000, 0x0000000741800000| Untracked 
|1287|0x0000000741c00000, 0x0000000741c00000, 0x0000000742000000|  0%| F|  |TAMS 0x0000000741c00000, 0x0000000741c00000| Untracked 
|1288|0x0000000742000000, 0x0000000742000000, 0x0000000742400000|  0%| F|  |TAMS 0x0000000742000000, 0x0000000742000000| Untracked 
|1289|0x0000000742400000, 0x0000000742400000, 0x0000000742800000|  0%| F|  |TAMS 0x0000000742400000, 0x0000000742400000| Untracked 
|1290|0x0000000742800000, 0x0000000742800000, 0x0000000742c00000|  0%| F|  |TAMS 0x0000000742800000, 0x0000000742800000| Untracked 
|1291|0x0000000742c00000, 0x0000000742c00000, 0x0000000743000000|  0%| F|  |TAMS 0x0000000742c00000, 0x0000000742c00000| Untracked 
|1292|0x0000000743000000, 0x0000000743000000, 0x0000000743400000|  0%| F|  |TAMS 0x0000000743000000, 0x0000000743000000| Untracked 
|1293|0x0000000743400000, 0x0000000743400000, 0x0000000743800000|  0%| F|  |TAMS 0x0000000743400000, 0x0000000743400000| Untracked 
|1294|0x0000000743800000, 0x0000000743800000, 0x0000000743c00000|  0%| F|  |TAMS 0x0000000743800000, 0x0000000743800000| Untracked 
|1295|0x0000000743c00000, 0x0000000743c00000, 0x0000000744000000|  0%| F|  |TAMS 0x0000000743c00000, 0x0000000743c00000| Untracked 
|1296|0x0000000744000000, 0x0000000744000000, 0x0000000744400000|  0%| F|  |TAMS 0x0000000744000000, 0x0000000744000000| Untracked 
|1297|0x0000000744400000, 0x0000000744400000, 0x0000000744800000|  0%| F|  |TAMS 0x0000000744400000, 0x0000000744400000| Untracked 
|1298|0x0000000744800000, 0x0000000744800000, 0x0000000744c00000|  0%| F|  |TAMS 0x0000000744800000, 0x0000000744800000| Untracked 
|1299|0x0000000744c00000, 0x0000000744c00000, 0x0000000745000000|  0%| F|  |TAMS 0x0000000744c00000, 0x0000000744c00000| Untracked 
|1300|0x0000000745000000, 0x0000000745000000, 0x0000000745400000|  0%| F|  |TAMS 0x0000000745000000, 0x0000000745000000| Untracked 
|1301|0x0000000745400000, 0x0000000745400000, 0x0000000745800000|  0%| F|  |TAMS 0x0000000745400000, 0x0000000745400000| Untracked 
|1302|0x0000000745800000, 0x0000000745800000, 0x0000000745c00000|  0%| F|  |TAMS 0x0000000745800000, 0x0000000745800000| Untracked 
|1303|0x0000000745c00000, 0x0000000745c00000, 0x0000000746000000|  0%| F|  |TAMS 0x0000000745c00000, 0x0000000745c00000| Untracked 
|1304|0x0000000746000000, 0x0000000746000000, 0x0000000746400000|  0%| F|  |TAMS 0x0000000746000000, 0x0000000746000000| Untracked 
|1305|0x0000000746400000, 0x0000000746400000, 0x0000000746800000|  0%| F|  |TAMS 0x0000000746400000, 0x0000000746400000| Untracked 
|1306|0x0000000746800000, 0x0000000746800000, 0x0000000746c00000|  0%| F|  |TAMS 0x0000000746800000, 0x0000000746800000| Untracked 
|1307|0x0000000746c00000, 0x0000000746c00000, 0x0000000747000000|  0%| F|  |TAMS 0x0000000746c00000, 0x0000000746c00000| Untracked 
|1308|0x0000000747000000, 0x0000000747000000, 0x0000000747400000|  0%| F|  |TAMS 0x0000000747000000, 0x0000000747000000| Untracked 
|1309|0x0000000747400000, 0x0000000747400000, 0x0000000747800000|  0%| F|  |TAMS 0x0000000747400000, 0x0000000747400000| Untracked 
|1310|0x0000000747800000, 0x0000000747800000, 0x0000000747c00000|  0%| F|  |TAMS 0x0000000747800000, 0x0000000747800000| Untracked 
|1311|0x0000000747c00000, 0x0000000747c00000, 0x0000000748000000|  0%| F|  |TAMS 0x0000000747c00000, 0x0000000747c00000| Untracked 
|1312|0x0000000748000000, 0x0000000748000000, 0x0000000748400000|  0%| F|  |TAMS 0x0000000748000000, 0x0000000748000000| Untracked 
|1313|0x0000000748400000, 0x0000000748400000, 0x0000000748800000|  0%| F|  |TAMS 0x0000000748400000, 0x0000000748400000| Untracked 
|1314|0x0000000748800000, 0x0000000748800000, 0x0000000748c00000|  0%| F|  |TAMS 0x0000000748800000, 0x0000000748800000| Untracked 
|1315|0x0000000748c00000, 0x0000000748c00000, 0x0000000749000000|  0%| F|  |TAMS 0x0000000748c00000, 0x0000000748c00000| Untracked 
|1316|0x0000000749000000, 0x0000000749000000, 0x0000000749400000|  0%| F|  |TAMS 0x0000000749000000, 0x0000000749000000| Untracked 
|1317|0x0000000749400000, 0x0000000749400000, 0x0000000749800000|  0%| F|  |TAMS 0x0000000749400000, 0x0000000749400000| Untracked 
|1318|0x0000000749800000, 0x0000000749800000, 0x0000000749c00000|  0%| F|  |TAMS 0x0000000749800000, 0x0000000749800000| Untracked 
|1319|0x0000000749c00000, 0x0000000749c00000, 0x000000074a000000|  0%| F|  |TAMS 0x0000000749c00000, 0x0000000749c00000| Untracked 
|1320|0x000000074a000000, 0x000000074a000000, 0x000000074a400000|  0%| F|  |TAMS 0x000000074a000000, 0x000000074a000000| Untracked 
|1321|0x000000074a400000, 0x000000074a400000, 0x000000074a800000|  0%| F|  |TAMS 0x000000074a400000, 0x000000074a400000| Untracked 
|1322|0x000000074a800000, 0x000000074a800000, 0x000000074ac00000|  0%| F|  |TAMS 0x000000074a800000, 0x000000074a800000| Untracked 
|1323|0x000000074ac00000, 0x000000074ac00000, 0x000000074b000000|  0%| F|  |TAMS 0x000000074ac00000, 0x000000074ac00000| Untracked 
|1324|0x000000074b000000, 0x000000074b000000, 0x000000074b400000|  0%| F|  |TAMS 0x000000074b000000, 0x000000074b000000| Untracked 
|1325|0x000000074b400000, 0x000000074b400000, 0x000000074b800000|  0%| F|  |TAMS 0x000000074b400000, 0x000000074b400000| Untracked 
|1326|0x000000074b800000, 0x000000074b800000, 0x000000074bc00000|  0%| F|  |TAMS 0x000000074b800000, 0x000000074b800000| Untracked 
|1327|0x000000074bc00000, 0x000000074bc00000, 0x000000074c000000|  0%| F|  |TAMS 0x000000074bc00000, 0x000000074bc00000| Untracked 
|1328|0x000000074c000000, 0x000000074c000000, 0x000000074c400000|  0%| F|  |TAMS 0x000000074c000000, 0x000000074c000000| Untracked 
|1329|0x000000074c400000, 0x000000074c400000, 0x000000074c800000|  0%| F|  |TAMS 0x000000074c400000, 0x000000074c400000| Untracked 
|1330|0x000000074c800000, 0x000000074c800000, 0x000000074cc00000|  0%| F|  |TAMS 0x000000074c800000, 0x000000074c800000| Untracked 
|1331|0x000000074cc00000, 0x000000074cc00000, 0x000000074d000000|  0%| F|  |TAMS 0x000000074cc00000, 0x000000074cc00000| Untracked 
|1332|0x000000074d000000, 0x000000074d000000, 0x000000074d400000|  0%| F|  |TAMS 0x000000074d000000, 0x000000074d000000| Untracked 
|1333|0x000000074d400000, 0x000000074d400000, 0x000000074d800000|  0%| F|  |TAMS 0x000000074d400000, 0x000000074d400000| Untracked 
|1334|0x000000074d800000, 0x000000074d800000, 0x000000074dc00000|  0%| F|  |TAMS 0x000000074d800000, 0x000000074d800000| Untracked 
|1335|0x000000074dc00000, 0x000000074dc00000, 0x000000074e000000|  0%| F|  |TAMS 0x000000074dc00000, 0x000000074dc00000| Untracked 
|1336|0x000000074e000000, 0x000000074e000000, 0x000000074e400000|  0%| F|  |TAMS 0x000000074e000000, 0x000000074e000000| Untracked 
|1337|0x000000074e400000, 0x000000074e400000, 0x000000074e800000|  0%| F|  |TAMS 0x000000074e400000, 0x000000074e400000| Untracked 
|1338|0x000000074e800000, 0x000000074e800000, 0x000000074ec00000|  0%| F|  |TAMS 0x000000074e800000, 0x000000074e800000| Untracked 
|1339|0x000000074ec00000, 0x000000074ec00000, 0x000000074f000000|  0%| F|  |TAMS 0x000000074ec00000, 0x000000074ec00000| Untracked 
|1340|0x000000074f000000, 0x000000074f000000, 0x000000074f400000|  0%| F|  |TAMS 0x000000074f000000, 0x000000074f000000| Untracked 
|1341|0x000000074f400000, 0x000000074f400000, 0x000000074f800000|  0%| F|  |TAMS 0x000000074f400000, 0x000000074f400000| Untracked 
|1342|0x000000074f800000, 0x000000074f800000, 0x000000074fc00000|  0%| F|  |TAMS 0x000000074f800000, 0x000000074f800000| Untracked 
|1343|0x000000074fc00000, 0x000000074fc00000, 0x0000000750000000|  0%| F|  |TAMS 0x000000074fc00000, 0x000000074fc00000| Untracked 
|1344|0x0000000750000000, 0x0000000750000000, 0x0000000750400000|  0%| F|  |TAMS 0x0000000750000000, 0x0000000750000000| Untracked 
|1345|0x0000000750400000, 0x0000000750400000, 0x0000000750800000|  0%| F|  |TAMS 0x0000000750400000, 0x0000000750400000| Untracked 
|1346|0x0000000750800000, 0x0000000750800000, 0x0000000750c00000|  0%| F|  |TAMS 0x0000000750800000, 0x0000000750800000| Untracked 
|1347|0x0000000750c00000, 0x0000000750c00000, 0x0000000751000000|  0%| F|  |TAMS 0x0000000750c00000, 0x0000000750c00000| Untracked 
|1348|0x0000000751000000, 0x0000000751000000, 0x0000000751400000|  0%| F|  |TAMS 0x0000000751000000, 0x0000000751000000| Untracked 
|1349|0x0000000751400000, 0x0000000751400000, 0x0000000751800000|  0%| F|  |TAMS 0x0000000751400000, 0x0000000751400000| Untracked 
|1350|0x0000000751800000, 0x0000000751800000, 0x0000000751c00000|  0%| F|  |TAMS 0x0000000751800000, 0x0000000751800000| Untracked 
|1351|0x0000000751c00000, 0x0000000751c00000, 0x0000000752000000|  0%| F|  |TAMS 0x0000000751c00000, 0x0000000751c00000| Untracked 
|1352|0x0000000752000000, 0x0000000752000000, 0x0000000752400000|  0%| F|  |TAMS 0x0000000752000000, 0x0000000752000000| Untracked 
|1353|0x0000000752400000, 0x0000000752400000, 0x0000000752800000|  0%| F|  |TAMS 0x0000000752400000, 0x0000000752400000| Untracked 
|1354|0x0000000752800000, 0x0000000752800000, 0x0000000752c00000|  0%| F|  |TAMS 0x0000000752800000, 0x0000000752800000| Untracked 
|1355|0x0000000752c00000, 0x0000000752c00000, 0x0000000753000000|  0%| F|  |TAMS 0x0000000752c00000, 0x0000000752c00000| Untracked 
|1356|0x0000000753000000, 0x0000000753000000, 0x0000000753400000|  0%| F|  |TAMS 0x0000000753000000, 0x0000000753000000| Untracked 
|1357|0x0000000753400000, 0x0000000753400000, 0x0000000753800000|  0%| F|  |TAMS 0x0000000753400000, 0x0000000753400000| Untracked 
|1358|0x0000000753800000, 0x0000000753800000, 0x0000000753c00000|  0%| F|  |TAMS 0x0000000753800000, 0x0000000753800000| Untracked 
|1359|0x0000000753c00000, 0x0000000753c00000, 0x0000000754000000|  0%| F|  |TAMS 0x0000000753c00000, 0x0000000753c00000| Untracked 
|1360|0x0000000754000000, 0x0000000754000000, 0x0000000754400000|  0%| F|  |TAMS 0x0000000754000000, 0x0000000754000000| Untracked 
|1361|0x0000000754400000, 0x0000000754400000, 0x0000000754800000|  0%| F|  |TAMS 0x0000000754400000, 0x0000000754400000| Untracked 
|1362|0x0000000754800000, 0x0000000754800000, 0x0000000754c00000|  0%| F|  |TAMS 0x0000000754800000, 0x0000000754800000| Untracked 
|1363|0x0000000754c00000, 0x0000000754c00000, 0x0000000755000000|  0%| F|  |TAMS 0x0000000754c00000, 0x0000000754c00000| Untracked 
|1364|0x0000000755000000, 0x0000000755000000, 0x0000000755400000|  0%| F|  |TAMS 0x0000000755000000, 0x0000000755000000| Untracked 
|1365|0x0000000755400000, 0x0000000755400000, 0x0000000755800000|  0%| F|  |TAMS 0x0000000755400000, 0x0000000755400000| Untracked 
|1366|0x0000000755800000, 0x0000000755800000, 0x0000000755c00000|  0%| F|  |TAMS 0x0000000755800000, 0x0000000755800000| Untracked 
|1367|0x0000000755c00000, 0x0000000755c00000, 0x0000000756000000|  0%| F|  |TAMS 0x0000000755c00000, 0x0000000755c00000| Untracked 
|1368|0x0000000756000000, 0x0000000756000000, 0x0000000756400000|  0%| F|  |TAMS 0x0000000756000000, 0x0000000756000000| Untracked 
|1369|0x0000000756400000, 0x0000000756400000, 0x0000000756800000|  0%| F|  |TAMS 0x0000000756400000, 0x0000000756400000| Untracked 
|1370|0x0000000756800000, 0x0000000756800000, 0x0000000756c00000|  0%| F|  |TAMS 0x0000000756800000, 0x0000000756800000| Untracked 
|1371|0x0000000756c00000, 0x0000000756c00000, 0x0000000757000000|  0%| F|  |TAMS 0x0000000756c00000, 0x0000000756c00000| Untracked 
|1372|0x0000000757000000, 0x0000000757000000, 0x0000000757400000|  0%| F|  |TAMS 0x0000000757000000, 0x0000000757000000| Untracked 
|1373|0x0000000757400000, 0x0000000757400000, 0x0000000757800000|  0%| F|  |TAMS 0x0000000757400000, 0x0000000757400000| Untracked 
|1374|0x0000000757800000, 0x0000000757800000, 0x0000000757c00000|  0%| F|  |TAMS 0x0000000757800000, 0x0000000757800000| Untracked 
|1375|0x0000000757c00000, 0x0000000757c00000, 0x0000000758000000|  0%| F|  |TAMS 0x0000000757c00000, 0x0000000757c00000| Untracked 
|1376|0x0000000758000000, 0x0000000758000000, 0x0000000758400000|  0%| F|  |TAMS 0x0000000758000000, 0x0000000758000000| Untracked 
|1377|0x0000000758400000, 0x0000000758400000, 0x0000000758800000|  0%| F|  |TAMS 0x0000000758400000, 0x0000000758400000| Untracked 
|1378|0x0000000758800000, 0x0000000758800000, 0x0000000758c00000|  0%| F|  |TAMS 0x0000000758800000, 0x0000000758800000| Untracked 
|1379|0x0000000758c00000, 0x0000000758c00000, 0x0000000759000000|  0%| F|  |TAMS 0x0000000758c00000, 0x0000000758c00000| Untracked 
|1380|0x0000000759000000, 0x0000000759000000, 0x0000000759400000|  0%| F|  |TAMS 0x0000000759000000, 0x0000000759000000| Untracked 
|1381|0x0000000759400000, 0x0000000759400000, 0x0000000759800000|  0%| F|  |TAMS 0x0000000759400000, 0x0000000759400000| Untracked 
|1382|0x0000000759800000, 0x0000000759800000, 0x0000000759c00000|  0%| F|  |TAMS 0x0000000759800000, 0x0000000759800000| Untracked 
|1383|0x0000000759c00000, 0x0000000759c00000, 0x000000075a000000|  0%| F|  |TAMS 0x0000000759c00000, 0x0000000759c00000| Untracked 
|1384|0x000000075a000000, 0x000000075a000000, 0x000000075a400000|  0%| F|  |TAMS 0x000000075a000000, 0x000000075a000000| Untracked 
|1385|0x000000075a400000, 0x000000075a400000, 0x000000075a800000|  0%| F|  |TAMS 0x000000075a400000, 0x000000075a400000| Untracked 
|1386|0x000000075a800000, 0x000000075a800000, 0x000000075ac00000|  0%| F|  |TAMS 0x000000075a800000, 0x000000075a800000| Untracked 
|1387|0x000000075ac00000, 0x000000075ac00000, 0x000000075b000000|  0%| F|  |TAMS 0x000000075ac00000, 0x000000075ac00000| Untracked 
|1388|0x000000075b000000, 0x000000075b000000, 0x000000075b400000|  0%| F|  |TAMS 0x000000075b000000, 0x000000075b000000| Untracked 
|1389|0x000000075b400000, 0x000000075b400000, 0x000000075b800000|  0%| F|  |TAMS 0x000000075b400000, 0x000000075b400000| Untracked 
|1390|0x000000075b800000, 0x000000075b800000, 0x000000075bc00000|  0%| F|  |TAMS 0x000000075b800000, 0x000000075b800000| Untracked 
|1391|0x000000075bc00000, 0x000000075bc00000, 0x000000075c000000|  0%| F|  |TAMS 0x000000075bc00000, 0x000000075bc00000| Untracked 
|1392|0x000000075c000000, 0x000000075c000000, 0x000000075c400000|  0%| F|  |TAMS 0x000000075c000000, 0x000000075c000000| Untracked 
|1393|0x000000075c400000, 0x000000075c4016a0, 0x000000075c800000|  0%| E|  |TAMS 0x000000075c400000, 0x000000075c400000| Complete 
|1394|0x000000075c800000, 0x000000075cc00000, 0x000000075cc00000|100%| E|CS|TAMS 0x000000075c800000, 0x000000075c800000| Complete 
|1395|0x000000075cc00000, 0x000000075d000000, 0x000000075d000000|100%| E|CS|TAMS 0x000000075cc00000, 0x000000075cc00000| Complete 
|1396|0x000000075d000000, 0x000000075d400000, 0x000000075d400000|100%| E|CS|TAMS 0x000000075d000000, 0x000000075d000000| Complete 
|1397|0x000000075d400000, 0x000000075d800000, 0x000000075d800000|100%| E|CS|TAMS 0x000000075d400000, 0x000000075d400000| Complete 
|1398|0x000000075d800000, 0x000000075dc00000, 0x000000075dc00000|100%| E|CS|TAMS 0x000000075d800000, 0x000000075d800000| Complete 
|1399|0x000000075dc00000, 0x000000075e000000, 0x000000075e000000|100%| E|CS|TAMS 0x000000075dc00000, 0x000000075dc00000| Complete 
|1400|0x000000075e000000, 0x000000075e400000, 0x000000075e400000|100%| E|CS|TAMS 0x000000075e000000, 0x000000075e000000| Complete 
|1401|0x000000075e400000, 0x000000075e800000, 0x000000075e800000|100%| E|CS|TAMS 0x000000075e400000, 0x000000075e400000| Complete 
|1402|0x000000075e800000, 0x000000075ec00000, 0x000000075ec00000|100%| E|CS|TAMS 0x000000075e800000, 0x000000075e800000| Complete 
|1403|0x000000075ec00000, 0x000000075f000000, 0x000000075f000000|100%| E|CS|TAMS 0x000000075ec00000, 0x000000075ec00000| Complete 
|1404|0x000000075f000000, 0x000000075f400000, 0x000000075f400000|100%| E|CS|TAMS 0x000000075f000000, 0x000000075f000000| Complete 
|1405|0x000000075f400000, 0x000000075f800000, 0x000000075f800000|100%| E|CS|TAMS 0x000000075f400000, 0x000000075f400000| Complete 
|1406|0x000000075f800000, 0x000000075fc00000, 0x000000075fc00000|100%| E|CS|TAMS 0x000000075f800000, 0x000000075f800000| Complete 
|1407|0x000000075fc00000, 0x0000000760000000, 0x0000000760000000|100%| E|CS|TAMS 0x000000075fc00000, 0x000000075fc00000| Complete 
|1408|0x0000000760000000, 0x0000000760400000, 0x0000000760400000|100%| E|CS|TAMS 0x0000000760000000, 0x0000000760000000| Complete 
|1409|0x0000000760400000, 0x0000000760800000, 0x0000000760800000|100%| E|CS|TAMS 0x0000000760400000, 0x0000000760400000| Complete 
|1410|0x0000000760800000, 0x0000000760c00000, 0x0000000760c00000|100%| E|CS|TAMS 0x0000000760800000, 0x0000000760800000| Complete 
|1411|0x0000000760c00000, 0x0000000761000000, 0x0000000761000000|100%| E|CS|TAMS 0x0000000760c00000, 0x0000000760c00000| Complete 
|1412|0x0000000761000000, 0x0000000761400000, 0x0000000761400000|100%| E|CS|TAMS 0x0000000761000000, 0x0000000761000000| Complete 
|1413|0x0000000761400000, 0x0000000761800000, 0x0000000761800000|100%| E|CS|TAMS 0x0000000761400000, 0x0000000761400000| Complete 
|1414|0x0000000761800000, 0x0000000761c00000, 0x0000000761c00000|100%| E|CS|TAMS 0x0000000761800000, 0x0000000761800000| Complete 
|1415|0x0000000761c00000, 0x0000000762000000, 0x0000000762000000|100%| E|CS|TAMS 0x0000000761c00000, 0x0000000761c00000| Complete 
|1416|0x0000000762000000, 0x0000000762400000, 0x0000000762400000|100%| E|CS|TAMS 0x0000000762000000, 0x0000000762000000| Complete 
|1417|0x0000000762400000, 0x0000000762800000, 0x0000000762800000|100%| E|CS|TAMS 0x0000000762400000, 0x0000000762400000| Complete 
|1418|0x0000000762800000, 0x0000000762c00000, 0x0000000762c00000|100%| E|CS|TAMS 0x0000000762800000, 0x0000000762800000| Complete 
|1419|0x0000000762c00000, 0x0000000763000000, 0x0000000763000000|100%| E|CS|TAMS 0x0000000762c00000, 0x0000000762c00000| Complete 
|1420|0x0000000763000000, 0x0000000763400000, 0x0000000763400000|100%| E|CS|TAMS 0x0000000763000000, 0x0000000763000000| Complete 
|1421|0x0000000763400000, 0x0000000763800000, 0x0000000763800000|100%| E|CS|TAMS 0x0000000763400000, 0x0000000763400000| Complete 
|1422|0x0000000763800000, 0x0000000763c00000, 0x0000000763c00000|100%| E|CS|TAMS 0x0000000763800000, 0x0000000763800000| Complete 
|1423|0x0000000763c00000, 0x0000000764000000, 0x0000000764000000|100%| E|CS|TAMS 0x0000000763c00000, 0x0000000763c00000| Complete 
|1424|0x0000000764000000, 0x0000000764400000, 0x0000000764400000|100%| E|CS|TAMS 0x0000000764000000, 0x0000000764000000| Complete 
|1425|0x0000000764400000, 0x0000000764800000, 0x0000000764800000|100%| E|CS|TAMS 0x0000000764400000, 0x0000000764400000| Complete 
|1426|0x0000000764800000, 0x0000000764c00000, 0x0000000764c00000|100%| E|CS|TAMS 0x0000000764800000, 0x0000000764800000| Complete 
|1427|0x0000000764c00000, 0x0000000765000000, 0x0000000765000000|100%| E|CS|TAMS 0x0000000764c00000, 0x0000000764c00000| Complete 
|1428|0x0000000765000000, 0x0000000765400000, 0x0000000765400000|100%| E|CS|TAMS 0x0000000765000000, 0x0000000765000000| Complete 
|1429|0x0000000765400000, 0x0000000765800000, 0x0000000765800000|100%| E|CS|TAMS 0x0000000765400000, 0x0000000765400000| Complete 
|1430|0x0000000765800000, 0x0000000765c00000, 0x0000000765c00000|100%| E|CS|TAMS 0x0000000765800000, 0x0000000765800000| Complete 
|1431|0x0000000765c00000, 0x0000000766000000, 0x0000000766000000|100%| E|CS|TAMS 0x0000000765c00000, 0x0000000765c00000| Complete 
|1432|0x0000000766000000, 0x0000000766400000, 0x0000000766400000|100%| E|CS|TAMS 0x0000000766000000, 0x0000000766000000| Complete 
|1433|0x0000000766400000, 0x0000000766800000, 0x0000000766800000|100%| E|CS|TAMS 0x0000000766400000, 0x0000000766400000| Complete 
|1434|0x0000000766800000, 0x0000000766c00000, 0x0000000766c00000|100%| E|CS|TAMS 0x0000000766800000, 0x0000000766800000| Complete 
|1435|0x0000000766c00000, 0x0000000767000000, 0x0000000767000000|100%| E|CS|TAMS 0x0000000766c00000, 0x0000000766c00000| Complete 
|1436|0x0000000767000000, 0x0000000767400000, 0x0000000767400000|100%| E|CS|TAMS 0x0000000767000000, 0x0000000767000000| Complete 
|1437|0x0000000767400000, 0x0000000767800000, 0x0000000767800000|100%| E|CS|TAMS 0x0000000767400000, 0x0000000767400000| Complete 
|1438|0x0000000767800000, 0x0000000767c00000, 0x0000000767c00000|100%| E|CS|TAMS 0x0000000767800000, 0x0000000767800000| Complete 
|1439|0x0000000767c00000, 0x0000000768000000, 0x0000000768000000|100%| E|CS|TAMS 0x0000000767c00000, 0x0000000767c00000| Complete 
|1440|0x0000000768000000, 0x0000000768400000, 0x0000000768400000|100%| E|CS|TAMS 0x0000000768000000, 0x0000000768000000| Complete 
|1441|0x0000000768400000, 0x0000000768800000, 0x0000000768800000|100%| E|CS|TAMS 0x0000000768400000, 0x0000000768400000| Complete 
|1442|0x0000000768800000, 0x0000000768c00000, 0x0000000768c00000|100%| E|CS|TAMS 0x0000000768800000, 0x0000000768800000| Complete 
|1443|0x0000000768c00000, 0x0000000769000000, 0x0000000769000000|100%| E|CS|TAMS 0x0000000768c00000, 0x0000000768c00000| Complete 
|1444|0x0000000769000000, 0x0000000769400000, 0x0000000769400000|100%| E|CS|TAMS 0x0000000769000000, 0x0000000769000000| Complete 
|1445|0x0000000769400000, 0x0000000769800000, 0x0000000769800000|100%| E|CS|TAMS 0x0000000769400000, 0x0000000769400000| Complete 
|1446|0x0000000769800000, 0x0000000769c00000, 0x0000000769c00000|100%| E|CS|TAMS 0x0000000769800000, 0x0000000769800000| Complete 
|1447|0x0000000769c00000, 0x000000076a000000, 0x000000076a000000|100%| E|CS|TAMS 0x0000000769c00000, 0x0000000769c00000| Complete 
|1448|0x000000076a000000, 0x000000076a400000, 0x000000076a400000|100%| E|CS|TAMS 0x000000076a000000, 0x000000076a000000| Complete 
|1449|0x000000076a400000, 0x000000076a800000, 0x000000076a800000|100%| E|CS|TAMS 0x000000076a400000, 0x000000076a400000| Complete 
|1450|0x000000076a800000, 0x000000076ac00000, 0x000000076ac00000|100%| E|CS|TAMS 0x000000076a800000, 0x000000076a800000| Complete 
|1451|0x000000076ac00000, 0x000000076b000000, 0x000000076b000000|100%| E|CS|TAMS 0x000000076ac00000, 0x000000076ac00000| Complete 
|1452|0x000000076b000000, 0x000000076b400000, 0x000000076b400000|100%| E|CS|TAMS 0x000000076b000000, 0x000000076b000000| Complete 
|1453|0x000000076b400000, 0x000000076b800000, 0x000000076b800000|100%| E|CS|TAMS 0x000000076b400000, 0x000000076b400000| Complete 
|1454|0x000000076b800000, 0x000000076bc00000, 0x000000076bc00000|100%| E|CS|TAMS 0x000000076b800000, 0x000000076b800000| Complete 
|1455|0x000000076bc00000, 0x000000076c000000, 0x000000076c000000|100%| E|CS|TAMS 0x000000076bc00000, 0x000000076bc00000| Complete 
|1456|0x000000076c000000, 0x000000076c400000, 0x000000076c400000|100%| E|CS|TAMS 0x000000076c000000, 0x000000076c000000| Complete 
|1457|0x000000076c400000, 0x000000076c800000, 0x000000076c800000|100%| E|CS|TAMS 0x000000076c400000, 0x000000076c400000| Complete 
|1458|0x000000076c800000, 0x000000076cc00000, 0x000000076cc00000|100%| E|CS|TAMS 0x000000076c800000, 0x000000076c800000| Complete 
|1459|0x000000076cc00000, 0x000000076d000000, 0x000000076d000000|100%| E|CS|TAMS 0x000000076cc00000, 0x000000076cc00000| Complete 
|1460|0x000000076d000000, 0x000000076d400000, 0x000000076d400000|100%| E|CS|TAMS 0x000000076d000000, 0x000000076d000000| Complete 
|1461|0x000000076d400000, 0x000000076d800000, 0x000000076d800000|100%| E|CS|TAMS 0x000000076d400000, 0x000000076d400000| Complete 
|1462|0x000000076d800000, 0x000000076dc00000, 0x000000076dc00000|100%| E|CS|TAMS 0x000000076d800000, 0x000000076d800000| Complete 
|1463|0x000000076dc00000, 0x000000076e000000, 0x000000076e000000|100%| E|CS|TAMS 0x000000076dc00000, 0x000000076dc00000| Complete 
|1464|0x000000076e000000, 0x000000076e400000, 0x000000076e400000|100%| E|CS|TAMS 0x000000076e000000, 0x000000076e000000| Complete 
|1465|0x000000076e400000, 0x000000076e800000, 0x000000076e800000|100%| E|CS|TAMS 0x000000076e400000, 0x000000076e400000| Complete 
|1466|0x000000076e800000, 0x000000076ec00000, 0x000000076ec00000|100%| E|CS|TAMS 0x000000076e800000, 0x000000076e800000| Complete 
|1467|0x000000076ec00000, 0x000000076f000000, 0x000000076f000000|100%| E|CS|TAMS 0x000000076ec00000, 0x000000076ec00000| Complete 
|1468|0x000000076f000000, 0x000000076f400000, 0x000000076f400000|100%| E|CS|TAMS 0x000000076f000000, 0x000000076f000000| Complete 
|1469|0x000000076f400000, 0x000000076f800000, 0x000000076f800000|100%| E|CS|TAMS 0x000000076f400000, 0x000000076f400000| Complete 
|1470|0x000000076f800000, 0x000000076fc00000, 0x000000076fc00000|100%| E|CS|TAMS 0x000000076f800000, 0x000000076f800000| Complete 
|1471|0x000000076fc00000, 0x0000000770000000, 0x0000000770000000|100%| E|CS|TAMS 0x000000076fc00000, 0x000000076fc00000| Complete 
|1472|0x0000000770000000, 0x0000000770400000, 0x0000000770400000|100%| E|CS|TAMS 0x0000000770000000, 0x0000000770000000| Complete 
|1473|0x0000000770400000, 0x0000000770800000, 0x0000000770800000|100%| E|CS|TAMS 0x0000000770400000, 0x0000000770400000| Complete 
|1474|0x0000000770800000, 0x0000000770c00000, 0x0000000770c00000|100%| E|CS|TAMS 0x0000000770800000, 0x0000000770800000| Complete 
|1475|0x0000000770c00000, 0x0000000771000000, 0x0000000771000000|100%| E|CS|TAMS 0x0000000770c00000, 0x0000000770c00000| Complete 
|1476|0x0000000771000000, 0x0000000771400000, 0x0000000771400000|100%| E|CS|TAMS 0x0000000771000000, 0x0000000771000000| Complete 
|1477|0x0000000771400000, 0x0000000771800000, 0x0000000771800000|100%| E|CS|TAMS 0x0000000771400000, 0x0000000771400000| Complete 
|1478|0x0000000771800000, 0x0000000771c00000, 0x0000000771c00000|100%| E|CS|TAMS 0x0000000771800000, 0x0000000771800000| Complete 
|1479|0x0000000771c00000, 0x0000000772000000, 0x0000000772000000|100%| E|CS|TAMS 0x0000000771c00000, 0x0000000771c00000| Complete 
|1480|0x0000000772000000, 0x0000000772400000, 0x0000000772400000|100%| E|CS|TAMS 0x0000000772000000, 0x0000000772000000| Complete 
|1481|0x0000000772400000, 0x0000000772800000, 0x0000000772800000|100%| E|CS|TAMS 0x0000000772400000, 0x0000000772400000| Complete 
|1482|0x0000000772800000, 0x0000000772c00000, 0x0000000772c00000|100%| E|CS|TAMS 0x0000000772800000, 0x0000000772800000| Complete 
|1483|0x0000000772c00000, 0x0000000773000000, 0x0000000773000000|100%| E|CS|TAMS 0x0000000772c00000, 0x0000000772c00000| Complete 
|1484|0x0000000773000000, 0x0000000773400000, 0x0000000773400000|100%| E|CS|TAMS 0x0000000773000000, 0x0000000773000000| Complete 
|1485|0x0000000773400000, 0x0000000773800000, 0x0000000773800000|100%| E|CS|TAMS 0x0000000773400000, 0x0000000773400000| Complete 
|1486|0x0000000773800000, 0x0000000773c00000, 0x0000000773c00000|100%| E|CS|TAMS 0x0000000773800000, 0x0000000773800000| Complete 
|1487|0x0000000773c00000, 0x0000000774000000, 0x0000000774000000|100%| E|CS|TAMS 0x0000000773c00000, 0x0000000773c00000| Complete 
|1488|0x0000000774000000, 0x0000000774400000, 0x0000000774400000|100%| E|CS|TAMS 0x0000000774000000, 0x0000000774000000| Complete 
|1489|0x0000000774400000, 0x0000000774800000, 0x0000000774800000|100%| E|CS|TAMS 0x0000000774400000, 0x0000000774400000| Complete 
|1490|0x0000000774800000, 0x0000000774c00000, 0x0000000774c00000|100%| E|CS|TAMS 0x0000000774800000, 0x0000000774800000| Complete 
|1491|0x0000000774c00000, 0x0000000775000000, 0x0000000775000000|100%| E|CS|TAMS 0x0000000774c00000, 0x0000000774c00000| Complete 
|1492|0x0000000775000000, 0x0000000775400000, 0x0000000775400000|100%| E|CS|TAMS 0x0000000775000000, 0x0000000775000000| Complete 
|1493|0x0000000775400000, 0x0000000775800000, 0x0000000775800000|100%| E|CS|TAMS 0x0000000775400000, 0x0000000775400000| Complete 
|1494|0x0000000775800000, 0x0000000775c00000, 0x0000000775c00000|100%| E|CS|TAMS 0x0000000775800000, 0x0000000775800000| Complete 
|1495|0x0000000775c00000, 0x0000000776000000, 0x0000000776000000|100%| E|CS|TAMS 0x0000000775c00000, 0x0000000775c00000| Complete 
|1496|0x0000000776000000, 0x0000000776400000, 0x0000000776400000|100%| E|CS|TAMS 0x0000000776000000, 0x0000000776000000| Complete 
|1497|0x0000000776400000, 0x0000000776800000, 0x0000000776800000|100%| E|CS|TAMS 0x0000000776400000, 0x0000000776400000| Complete 
|1498|0x0000000776800000, 0x0000000776c00000, 0x0000000776c00000|100%| E|CS|TAMS 0x0000000776800000, 0x0000000776800000| Complete 
|1499|0x0000000776c00000, 0x0000000777000000, 0x0000000777000000|100%| E|CS|TAMS 0x0000000776c00000, 0x0000000776c00000| Complete 
|1500|0x0000000777000000, 0x0000000777400000, 0x0000000777400000|100%| E|CS|TAMS 0x0000000777000000, 0x0000000777000000| Complete 
|1501|0x0000000777400000, 0x0000000777800000, 0x0000000777800000|100%| E|CS|TAMS 0x0000000777400000, 0x0000000777400000| Complete 
|1502|0x0000000777800000, 0x0000000777c00000, 0x0000000777c00000|100%| E|CS|TAMS 0x0000000777800000, 0x0000000777800000| Complete 
|1503|0x0000000777c00000, 0x0000000778000000, 0x0000000778000000|100%| E|CS|TAMS 0x0000000777c00000, 0x0000000777c00000| Complete 
|1504|0x0000000778000000, 0x0000000778400000, 0x0000000778400000|100%| E|CS|TAMS 0x0000000778000000, 0x0000000778000000| Complete 
|1505|0x0000000778400000, 0x0000000778800000, 0x0000000778800000|100%| E|CS|TAMS 0x0000000778400000, 0x0000000778400000| Complete 
|1506|0x0000000778800000, 0x0000000778c00000, 0x0000000778c00000|100%| E|CS|TAMS 0x0000000778800000, 0x0000000778800000| Complete 
|1507|0x0000000778c00000, 0x0000000779000000, 0x0000000779000000|100%| E|CS|TAMS 0x0000000778c00000, 0x0000000778c00000| Complete 
|1508|0x0000000779000000, 0x0000000779400000, 0x0000000779400000|100%| E|CS|TAMS 0x0000000779000000, 0x0000000779000000| Complete 
|1509|0x0000000779400000, 0x0000000779800000, 0x0000000779800000|100%| E|CS|TAMS 0x0000000779400000, 0x0000000779400000| Complete 
|1510|0x0000000779800000, 0x0000000779c00000, 0x0000000779c00000|100%| E|CS|TAMS 0x0000000779800000, 0x0000000779800000| Complete 
|1511|0x0000000779c00000, 0x000000077a000000, 0x000000077a000000|100%| E|CS|TAMS 0x0000000779c00000, 0x0000000779c00000| Complete 
|1512|0x000000077a000000, 0x000000077a400000, 0x000000077a400000|100%| E|CS|TAMS 0x000000077a000000, 0x000000077a000000| Complete 
|1513|0x000000077a400000, 0x000000077a800000, 0x000000077a800000|100%| E|CS|TAMS 0x000000077a400000, 0x000000077a400000| Complete 
|1514|0x000000077a800000, 0x000000077ac00000, 0x000000077ac00000|100%| E|CS|TAMS 0x000000077a800000, 0x000000077a800000| Complete 
|1515|0x000000077ac00000, 0x000000077b000000, 0x000000077b000000|100%| E|CS|TAMS 0x000000077ac00000, 0x000000077ac00000| Complete 
|1516|0x000000077b000000, 0x000000077b400000, 0x000000077b400000|100%| E|CS|TAMS 0x000000077b000000, 0x000000077b000000| Complete 
|1517|0x000000077b400000, 0x000000077b800000, 0x000000077b800000|100%| E|CS|TAMS 0x000000077b400000, 0x000000077b400000| Complete 
|1518|0x000000077b800000, 0x000000077bc00000, 0x000000077bc00000|100%| E|CS|TAMS 0x000000077b800000, 0x000000077b800000| Complete 
|1519|0x000000077bc00000, 0x000000077c000000, 0x000000077c000000|100%| E|CS|TAMS 0x000000077bc00000, 0x000000077bc00000| Complete 
|1520|0x000000077c000000, 0x000000077c400000, 0x000000077c400000|100%| E|CS|TAMS 0x000000077c000000, 0x000000077c000000| Complete 
|1521|0x000000077c400000, 0x000000077c800000, 0x000000077c800000|100%| E|CS|TAMS 0x000000077c400000, 0x000000077c400000| Complete 
|1522|0x000000077c800000, 0x000000077cc00000, 0x000000077cc00000|100%| E|CS|TAMS 0x000000077c800000, 0x000000077c800000| Complete 
|1523|0x000000077cc00000, 0x000000077d000000, 0x000000077d000000|100%| E|CS|TAMS 0x000000077cc00000, 0x000000077cc00000| Complete 
|1524|0x000000077d000000, 0x000000077d400000, 0x000000077d400000|100%| E|CS|TAMS 0x000000077d000000, 0x000000077d000000| Complete 
|1525|0x000000077d400000, 0x000000077d800000, 0x000000077d800000|100%| E|CS|TAMS 0x000000077d400000, 0x000000077d400000| Complete 
|1526|0x000000077d800000, 0x000000077dc00000, 0x000000077dc00000|100%| E|CS|TAMS 0x000000077d800000, 0x000000077d800000| Complete 
|1527|0x000000077dc00000, 0x000000077e000000, 0x000000077e000000|100%| E|CS|TAMS 0x000000077dc00000, 0x000000077dc00000| Complete 
|1528|0x000000077e000000, 0x000000077e400000, 0x000000077e400000|100%| E|CS|TAMS 0x000000077e000000, 0x000000077e000000| Complete 
|1529|0x000000077e400000, 0x000000077e800000, 0x000000077e800000|100%| E|CS|TAMS 0x000000077e400000, 0x000000077e400000| Complete 
|1530|0x000000077e800000, 0x000000077ec00000, 0x000000077ec00000|100%| E|CS|TAMS 0x000000077e800000, 0x000000077e800000| Complete 
|1531|0x000000077ec00000, 0x000000077f000000, 0x000000077f000000|100%| E|CS|TAMS 0x000000077ec00000, 0x000000077ec00000| Complete 
|1532|0x000000077f000000, 0x000000077f400000, 0x000000077f400000|100%| E|CS|TAMS 0x000000077f000000, 0x000000077f000000| Complete 
|1533|0x000000077f400000, 0x000000077f800000, 0x000000077f800000|100%| E|CS|TAMS 0x000000077f400000, 0x000000077f400000| Complete 
|1534|0x000000077f800000, 0x000000077fc00000, 0x000000077fc00000|100%| E|CS|TAMS 0x000000077f800000, 0x000000077f800000| Complete 
|1535|0x000000077fc00000, 0x0000000780000000, 0x0000000780000000|100%| E|CS|TAMS 0x000000077fc00000, 0x000000077fc00000| Complete 
|1536|0x0000000780000000, 0x0000000780400000, 0x0000000780400000|100%| E|CS|TAMS 0x0000000780000000, 0x0000000780000000| Complete 
|1537|0x0000000780400000, 0x0000000780800000, 0x0000000780800000|100%| E|CS|TAMS 0x0000000780400000, 0x0000000780400000| Complete 
|1538|0x0000000780800000, 0x0000000780c00000, 0x0000000780c00000|100%| E|CS|TAMS 0x0000000780800000, 0x0000000780800000| Complete 
|1539|0x0000000780c00000, 0x0000000781000000, 0x0000000781000000|100%| E|CS|TAMS 0x0000000780c00000, 0x0000000780c00000| Complete 
|1540|0x0000000781000000, 0x0000000781400000, 0x0000000781400000|100%| E|CS|TAMS 0x0000000781000000, 0x0000000781000000| Complete 
|1541|0x0000000781400000, 0x0000000781800000, 0x0000000781800000|100%| E|CS|TAMS 0x0000000781400000, 0x0000000781400000| Complete 
|1542|0x0000000781800000, 0x0000000781c00000, 0x0000000781c00000|100%| E|CS|TAMS 0x0000000781800000, 0x0000000781800000| Complete 
|1543|0x0000000781c00000, 0x0000000782000000, 0x0000000782000000|100%| E|CS|TAMS 0x0000000781c00000, 0x0000000781c00000| Complete 
|1544|0x0000000782000000, 0x0000000782400000, 0x0000000782400000|100%| E|CS|TAMS 0x0000000782000000, 0x0000000782000000| Complete 
|1545|0x0000000782400000, 0x0000000782800000, 0x0000000782800000|100%| E|CS|TAMS 0x0000000782400000, 0x0000000782400000| Complete 
|1546|0x0000000782800000, 0x0000000782c00000, 0x0000000782c00000|100%| E|CS|TAMS 0x0000000782800000, 0x0000000782800000| Complete 
|1547|0x0000000782c00000, 0x0000000783000000, 0x0000000783000000|100%| E|CS|TAMS 0x0000000782c00000, 0x0000000782c00000| Complete 
|1548|0x0000000783000000, 0x0000000783400000, 0x0000000783400000|100%| E|CS|TAMS 0x0000000783000000, 0x0000000783000000| Complete 
|1549|0x0000000783400000, 0x0000000783800000, 0x0000000783800000|100%| E|CS|TAMS 0x0000000783400000, 0x0000000783400000| Complete 
|1550|0x0000000783800000, 0x0000000783c00000, 0x0000000783c00000|100%| E|CS|TAMS 0x0000000783800000, 0x0000000783800000| Complete 
|1551|0x0000000783c00000, 0x0000000784000000, 0x0000000784000000|100%| E|CS|TAMS 0x0000000783c00000, 0x0000000783c00000| Complete 
|1552|0x0000000784000000, 0x0000000784400000, 0x0000000784400000|100%| E|CS|TAMS 0x0000000784000000, 0x0000000784000000| Complete 
|1553|0x0000000784400000, 0x0000000784800000, 0x0000000784800000|100%| E|CS|TAMS 0x0000000784400000, 0x0000000784400000| Complete 
|1554|0x0000000784800000, 0x0000000784c00000, 0x0000000784c00000|100%| E|CS|TAMS 0x0000000784800000, 0x0000000784800000| Complete 
|1555|0x0000000784c00000, 0x0000000785000000, 0x0000000785000000|100%| E|CS|TAMS 0x0000000784c00000, 0x0000000784c00000| Complete 
|1556|0x0000000785000000, 0x0000000785400000, 0x0000000785400000|100%| E|CS|TAMS 0x0000000785000000, 0x0000000785000000| Complete 
|1557|0x0000000785400000, 0x0000000785800000, 0x0000000785800000|100%| E|CS|TAMS 0x0000000785400000, 0x0000000785400000| Complete 
|1558|0x0000000785800000, 0x0000000785c00000, 0x0000000785c00000|100%| E|CS|TAMS 0x0000000785800000, 0x0000000785800000| Complete 
|1559|0x0000000785c00000, 0x0000000786000000, 0x0000000786000000|100%| E|CS|TAMS 0x0000000785c00000, 0x0000000785c00000| Complete 
|1560|0x0000000786000000, 0x0000000786400000, 0x0000000786400000|100%| E|CS|TAMS 0x0000000786000000, 0x0000000786000000| Complete 
|1561|0x0000000786400000, 0x0000000786800000, 0x0000000786800000|100%| E|CS|TAMS 0x0000000786400000, 0x0000000786400000| Complete 
|1562|0x0000000786800000, 0x0000000786c00000, 0x0000000786c00000|100%| E|CS|TAMS 0x0000000786800000, 0x0000000786800000| Complete 
|1563|0x0000000786c00000, 0x0000000787000000, 0x0000000787000000|100%| E|CS|TAMS 0x0000000786c00000, 0x0000000786c00000| Complete 
|1564|0x0000000787000000, 0x0000000787400000, 0x0000000787400000|100%| E|CS|TAMS 0x0000000787000000, 0x0000000787000000| Complete 
|1565|0x0000000787400000, 0x0000000787800000, 0x0000000787800000|100%| E|CS|TAMS 0x0000000787400000, 0x0000000787400000| Complete 
|1566|0x0000000787800000, 0x0000000787c00000, 0x0000000787c00000|100%| E|CS|TAMS 0x0000000787800000, 0x0000000787800000| Complete 
|1567|0x0000000787c00000, 0x0000000788000000, 0x0000000788000000|100%| E|CS|TAMS 0x0000000787c00000, 0x0000000787c00000| Complete 
|1568|0x0000000788000000, 0x0000000788400000, 0x0000000788400000|100%| E|CS|TAMS 0x0000000788000000, 0x0000000788000000| Complete 
|1569|0x0000000788400000, 0x0000000788800000, 0x0000000788800000|100%| E|CS|TAMS 0x0000000788400000, 0x0000000788400000| Complete 
|1570|0x0000000788800000, 0x0000000788c00000, 0x0000000788c00000|100%| E|CS|TAMS 0x0000000788800000, 0x0000000788800000| Complete 
|1571|0x0000000788c00000, 0x0000000789000000, 0x0000000789000000|100%| E|CS|TAMS 0x0000000788c00000, 0x0000000788c00000| Complete 
|1572|0x0000000789000000, 0x0000000789400000, 0x0000000789400000|100%| E|CS|TAMS 0x0000000789000000, 0x0000000789000000| Complete 
|1573|0x0000000789400000, 0x0000000789800000, 0x0000000789800000|100%| E|CS|TAMS 0x0000000789400000, 0x0000000789400000| Complete 
|1574|0x0000000789800000, 0x0000000789c00000, 0x0000000789c00000|100%| E|CS|TAMS 0x0000000789800000, 0x0000000789800000| Complete 
|1575|0x0000000789c00000, 0x000000078a000000, 0x000000078a000000|100%| E|CS|TAMS 0x0000000789c00000, 0x0000000789c00000| Complete 
|1576|0x000000078a000000, 0x000000078a400000, 0x000000078a400000|100%| E|CS|TAMS 0x000000078a000000, 0x000000078a000000| Complete 
|1577|0x000000078a400000, 0x000000078a800000, 0x000000078a800000|100%| E|CS|TAMS 0x000000078a400000, 0x000000078a400000| Complete 
|1578|0x000000078a800000, 0x000000078ac00000, 0x000000078ac00000|100%| E|CS|TAMS 0x000000078a800000, 0x000000078a800000| Complete 
|1579|0x000000078ac00000, 0x000000078b000000, 0x000000078b000000|100%| E|CS|TAMS 0x000000078ac00000, 0x000000078ac00000| Complete 
|1580|0x000000078b000000, 0x000000078b400000, 0x000000078b400000|100%| E|CS|TAMS 0x000000078b000000, 0x000000078b000000| Complete 
|1581|0x000000078b400000, 0x000000078b800000, 0x000000078b800000|100%| E|CS|TAMS 0x000000078b400000, 0x000000078b400000| Complete 
|1582|0x000000078b800000, 0x000000078bc00000, 0x000000078bc00000|100%| E|CS|TAMS 0x000000078b800000, 0x000000078b800000| Complete 
|1583|0x000000078bc00000, 0x000000078c000000, 0x000000078c000000|100%| E|CS|TAMS 0x000000078bc00000, 0x000000078bc00000| Complete 
|1584|0x000000078c000000, 0x000000078c400000, 0x000000078c400000|100%| E|CS|TAMS 0x000000078c000000, 0x000000078c000000| Complete 
|1585|0x000000078c400000, 0x000000078c800000, 0x000000078c800000|100%| E|CS|TAMS 0x000000078c400000, 0x000000078c400000| Complete 
|1586|0x000000078c800000, 0x000000078cc00000, 0x000000078cc00000|100%| E|CS|TAMS 0x000000078c800000, 0x000000078c800000| Complete 
|1587|0x000000078cc00000, 0x000000078d000000, 0x000000078d000000|100%| E|CS|TAMS 0x000000078cc00000, 0x000000078cc00000| Complete 
|1588|0x000000078d000000, 0x000000078d400000, 0x000000078d400000|100%| E|CS|TAMS 0x000000078d000000, 0x000000078d000000| Complete 
|1589|0x000000078d400000, 0x000000078d800000, 0x000000078d800000|100%| E|CS|TAMS 0x000000078d400000, 0x000000078d400000| Complete 
|1590|0x000000078d800000, 0x000000078dc00000, 0x000000078dc00000|100%| E|CS|TAMS 0x000000078d800000, 0x000000078d800000| Complete 
|1591|0x000000078dc00000, 0x000000078e000000, 0x000000078e000000|100%| E|CS|TAMS 0x000000078dc00000, 0x000000078dc00000| Complete 
|1592|0x000000078e000000, 0x000000078e400000, 0x000000078e400000|100%| E|CS|TAMS 0x000000078e000000, 0x000000078e000000| Complete 
|1593|0x000000078e400000, 0x000000078e800000, 0x000000078e800000|100%| E|CS|TAMS 0x000000078e400000, 0x000000078e400000| Complete 
|1594|0x000000078e800000, 0x000000078ec00000, 0x000000078ec00000|100%| E|CS|TAMS 0x000000078e800000, 0x000000078e800000| Complete 
|1595|0x000000078ec00000, 0x000000078f000000, 0x000000078f000000|100%| E|CS|TAMS 0x000000078ec00000, 0x000000078ec00000| Complete 
|1596|0x000000078f000000, 0x000000078f400000, 0x000000078f400000|100%| E|CS|TAMS 0x000000078f000000, 0x000000078f000000| Complete 
|1597|0x000000078f400000, 0x000000078f800000, 0x000000078f800000|100%| E|CS|TAMS 0x000000078f400000, 0x000000078f400000| Complete 
|1598|0x000000078f800000, 0x000000078fc00000, 0x000000078fc00000|100%| E|CS|TAMS 0x000000078f800000, 0x000000078f800000| Complete 
|1599|0x000000078fc00000, 0x0000000790000000, 0x0000000790000000|100%| E|CS|TAMS 0x000000078fc00000, 0x000000078fc00000| Complete 
|1600|0x0000000790000000, 0x0000000790400000, 0x0000000790400000|100%| E|CS|TAMS 0x0000000790000000, 0x0000000790000000| Complete 
|1601|0x0000000790400000, 0x0000000790800000, 0x0000000790800000|100%| E|CS|TAMS 0x0000000790400000, 0x0000000790400000| Complete 
|1602|0x0000000790800000, 0x0000000790c00000, 0x0000000790c00000|100%| E|CS|TAMS 0x0000000790800000, 0x0000000790800000| Complete 
|1603|0x0000000790c00000, 0x0000000791000000, 0x0000000791000000|100%| E|CS|TAMS 0x0000000790c00000, 0x0000000790c00000| Complete 
|1604|0x0000000791000000, 0x0000000791400000, 0x0000000791400000|100%| E|CS|TAMS 0x0000000791000000, 0x0000000791000000| Complete 
|1605|0x0000000791400000, 0x0000000791800000, 0x0000000791800000|100%| E|CS|TAMS 0x0000000791400000, 0x0000000791400000| Complete 
|1606|0x0000000791800000, 0x0000000791c00000, 0x0000000791c00000|100%| E|CS|TAMS 0x0000000791800000, 0x0000000791800000| Complete 
|1607|0x0000000791c00000, 0x0000000792000000, 0x0000000792000000|100%| E|CS|TAMS 0x0000000791c00000, 0x0000000791c00000| Complete 
|1608|0x0000000792000000, 0x0000000792400000, 0x0000000792400000|100%| E|CS|TAMS 0x0000000792000000, 0x0000000792000000| Complete 
|1609|0x0000000792400000, 0x0000000792800000, 0x0000000792800000|100%| E|CS|TAMS 0x0000000792400000, 0x0000000792400000| Complete 
|1610|0x0000000792800000, 0x0000000792c00000, 0x0000000792c00000|100%| E|CS|TAMS 0x0000000792800000, 0x0000000792800000| Complete 
|1611|0x0000000792c00000, 0x0000000793000000, 0x0000000793000000|100%| E|CS|TAMS 0x0000000792c00000, 0x0000000792c00000| Complete 
|1612|0x0000000793000000, 0x0000000793400000, 0x0000000793400000|100%| E|CS|TAMS 0x0000000793000000, 0x0000000793000000| Complete 
|1613|0x0000000793400000, 0x0000000793800000, 0x0000000793800000|100%| E|CS|TAMS 0x0000000793400000, 0x0000000793400000| Complete 
|1614|0x0000000793800000, 0x0000000793c00000, 0x0000000793c00000|100%| E|CS|TAMS 0x0000000793800000, 0x0000000793800000| Complete 
|1615|0x0000000793c00000, 0x0000000794000000, 0x0000000794000000|100%| E|CS|TAMS 0x0000000793c00000, 0x0000000793c00000| Complete 
|1616|0x0000000794000000, 0x0000000794400000, 0x0000000794400000|100%| E|CS|TAMS 0x0000000794000000, 0x0000000794000000| Complete 
|1617|0x0000000794400000, 0x0000000794800000, 0x0000000794800000|100%| E|CS|TAMS 0x0000000794400000, 0x0000000794400000| Complete 
|1618|0x0000000794800000, 0x0000000794c00000, 0x0000000794c00000|100%| E|CS|TAMS 0x0000000794800000, 0x0000000794800000| Complete 
|1619|0x0000000794c00000, 0x0000000795000000, 0x0000000795000000|100%| E|CS|TAMS 0x0000000794c00000, 0x0000000794c00000| Complete 
|1620|0x0000000795000000, 0x0000000795400000, 0x0000000795400000|100%| E|CS|TAMS 0x0000000795000000, 0x0000000795000000| Complete 
|1621|0x0000000795400000, 0x0000000795800000, 0x0000000795800000|100%| E|CS|TAMS 0x0000000795400000, 0x0000000795400000| Complete 
|1622|0x0000000795800000, 0x0000000795c00000, 0x0000000795c00000|100%| E|CS|TAMS 0x0000000795800000, 0x0000000795800000| Complete 
|1623|0x0000000795c00000, 0x0000000796000000, 0x0000000796000000|100%| E|CS|TAMS 0x0000000795c00000, 0x0000000795c00000| Complete 
|1624|0x0000000796000000, 0x0000000796400000, 0x0000000796400000|100%| E|CS|TAMS 0x0000000796000000, 0x0000000796000000| Complete 
|1625|0x0000000796400000, 0x0000000796800000, 0x0000000796800000|100%| E|CS|TAMS 0x0000000796400000, 0x0000000796400000| Complete 
|1626|0x0000000796800000, 0x0000000796c00000, 0x0000000796c00000|100%| E|CS|TAMS 0x0000000796800000, 0x0000000796800000| Complete 
|1627|0x0000000796c00000, 0x0000000797000000, 0x0000000797000000|100%| E|CS|TAMS 0x0000000796c00000, 0x0000000796c00000| Complete 
|1628|0x0000000797000000, 0x0000000797400000, 0x0000000797400000|100%| E|CS|TAMS 0x0000000797000000, 0x0000000797000000| Complete 
|1629|0x0000000797400000, 0x0000000797800000, 0x0000000797800000|100%| E|CS|TAMS 0x0000000797400000, 0x0000000797400000| Complete 
|1630|0x0000000797800000, 0x0000000797c00000, 0x0000000797c00000|100%| E|CS|TAMS 0x0000000797800000, 0x0000000797800000| Complete 
|1631|0x0000000797c00000, 0x0000000798000000, 0x0000000798000000|100%| E|CS|TAMS 0x0000000797c00000, 0x0000000797c00000| Complete 
|1632|0x0000000798000000, 0x0000000798400000, 0x0000000798400000|100%| E|CS|TAMS 0x0000000798000000, 0x0000000798000000| Complete 
|1633|0x0000000798400000, 0x0000000798800000, 0x0000000798800000|100%| E|CS|TAMS 0x0000000798400000, 0x0000000798400000| Complete 
|1634|0x0000000798800000, 0x0000000798c00000, 0x0000000798c00000|100%| E|CS|TAMS 0x0000000798800000, 0x0000000798800000| Complete 
|1635|0x0000000798c00000, 0x0000000799000000, 0x0000000799000000|100%| E|CS|TAMS 0x0000000798c00000, 0x0000000798c00000| Complete 
|1636|0x0000000799000000, 0x0000000799400000, 0x0000000799400000|100%| E|CS|TAMS 0x0000000799000000, 0x0000000799000000| Complete 
|1637|0x0000000799400000, 0x0000000799800000, 0x0000000799800000|100%| E|CS|TAMS 0x0000000799400000, 0x0000000799400000| Complete 
|1638|0x0000000799800000, 0x0000000799c00000, 0x0000000799c00000|100%| E|CS|TAMS 0x0000000799800000, 0x0000000799800000| Complete 
|1639|0x0000000799c00000, 0x000000079a000000, 0x000000079a000000|100%| E|CS|TAMS 0x0000000799c00000, 0x0000000799c00000| Complete 
|1640|0x000000079a000000, 0x000000079a400000, 0x000000079a400000|100%| E|CS|TAMS 0x000000079a000000, 0x000000079a000000| Complete 
|1641|0x000000079a400000, 0x000000079a800000, 0x000000079a800000|100%| E|CS|TAMS 0x000000079a400000, 0x000000079a400000| Complete 
|1642|0x000000079a800000, 0x000000079ac00000, 0x000000079ac00000|100%| E|CS|TAMS 0x000000079a800000, 0x000000079a800000| Complete 
|1643|0x000000079ac00000, 0x000000079b000000, 0x000000079b000000|100%| E|CS|TAMS 0x000000079ac00000, 0x000000079ac00000| Complete 
|1644|0x000000079b000000, 0x000000079b400000, 0x000000079b400000|100%| E|CS|TAMS 0x000000079b000000, 0x000000079b000000| Complete 
|1645|0x000000079b400000, 0x000000079b800000, 0x000000079b800000|100%| E|CS|TAMS 0x000000079b400000, 0x000000079b400000| Complete 
|1646|0x000000079b800000, 0x000000079bc00000, 0x000000079bc00000|100%| E|CS|TAMS 0x000000079b800000, 0x000000079b800000| Complete 
|1647|0x000000079bc00000, 0x000000079c000000, 0x000000079c000000|100%| E|CS|TAMS 0x000000079bc00000, 0x000000079bc00000| Complete 
|1648|0x000000079c000000, 0x000000079c400000, 0x000000079c400000|100%| E|CS|TAMS 0x000000079c000000, 0x000000079c000000| Complete 
|1649|0x000000079c400000, 0x000000079c800000, 0x000000079c800000|100%| E|CS|TAMS 0x000000079c400000, 0x000000079c400000| Complete 
|1650|0x000000079c800000, 0x000000079cc00000, 0x000000079cc00000|100%| E|CS|TAMS 0x000000079c800000, 0x000000079c800000| Complete 
|1651|0x000000079cc00000, 0x000000079d000000, 0x000000079d000000|100%| E|CS|TAMS 0x000000079cc00000, 0x000000079cc00000| Complete 
|1652|0x000000079d000000, 0x000000079d400000, 0x000000079d400000|100%| E|CS|TAMS 0x000000079d000000, 0x000000079d000000| Complete 
|1653|0x000000079d400000, 0x000000079d800000, 0x000000079d800000|100%| E|CS|TAMS 0x000000079d400000, 0x000000079d400000| Complete 
|1654|0x000000079d800000, 0x000000079dc00000, 0x000000079dc00000|100%| E|CS|TAMS 0x000000079d800000, 0x000000079d800000| Complete 
|1655|0x000000079dc00000, 0x000000079e000000, 0x000000079e000000|100%| E|CS|TAMS 0x000000079dc00000, 0x000000079dc00000| Complete 
|1656|0x000000079e000000, 0x000000079e400000, 0x000000079e400000|100%| E|CS|TAMS 0x000000079e000000, 0x000000079e000000| Complete 
|1657|0x000000079e400000, 0x000000079e800000, 0x000000079e800000|100%| E|CS|TAMS 0x000000079e400000, 0x000000079e400000| Complete 
|1658|0x000000079e800000, 0x000000079ec00000, 0x000000079ec00000|100%| E|CS|TAMS 0x000000079e800000, 0x000000079e800000| Complete 
|1659|0x000000079ec00000, 0x000000079f000000, 0x000000079f000000|100%| E|CS|TAMS 0x000000079ec00000, 0x000000079ec00000| Complete 
|1660|0x000000079f000000, 0x000000079f400000, 0x000000079f400000|100%| E|CS|TAMS 0x000000079f000000, 0x000000079f000000| Complete 
|1661|0x000000079f400000, 0x000000079f800000, 0x000000079f800000|100%| E|CS|TAMS 0x000000079f400000, 0x000000079f400000| Complete 
|1662|0x000000079f800000, 0x000000079fc00000, 0x000000079fc00000|100%| E|CS|TAMS 0x000000079f800000, 0x000000079f800000| Complete 
|1663|0x000000079fc00000, 0x00000007a0000000, 0x00000007a0000000|100%| E|CS|TAMS 0x000000079fc00000, 0x000000079fc00000| Complete 
|1664|0x00000007a0000000, 0x00000007a0400000, 0x00000007a0400000|100%| E|CS|TAMS 0x00000007a0000000, 0x00000007a0000000| Complete 
|1665|0x00000007a0400000, 0x00000007a0800000, 0x00000007a0800000|100%| E|CS|TAMS 0x00000007a0400000, 0x00000007a0400000| Complete 
|1666|0x00000007a0800000, 0x00000007a0c00000, 0x00000007a0c00000|100%| E|CS|TAMS 0x00000007a0800000, 0x00000007a0800000| Complete 
|1667|0x00000007a0c00000, 0x00000007a1000000, 0x00000007a1000000|100%| E|CS|TAMS 0x00000007a0c00000, 0x00000007a0c00000| Complete 
|1668|0x00000007a1000000, 0x00000007a1400000, 0x00000007a1400000|100%| E|CS|TAMS 0x00000007a1000000, 0x00000007a1000000| Complete 
|1669|0x00000007a1400000, 0x00000007a1800000, 0x00000007a1800000|100%| E|CS|TAMS 0x00000007a1400000, 0x00000007a1400000| Complete 
|1670|0x00000007a1800000, 0x00000007a1c00000, 0x00000007a1c00000|100%| E|CS|TAMS 0x00000007a1800000, 0x00000007a1800000| Complete 
|1671|0x00000007a1c00000, 0x00000007a2000000, 0x00000007a2000000|100%| E|CS|TAMS 0x00000007a1c00000, 0x00000007a1c00000| Complete 
|1672|0x00000007a2000000, 0x00000007a2400000, 0x00000007a2400000|100%| E|CS|TAMS 0x00000007a2000000, 0x00000007a2000000| Complete 
|1673|0x00000007a2400000, 0x00000007a2800000, 0x00000007a2800000|100%| E|CS|TAMS 0x00000007a2400000, 0x00000007a2400000| Complete 
|1674|0x00000007a2800000, 0x00000007a2c00000, 0x00000007a2c00000|100%| E|CS|TAMS 0x00000007a2800000, 0x00000007a2800000| Complete 
|1675|0x00000007a2c00000, 0x00000007a3000000, 0x00000007a3000000|100%| E|CS|TAMS 0x00000007a2c00000, 0x00000007a2c00000| Complete 
|1676|0x00000007a3000000, 0x00000007a3400000, 0x00000007a3400000|100%| E|CS|TAMS 0x00000007a3000000, 0x00000007a3000000| Complete 
|1677|0x00000007a3400000, 0x00000007a3800000, 0x00000007a3800000|100%| E|CS|TAMS 0x00000007a3400000, 0x00000007a3400000| Complete 
|1678|0x00000007a3800000, 0x00000007a3c00000, 0x00000007a3c00000|100%| E|CS|TAMS 0x00000007a3800000, 0x00000007a3800000| Complete 
|1679|0x00000007a3c00000, 0x00000007a4000000, 0x00000007a4000000|100%| E|CS|TAMS 0x00000007a3c00000, 0x00000007a3c00000| Complete 
|1680|0x00000007a4000000, 0x00000007a4400000, 0x00000007a4400000|100%| E|CS|TAMS 0x00000007a4000000, 0x00000007a4000000| Complete 
|1681|0x00000007a4400000, 0x00000007a4800000, 0x00000007a4800000|100%| E|CS|TAMS 0x00000007a4400000, 0x00000007a4400000| Complete 
|1682|0x00000007a4800000, 0x00000007a4c00000, 0x00000007a4c00000|100%| E|CS|TAMS 0x00000007a4800000, 0x00000007a4800000| Complete 
|1683|0x00000007a4c00000, 0x00000007a5000000, 0x00000007a5000000|100%| E|CS|TAMS 0x00000007a4c00000, 0x00000007a4c00000| Complete 
|1684|0x00000007a5000000, 0x00000007a5400000, 0x00000007a5400000|100%| E|CS|TAMS 0x00000007a5000000, 0x00000007a5000000| Complete 
|1685|0x00000007a5400000, 0x00000007a5800000, 0x00000007a5800000|100%| E|CS|TAMS 0x00000007a5400000, 0x00000007a5400000| Complete 
|1686|0x00000007a5800000, 0x00000007a5c00000, 0x00000007a5c00000|100%| E|CS|TAMS 0x00000007a5800000, 0x00000007a5800000| Complete 
|1687|0x00000007a5c00000, 0x00000007a6000000, 0x00000007a6000000|100%| E|CS|TAMS 0x00000007a5c00000, 0x00000007a5c00000| Complete 
|1688|0x00000007a6000000, 0x00000007a6400000, 0x00000007a6400000|100%| E|CS|TAMS 0x00000007a6000000, 0x00000007a6000000| Complete 
|1689|0x00000007a6400000, 0x00000007a6800000, 0x00000007a6800000|100%| E|CS|TAMS 0x00000007a6400000, 0x00000007a6400000| Complete 
|1690|0x00000007a6800000, 0x00000007a6c00000, 0x00000007a6c00000|100%| E|CS|TAMS 0x00000007a6800000, 0x00000007a6800000| Complete 
|1691|0x00000007a6c00000, 0x00000007a7000000, 0x00000007a7000000|100%| E|CS|TAMS 0x00000007a6c00000, 0x00000007a6c00000| Complete 
|1692|0x00000007a7000000, 0x00000007a7400000, 0x00000007a7400000|100%| E|CS|TAMS 0x00000007a7000000, 0x00000007a7000000| Complete 
|1693|0x00000007a7400000, 0x00000007a7800000, 0x00000007a7800000|100%| E|CS|TAMS 0x00000007a7400000, 0x00000007a7400000| Complete 
|1694|0x00000007a7800000, 0x00000007a7c00000, 0x00000007a7c00000|100%| E|CS|TAMS 0x00000007a7800000, 0x00000007a7800000| Complete 
|1695|0x00000007a7c00000, 0x00000007a8000000, 0x00000007a8000000|100%| E|CS|TAMS 0x00000007a7c00000, 0x00000007a7c00000| Complete 
|1696|0x00000007a8000000, 0x00000007a8400000, 0x00000007a8400000|100%| E|CS|TAMS 0x00000007a8000000, 0x00000007a8000000| Complete 
|1697|0x00000007a8400000, 0x00000007a8800000, 0x00000007a8800000|100%| E|CS|TAMS 0x00000007a8400000, 0x00000007a8400000| Complete 
|1698|0x00000007a8800000, 0x00000007a8c00000, 0x00000007a8c00000|100%| E|CS|TAMS 0x00000007a8800000, 0x00000007a8800000| Complete 
|1699|0x00000007a8c00000, 0x00000007a9000000, 0x00000007a9000000|100%| E|CS|TAMS 0x00000007a8c00000, 0x00000007a8c00000| Complete 
|1700|0x00000007a9000000, 0x00000007a9400000, 0x00000007a9400000|100%| E|CS|TAMS 0x00000007a9000000, 0x00000007a9000000| Complete 
|1701|0x00000007a9400000, 0x00000007a9800000, 0x00000007a9800000|100%| E|CS|TAMS 0x00000007a9400000, 0x00000007a9400000| Complete 
|1702|0x00000007a9800000, 0x00000007a9c00000, 0x00000007a9c00000|100%| E|CS|TAMS 0x00000007a9800000, 0x00000007a9800000| Complete 
|1703|0x00000007a9c00000, 0x00000007aa000000, 0x00000007aa000000|100%| E|CS|TAMS 0x00000007a9c00000, 0x00000007a9c00000| Complete 
|1704|0x00000007aa000000, 0x00000007aa400000, 0x00000007aa400000|100%| E|CS|TAMS 0x00000007aa000000, 0x00000007aa000000| Complete 
|1705|0x00000007aa400000, 0x00000007aa800000, 0x00000007aa800000|100%| E|CS|TAMS 0x00000007aa400000, 0x00000007aa400000| Complete 
|1706|0x00000007aa800000, 0x00000007aac00000, 0x00000007aac00000|100%| E|CS|TAMS 0x00000007aa800000, 0x00000007aa800000| Complete 
|1707|0x00000007aac00000, 0x00000007ab000000, 0x00000007ab000000|100%| E|CS|TAMS 0x00000007aac00000, 0x00000007aac00000| Complete 
|1708|0x00000007ab000000, 0x00000007ab400000, 0x00000007ab400000|100%| E|CS|TAMS 0x00000007ab000000, 0x00000007ab000000| Complete 
|1709|0x00000007ab400000, 0x00000007ab800000, 0x00000007ab800000|100%| E|CS|TAMS 0x00000007ab400000, 0x00000007ab400000| Complete 
|1710|0x00000007ab800000, 0x00000007abc00000, 0x00000007abc00000|100%| E|CS|TAMS 0x00000007ab800000, 0x00000007ab800000| Complete 
|1711|0x00000007abc00000, 0x00000007ac000000, 0x00000007ac000000|100%| E|CS|TAMS 0x00000007abc00000, 0x00000007abc00000| Complete 
|1712|0x00000007ac000000, 0x00000007ac400000, 0x00000007ac400000|100%| E|CS|TAMS 0x00000007ac000000, 0x00000007ac000000| Complete 
|1713|0x00000007ac400000, 0x00000007ac800000, 0x00000007ac800000|100%| E|CS|TAMS 0x00000007ac400000, 0x00000007ac400000| Complete 
|1714|0x00000007ac800000, 0x00000007acc00000, 0x00000007acc00000|100%| E|CS|TAMS 0x00000007ac800000, 0x00000007ac800000| Complete 
|1715|0x00000007acc00000, 0x00000007ad000000, 0x00000007ad000000|100%| E|CS|TAMS 0x00000007acc00000, 0x00000007acc00000| Complete 
|1716|0x00000007ad000000, 0x00000007ad400000, 0x00000007ad400000|100%| E|CS|TAMS 0x00000007ad000000, 0x00000007ad000000| Complete 
|1717|0x00000007ad400000, 0x00000007ad800000, 0x00000007ad800000|100%| E|CS|TAMS 0x00000007ad400000, 0x00000007ad400000| Complete 
|1718|0x00000007ad800000, 0x00000007adc00000, 0x00000007adc00000|100%| E|CS|TAMS 0x00000007ad800000, 0x00000007ad800000| Complete 
|1719|0x00000007adc00000, 0x00000007ae000000, 0x00000007ae000000|100%| E|CS|TAMS 0x00000007adc00000, 0x00000007adc00000| Complete 
|1720|0x00000007ae000000, 0x00000007ae400000, 0x00000007ae400000|100%| E|CS|TAMS 0x00000007ae000000, 0x00000007ae000000| Complete 
|1721|0x00000007ae400000, 0x00000007ae800000, 0x00000007ae800000|100%| E|CS|TAMS 0x00000007ae400000, 0x00000007ae400000| Complete 
|1722|0x00000007ae800000, 0x00000007aec00000, 0x00000007aec00000|100%| E|CS|TAMS 0x00000007ae800000, 0x00000007ae800000| Complete 
|1723|0x00000007aec00000, 0x00000007af000000, 0x00000007af000000|100%| E|CS|TAMS 0x00000007aec00000, 0x00000007aec00000| Complete 
|1724|0x00000007af000000, 0x00000007af400000, 0x00000007af400000|100%| E|CS|TAMS 0x00000007af000000, 0x00000007af000000| Complete 
|1725|0x00000007af400000, 0x00000007af800000, 0x00000007af800000|100%| E|CS|TAMS 0x00000007af400000, 0x00000007af400000| Complete 
|1726|0x00000007af800000, 0x00000007afc00000, 0x00000007afc00000|100%| E|CS|TAMS 0x00000007af800000, 0x00000007af800000| Complete 
|1727|0x00000007afc00000, 0x00000007b0000000, 0x00000007b0000000|100%| E|CS|TAMS 0x00000007afc00000, 0x00000007afc00000| Complete 
|1728|0x00000007b0000000, 0x00000007b0400000, 0x00000007b0400000|100%| E|CS|TAMS 0x00000007b0000000, 0x00000007b0000000| Complete 
|1729|0x00000007b0400000, 0x00000007b0800000, 0x00000007b0800000|100%| E|CS|TAMS 0x00000007b0400000, 0x00000007b0400000| Complete 
|1730|0x00000007b0800000, 0x00000007b0c00000, 0x00000007b0c00000|100%| E|CS|TAMS 0x00000007b0800000, 0x00000007b0800000| Complete 
|1731|0x00000007b0c00000, 0x00000007b1000000, 0x00000007b1000000|100%| E|CS|TAMS 0x00000007b0c00000, 0x00000007b0c00000| Complete 
|1732|0x00000007b1000000, 0x00000007b1400000, 0x00000007b1400000|100%| E|CS|TAMS 0x00000007b1000000, 0x00000007b1000000| Complete 
|1733|0x00000007b1400000, 0x00000007b1800000, 0x00000007b1800000|100%| E|CS|TAMS 0x00000007b1400000, 0x00000007b1400000| Complete 
|1734|0x00000007b1800000, 0x00000007b1c00000, 0x00000007b1c00000|100%| E|CS|TAMS 0x00000007b1800000, 0x00000007b1800000| Complete 
|1735|0x00000007b1c00000, 0x00000007b2000000, 0x00000007b2000000|100%| E|CS|TAMS 0x00000007b1c00000, 0x00000007b1c00000| Complete 
|1736|0x00000007b2000000, 0x00000007b2400000, 0x00000007b2400000|100%| E|CS|TAMS 0x00000007b2000000, 0x00000007b2000000| Complete 
|1737|0x00000007b2400000, 0x00000007b2800000, 0x00000007b2800000|100%| E|CS|TAMS 0x00000007b2400000, 0x00000007b2400000| Complete 
|1738|0x00000007b2800000, 0x00000007b2c00000, 0x00000007b2c00000|100%| E|CS|TAMS 0x00000007b2800000, 0x00000007b2800000| Complete 
|1739|0x00000007b2c00000, 0x00000007b3000000, 0x00000007b3000000|100%| E|CS|TAMS 0x00000007b2c00000, 0x00000007b2c00000| Complete 
|1740|0x00000007b3000000, 0x00000007b3400000, 0x00000007b3400000|100%| E|CS|TAMS 0x00000007b3000000, 0x00000007b3000000| Complete 
|1741|0x00000007b3400000, 0x00000007b3800000, 0x00000007b3800000|100%| E|CS|TAMS 0x00000007b3400000, 0x00000007b3400000| Complete 
|1742|0x00000007b3800000, 0x00000007b3c00000, 0x00000007b3c00000|100%| E|CS|TAMS 0x00000007b3800000, 0x00000007b3800000| Complete 
|1743|0x00000007b3c00000, 0x00000007b4000000, 0x00000007b4000000|100%| E|CS|TAMS 0x00000007b3c00000, 0x00000007b3c00000| Complete 
|1744|0x00000007b4000000, 0x00000007b4400000, 0x00000007b4400000|100%| E|CS|TAMS 0x00000007b4000000, 0x00000007b4000000| Complete 
|1745|0x00000007b4400000, 0x00000007b4800000, 0x00000007b4800000|100%| E|CS|TAMS 0x00000007b4400000, 0x00000007b4400000| Complete 
|1746|0x00000007b4800000, 0x00000007b4c00000, 0x00000007b4c00000|100%| E|CS|TAMS 0x00000007b4800000, 0x00000007b4800000| Complete 
|1747|0x00000007b4c00000, 0x00000007b5000000, 0x00000007b5000000|100%| E|CS|TAMS 0x00000007b4c00000, 0x00000007b4c00000| Complete 
|1748|0x00000007b5000000, 0x00000007b5400000, 0x00000007b5400000|100%| E|CS|TAMS 0x00000007b5000000, 0x00000007b5000000| Complete 
|1749|0x00000007b5400000, 0x00000007b5800000, 0x00000007b5800000|100%| E|CS|TAMS 0x00000007b5400000, 0x00000007b5400000| Complete 
|1750|0x00000007b5800000, 0x00000007b5c00000, 0x00000007b5c00000|100%| E|CS|TAMS 0x00000007b5800000, 0x00000007b5800000| Complete 
|1751|0x00000007b5c00000, 0x00000007b6000000, 0x00000007b6000000|100%| E|CS|TAMS 0x00000007b5c00000, 0x00000007b5c00000| Complete 
|1752|0x00000007b6000000, 0x00000007b6400000, 0x00000007b6400000|100%| E|CS|TAMS 0x00000007b6000000, 0x00000007b6000000| Complete 
|1753|0x00000007b6400000, 0x00000007b6800000, 0x00000007b6800000|100%| E|CS|TAMS 0x00000007b6400000, 0x00000007b6400000| Complete 
|1754|0x00000007b6800000, 0x00000007b6c00000, 0x00000007b6c00000|100%| E|CS|TAMS 0x00000007b6800000, 0x00000007b6800000| Complete 
|1755|0x00000007b6c00000, 0x00000007b7000000, 0x00000007b7000000|100%| E|CS|TAMS 0x00000007b6c00000, 0x00000007b6c00000| Complete 
|1756|0x00000007b7000000, 0x00000007b7400000, 0x00000007b7400000|100%| E|CS|TAMS 0x00000007b7000000, 0x00000007b7000000| Complete 
|1757|0x00000007b7400000, 0x00000007b7800000, 0x00000007b7800000|100%| E|CS|TAMS 0x00000007b7400000, 0x00000007b7400000| Complete 
|1758|0x00000007b7800000, 0x00000007b7c00000, 0x00000007b7c00000|100%| E|CS|TAMS 0x00000007b7800000, 0x00000007b7800000| Complete 
|1759|0x00000007b7c00000, 0x00000007b8000000, 0x00000007b8000000|100%| E|CS|TAMS 0x00000007b7c00000, 0x00000007b7c00000| Complete 
|1760|0x00000007b8000000, 0x00000007b8400000, 0x00000007b8400000|100%| E|CS|TAMS 0x00000007b8000000, 0x00000007b8000000| Complete 
|1761|0x00000007b8400000, 0x00000007b8800000, 0x00000007b8800000|100%| E|CS|TAMS 0x00000007b8400000, 0x00000007b8400000| Complete 
|1762|0x00000007b8800000, 0x00000007b8c00000, 0x00000007b8c00000|100%| E|CS|TAMS 0x00000007b8800000, 0x00000007b8800000| Complete 
|1763|0x00000007b8c00000, 0x00000007b9000000, 0x00000007b9000000|100%| E|CS|TAMS 0x00000007b8c00000, 0x00000007b8c00000| Complete 
|1764|0x00000007b9000000, 0x00000007b9400000, 0x00000007b9400000|100%| E|CS|TAMS 0x00000007b9000000, 0x00000007b9000000| Complete 
|1765|0x00000007b9400000, 0x00000007b9800000, 0x00000007b9800000|100%| E|CS|TAMS 0x00000007b9400000, 0x00000007b9400000| Complete 
|1766|0x00000007b9800000, 0x00000007b9c00000, 0x00000007b9c00000|100%| E|CS|TAMS 0x00000007b9800000, 0x00000007b9800000| Complete 
|1767|0x00000007b9c00000, 0x00000007ba000000, 0x00000007ba000000|100%| E|CS|TAMS 0x00000007b9c00000, 0x00000007b9c00000| Complete 
|1768|0x00000007ba000000, 0x00000007ba400000, 0x00000007ba400000|100%| E|CS|TAMS 0x00000007ba000000, 0x00000007ba000000| Complete 
|1769|0x00000007ba400000, 0x00000007ba800000, 0x00000007ba800000|100%| E|CS|TAMS 0x00000007ba400000, 0x00000007ba400000| Complete 
|1770|0x00000007ba800000, 0x00000007bac00000, 0x00000007bac00000|100%| E|CS|TAMS 0x00000007ba800000, 0x00000007ba800000| Complete 
|1771|0x00000007bac00000, 0x00000007bb000000, 0x00000007bb000000|100%| E|CS|TAMS 0x00000007bac00000, 0x00000007bac00000| Complete 
|1772|0x00000007bb000000, 0x00000007bb400000, 0x00000007bb400000|100%| E|CS|TAMS 0x00000007bb000000, 0x00000007bb000000| Complete 
|1773|0x00000007bb400000, 0x00000007bb800000, 0x00000007bb800000|100%| E|CS|TAMS 0x00000007bb400000, 0x00000007bb400000| Complete 
|1774|0x00000007bb800000, 0x00000007bbc00000, 0x00000007bbc00000|100%| E|CS|TAMS 0x00000007bb800000, 0x00000007bb800000| Complete 
|1775|0x00000007bbc00000, 0x00000007bc000000, 0x00000007bc000000|100%| E|CS|TAMS 0x00000007bbc00000, 0x00000007bbc00000| Complete 
|1776|0x00000007bc000000, 0x00000007bc400000, 0x00000007bc400000|100%| E|CS|TAMS 0x00000007bc000000, 0x00000007bc000000| Complete 
|1777|0x00000007bc400000, 0x00000007bc800000, 0x00000007bc800000|100%| E|CS|TAMS 0x00000007bc400000, 0x00000007bc400000| Complete 
|1778|0x00000007bc800000, 0x00000007bcc00000, 0x00000007bcc00000|100%| E|CS|TAMS 0x00000007bc800000, 0x00000007bc800000| Complete 
|1779|0x00000007bcc00000, 0x00000007bd000000, 0x00000007bd000000|100%| E|CS|TAMS 0x00000007bcc00000, 0x00000007bcc00000| Complete 
|1780|0x00000007bd000000, 0x00000007bd400000, 0x00000007bd400000|100%| E|CS|TAMS 0x00000007bd000000, 0x00000007bd000000| Complete 
|1781|0x00000007bd400000, 0x00000007bd800000, 0x00000007bd800000|100%| E|CS|TAMS 0x00000007bd400000, 0x00000007bd400000| Complete 
|1782|0x00000007bd800000, 0x00000007bdc00000, 0x00000007bdc00000|100%| E|CS|TAMS 0x00000007bd800000, 0x00000007bd800000| Complete 
|1783|0x00000007bdc00000, 0x00000007be000000, 0x00000007be000000|100%| E|CS|TAMS 0x00000007bdc00000, 0x00000007bdc00000| Complete 
|1784|0x00000007be000000, 0x00000007be400000, 0x00000007be400000|100%| E|CS|TAMS 0x00000007be000000, 0x00000007be000000| Complete 
|1785|0x00000007be400000, 0x00000007be800000, 0x00000007be800000|100%| E|CS|TAMS 0x00000007be400000, 0x00000007be400000| Complete 
|1786|0x00000007be800000, 0x00000007bec00000, 0x00000007bec00000|100%| E|CS|TAMS 0x00000007be800000, 0x00000007be800000| Complete 
|1787|0x00000007bec00000, 0x00000007bf000000, 0x00000007bf000000|100%| E|CS|TAMS 0x00000007bec00000, 0x00000007bec00000| Complete 
|1788|0x00000007bf000000, 0x00000007bf400000, 0x00000007bf400000|100%| E|CS|TAMS 0x00000007bf000000, 0x00000007bf000000| Complete 
|1789|0x00000007bf400000, 0x00000007bf800000, 0x00000007bf800000|100%| E|CS|TAMS 0x00000007bf400000, 0x00000007bf400000| Complete 
|1790|0x00000007bf800000, 0x00000007bfc00000, 0x00000007bfc00000|100%| E|CS|TAMS 0x00000007bf800000, 0x00000007bf800000| Complete 
|1791|0x00000007bfc00000, 0x00000007c0000000, 0x00000007c0000000|100%| E|CS|TAMS 0x00000007bfc00000, 0x00000007bfc00000| Complete 
|1792|0x00000007c0000000, 0x00000007c0400000, 0x00000007c0400000|100%| E|CS|TAMS 0x00000007c0000000, 0x00000007c0000000| Complete 
|1793|0x00000007c0400000, 0x00000007c0800000, 0x00000007c0800000|100%| E|CS|TAMS 0x00000007c0400000, 0x00000007c0400000| Complete 
|1794|0x00000007c0800000, 0x00000007c0c00000, 0x00000007c0c00000|100%| E|CS|TAMS 0x00000007c0800000, 0x00000007c0800000| Complete 
|1795|0x00000007c0c00000, 0x00000007c1000000, 0x00000007c1000000|100%| E|CS|TAMS 0x00000007c0c00000, 0x00000007c0c00000| Complete 
|1796|0x00000007c1000000, 0x00000007c1400000, 0x00000007c1400000|100%| E|CS|TAMS 0x00000007c1000000, 0x00000007c1000000| Complete 
|1797|0x00000007c1400000, 0x00000007c1800000, 0x00000007c1800000|100%| E|CS|TAMS 0x00000007c1400000, 0x00000007c1400000| Complete 
|1798|0x00000007c1800000, 0x00000007c1c00000, 0x00000007c1c00000|100%| E|CS|TAMS 0x00000007c1800000, 0x00000007c1800000| Complete 
|1799|0x00000007c1c00000, 0x00000007c2000000, 0x00000007c2000000|100%| E|CS|TAMS 0x00000007c1c00000, 0x00000007c1c00000| Complete 
|1800|0x00000007c2000000, 0x00000007c2400000, 0x00000007c2400000|100%| E|CS|TAMS 0x00000007c2000000, 0x00000007c2000000| Complete 
|1801|0x00000007c2400000, 0x00000007c2800000, 0x00000007c2800000|100%| E|CS|TAMS 0x00000007c2400000, 0x00000007c2400000| Complete 
|1802|0x00000007c2800000, 0x00000007c2c00000, 0x00000007c2c00000|100%| E|CS|TAMS 0x00000007c2800000, 0x00000007c2800000| Complete 
|1803|0x00000007c2c00000, 0x00000007c3000000, 0x00000007c3000000|100%| E|CS|TAMS 0x00000007c2c00000, 0x00000007c2c00000| Complete 
|1804|0x00000007c3000000, 0x00000007c3400000, 0x00000007c3400000|100%| E|CS|TAMS 0x00000007c3000000, 0x00000007c3000000| Complete 
|1805|0x00000007c3400000, 0x00000007c3800000, 0x00000007c3800000|100%| E|CS|TAMS 0x00000007c3400000, 0x00000007c3400000| Complete 
|1806|0x00000007c3800000, 0x00000007c3c00000, 0x00000007c3c00000|100%| E|CS|TAMS 0x00000007c3800000, 0x00000007c3800000| Complete 
|1807|0x00000007c3c00000, 0x00000007c4000000, 0x00000007c4000000|100%| E|CS|TAMS 0x00000007c3c00000, 0x00000007c3c00000| Complete 
|1808|0x00000007c4000000, 0x00000007c4400000, 0x00000007c4400000|100%| E|CS|TAMS 0x00000007c4000000, 0x00000007c4000000| Complete 
|1809|0x00000007c4400000, 0x00000007c4800000, 0x00000007c4800000|100%| E|CS|TAMS 0x00000007c4400000, 0x00000007c4400000| Complete 
|1810|0x00000007c4800000, 0x00000007c4c00000, 0x00000007c4c00000|100%| E|CS|TAMS 0x00000007c4800000, 0x00000007c4800000| Complete 
|1811|0x00000007c4c00000, 0x00000007c5000000, 0x00000007c5000000|100%| E|CS|TAMS 0x00000007c4c00000, 0x00000007c4c00000| Complete 
|1812|0x00000007c5000000, 0x00000007c5400000, 0x00000007c5400000|100%| E|CS|TAMS 0x00000007c5000000, 0x00000007c5000000| Complete 
|1813|0x00000007c5400000, 0x00000007c5800000, 0x00000007c5800000|100%| E|CS|TAMS 0x00000007c5400000, 0x00000007c5400000| Complete 
|1814|0x00000007c5800000, 0x00000007c5c00000, 0x00000007c5c00000|100%| E|CS|TAMS 0x00000007c5800000, 0x00000007c5800000| Complete 
|1815|0x00000007c5c00000, 0x00000007c6000000, 0x00000007c6000000|100%| E|CS|TAMS 0x00000007c5c00000, 0x00000007c5c00000| Complete 
|1816|0x00000007c6000000, 0x00000007c6400000, 0x00000007c6400000|100%| E|CS|TAMS 0x00000007c6000000, 0x00000007c6000000| Complete 
|1817|0x00000007c6400000, 0x00000007c6800000, 0x00000007c6800000|100%| E|CS|TAMS 0x00000007c6400000, 0x00000007c6400000| Complete 
|1818|0x00000007c6800000, 0x00000007c6c00000, 0x00000007c6c00000|100%| E|CS|TAMS 0x00000007c6800000, 0x00000007c6800000| Complete 
|1819|0x00000007c6c00000, 0x00000007c7000000, 0x00000007c7000000|100%| E|CS|TAMS 0x00000007c6c00000, 0x00000007c6c00000| Complete 
|1820|0x00000007c7000000, 0x00000007c7400000, 0x00000007c7400000|100%| E|CS|TAMS 0x00000007c7000000, 0x00000007c7000000| Complete 
|1821|0x00000007c7400000, 0x00000007c7800000, 0x00000007c7800000|100%| E|CS|TAMS 0x00000007c7400000, 0x00000007c7400000| Complete 
|1822|0x00000007c7800000, 0x00000007c7c00000, 0x00000007c7c00000|100%| E|CS|TAMS 0x00000007c7800000, 0x00000007c7800000| Complete 
|1823|0x00000007c7c00000, 0x00000007c8000000, 0x00000007c8000000|100%| E|CS|TAMS 0x00000007c7c00000, 0x00000007c7c00000| Complete 
|1824|0x00000007c8000000, 0x00000007c8400000, 0x00000007c8400000|100%| E|CS|TAMS 0x00000007c8000000, 0x00000007c8000000| Complete 
|1825|0x00000007c8400000, 0x00000007c8800000, 0x00000007c8800000|100%| E|CS|TAMS 0x00000007c8400000, 0x00000007c8400000| Complete 
|1826|0x00000007c8800000, 0x00000007c8c00000, 0x00000007c8c00000|100%| E|CS|TAMS 0x00000007c8800000, 0x00000007c8800000| Complete 
|1827|0x00000007c8c00000, 0x00000007c9000000, 0x00000007c9000000|100%| E|CS|TAMS 0x00000007c8c00000, 0x00000007c8c00000| Complete 
|1828|0x00000007c9000000, 0x00000007c9400000, 0x00000007c9400000|100%| E|CS|TAMS 0x00000007c9000000, 0x00000007c9000000| Complete 
|1829|0x00000007c9400000, 0x00000007c9800000, 0x00000007c9800000|100%| E|CS|TAMS 0x00000007c9400000, 0x00000007c9400000| Complete 
|1830|0x00000007c9800000, 0x00000007c9c00000, 0x00000007c9c00000|100%| E|CS|TAMS 0x00000007c9800000, 0x00000007c9800000| Complete 
|1831|0x00000007c9c00000, 0x00000007ca000000, 0x00000007ca000000|100%| E|CS|TAMS 0x00000007c9c00000, 0x00000007c9c00000| Complete 
|1832|0x00000007ca000000, 0x00000007ca400000, 0x00000007ca400000|100%| E|CS|TAMS 0x00000007ca000000, 0x00000007ca000000| Complete 
|1833|0x00000007ca400000, 0x00000007ca800000, 0x00000007ca800000|100%| E|CS|TAMS 0x00000007ca400000, 0x00000007ca400000| Complete 
|1834|0x00000007ca800000, 0x00000007cac00000, 0x00000007cac00000|100%| E|CS|TAMS 0x00000007ca800000, 0x00000007ca800000| Complete 
|1835|0x00000007cac00000, 0x00000007cb000000, 0x00000007cb000000|100%| E|CS|TAMS 0x00000007cac00000, 0x00000007cac00000| Complete 
|1836|0x00000007cb000000, 0x00000007cb400000, 0x00000007cb400000|100%| E|CS|TAMS 0x00000007cb000000, 0x00000007cb000000| Complete 
|1837|0x00000007cb400000, 0x00000007cb800000, 0x00000007cb800000|100%| E|CS|TAMS 0x00000007cb400000, 0x00000007cb400000| Complete 
|1838|0x00000007cb800000, 0x00000007cbc00000, 0x00000007cbc00000|100%| E|CS|TAMS 0x00000007cb800000, 0x00000007cb800000| Complete 
|1839|0x00000007cbc00000, 0x00000007cc000000, 0x00000007cc000000|100%| E|CS|TAMS 0x00000007cbc00000, 0x00000007cbc00000| Complete 
|1840|0x00000007cc000000, 0x00000007cc400000, 0x00000007cc400000|100%| E|CS|TAMS 0x00000007cc000000, 0x00000007cc000000| Complete 
|1841|0x00000007cc400000, 0x00000007cc800000, 0x00000007cc800000|100%| E|CS|TAMS 0x00000007cc400000, 0x00000007cc400000| Complete 
|1842|0x00000007cc800000, 0x00000007ccc00000, 0x00000007ccc00000|100%| E|CS|TAMS 0x00000007cc800000, 0x00000007cc800000| Complete 
|1843|0x00000007ccc00000, 0x00000007cd000000, 0x00000007cd000000|100%| E|CS|TAMS 0x00000007ccc00000, 0x00000007ccc00000| Complete 
|1844|0x00000007cd000000, 0x00000007cd400000, 0x00000007cd400000|100%| E|CS|TAMS 0x00000007cd000000, 0x00000007cd000000| Complete 
|1845|0x00000007cd400000, 0x00000007cd800000, 0x00000007cd800000|100%| E|CS|TAMS 0x00000007cd400000, 0x00000007cd400000| Complete 
|1846|0x00000007cd800000, 0x00000007cdc00000, 0x00000007cdc00000|100%| E|CS|TAMS 0x00000007cd800000, 0x00000007cd800000| Complete 
|1847|0x00000007cdc00000, 0x00000007ce000000, 0x00000007ce000000|100%| E|CS|TAMS 0x00000007cdc00000, 0x00000007cdc00000| Complete 
|1848|0x00000007ce000000, 0x00000007ce400000, 0x00000007ce400000|100%| E|CS|TAMS 0x00000007ce000000, 0x00000007ce000000| Complete 
|1849|0x00000007ce400000, 0x00000007ce800000, 0x00000007ce800000|100%| E|CS|TAMS 0x00000007ce400000, 0x00000007ce400000| Complete 
|1850|0x00000007ce800000, 0x00000007cec00000, 0x00000007cec00000|100%| E|CS|TAMS 0x00000007ce800000, 0x00000007ce800000| Complete 
|1851|0x00000007cec00000, 0x00000007cf000000, 0x00000007cf000000|100%| E|CS|TAMS 0x00000007cec00000, 0x00000007cec00000| Complete 
|1852|0x00000007cf000000, 0x00000007cf400000, 0x00000007cf400000|100%| E|CS|TAMS 0x00000007cf000000, 0x00000007cf000000| Complete 
|1853|0x00000007cf400000, 0x00000007cf800000, 0x00000007cf800000|100%| E|CS|TAMS 0x00000007cf400000, 0x00000007cf400000| Complete 
|1854|0x00000007cf800000, 0x00000007cfc00000, 0x00000007cfc00000|100%| E|CS|TAMS 0x00000007cf800000, 0x00000007cf800000| Complete 
|1855|0x00000007cfc00000, 0x00000007d0000000, 0x00000007d0000000|100%| E|CS|TAMS 0x00000007cfc00000, 0x00000007cfc00000| Complete 
|1856|0x00000007d0000000, 0x00000007d0400000, 0x00000007d0400000|100%| E|CS|TAMS 0x00000007d0000000, 0x00000007d0000000| Complete 
|1857|0x00000007d0400000, 0x00000007d0800000, 0x00000007d0800000|100%| E|CS|TAMS 0x00000007d0400000, 0x00000007d0400000| Complete 
|1858|0x00000007d0800000, 0x00000007d0c00000, 0x00000007d0c00000|100%| E|CS|TAMS 0x00000007d0800000, 0x00000007d0800000| Complete 
|1859|0x00000007d0c00000, 0x00000007d1000000, 0x00000007d1000000|100%| E|CS|TAMS 0x00000007d0c00000, 0x00000007d0c00000| Complete 
|1860|0x00000007d1000000, 0x00000007d1400000, 0x00000007d1400000|100%| E|CS|TAMS 0x00000007d1000000, 0x00000007d1000000| Complete 
|1861|0x00000007d1400000, 0x00000007d1800000, 0x00000007d1800000|100%| E|CS|TAMS 0x00000007d1400000, 0x00000007d1400000| Complete 
|1862|0x00000007d1800000, 0x00000007d1c00000, 0x00000007d1c00000|100%| E|CS|TAMS 0x00000007d1800000, 0x00000007d1800000| Complete 
|1863|0x00000007d1c00000, 0x00000007d2000000, 0x00000007d2000000|100%| E|CS|TAMS 0x00000007d1c00000, 0x00000007d1c00000| Complete 
|1864|0x00000007d2000000, 0x00000007d2400000, 0x00000007d2400000|100%| E|CS|TAMS 0x00000007d2000000, 0x00000007d2000000| Complete 
|1865|0x00000007d2400000, 0x00000007d2800000, 0x00000007d2800000|100%| E|CS|TAMS 0x00000007d2400000, 0x00000007d2400000| Complete 
|1866|0x00000007d2800000, 0x00000007d2c00000, 0x00000007d2c00000|100%| E|CS|TAMS 0x00000007d2800000, 0x00000007d2800000| Complete 
|1867|0x00000007d2c00000, 0x00000007d3000000, 0x00000007d3000000|100%| E|CS|TAMS 0x00000007d2c00000, 0x00000007d2c00000| Complete 
|1868|0x00000007d3000000, 0x00000007d3400000, 0x00000007d3400000|100%| E|CS|TAMS 0x00000007d3000000, 0x00000007d3000000| Complete 
|1869|0x00000007d3400000, 0x00000007d3800000, 0x00000007d3800000|100%| E|CS|TAMS 0x00000007d3400000, 0x00000007d3400000| Complete 
|1870|0x00000007d3800000, 0x00000007d3c00000, 0x00000007d3c00000|100%| E|CS|TAMS 0x00000007d3800000, 0x00000007d3800000| Complete 
|1871|0x00000007d3c00000, 0x00000007d4000000, 0x00000007d4000000|100%| E|CS|TAMS 0x00000007d3c00000, 0x00000007d3c00000| Complete 
|1872|0x00000007d4000000, 0x00000007d4400000, 0x00000007d4400000|100%| E|CS|TAMS 0x00000007d4000000, 0x00000007d4000000| Complete 
|1873|0x00000007d4400000, 0x00000007d4800000, 0x00000007d4800000|100%| E|CS|TAMS 0x00000007d4400000, 0x00000007d4400000| Complete 
|1874|0x00000007d4800000, 0x00000007d4c00000, 0x00000007d4c00000|100%| E|CS|TAMS 0x00000007d4800000, 0x00000007d4800000| Complete 
|1875|0x00000007d4c00000, 0x00000007d5000000, 0x00000007d5000000|100%| E|CS|TAMS 0x00000007d4c00000, 0x00000007d4c00000| Complete 
|1876|0x00000007d5000000, 0x00000007d5400000, 0x00000007d5400000|100%| E|CS|TAMS 0x00000007d5000000, 0x00000007d5000000| Complete 
|1877|0x00000007d5400000, 0x00000007d5800000, 0x00000007d5800000|100%| E|CS|TAMS 0x00000007d5400000, 0x00000007d5400000| Complete 
|1878|0x00000007d5800000, 0x00000007d5c00000, 0x00000007d5c00000|100%| E|CS|TAMS 0x00000007d5800000, 0x00000007d5800000| Complete 
|1879|0x00000007d5c00000, 0x00000007d6000000, 0x00000007d6000000|100%| E|CS|TAMS 0x00000007d5c00000, 0x00000007d5c00000| Complete 
|1880|0x00000007d6000000, 0x00000007d6400000, 0x00000007d6400000|100%| E|CS|TAMS 0x00000007d6000000, 0x00000007d6000000| Complete 
|1881|0x00000007d6400000, 0x00000007d6800000, 0x00000007d6800000|100%| E|CS|TAMS 0x00000007d6400000, 0x00000007d6400000| Complete 
|1882|0x00000007d6800000, 0x00000007d6c00000, 0x00000007d6c00000|100%| E|CS|TAMS 0x00000007d6800000, 0x00000007d6800000| Complete 
|1883|0x00000007d6c00000, 0x00000007d7000000, 0x00000007d7000000|100%| E|CS|TAMS 0x00000007d6c00000, 0x00000007d6c00000| Complete 
|1884|0x00000007d7000000, 0x00000007d7400000, 0x00000007d7400000|100%| E|CS|TAMS 0x00000007d7000000, 0x00000007d7000000| Complete 
|1885|0x00000007d7400000, 0x00000007d7800000, 0x00000007d7800000|100%| E|CS|TAMS 0x00000007d7400000, 0x00000007d7400000| Complete 
|1886|0x00000007d7800000, 0x00000007d7c00000, 0x00000007d7c00000|100%| E|CS|TAMS 0x00000007d7800000, 0x00000007d7800000| Complete 
|1887|0x00000007d7c00000, 0x00000007d8000000, 0x00000007d8000000|100%| E|CS|TAMS 0x00000007d7c00000, 0x00000007d7c00000| Complete 
|1888|0x00000007d8000000, 0x00000007d8400000, 0x00000007d8400000|100%| E|CS|TAMS 0x00000007d8000000, 0x00000007d8000000| Complete 
|1889|0x00000007d8400000, 0x00000007d8800000, 0x00000007d8800000|100%| E|CS|TAMS 0x00000007d8400000, 0x00000007d8400000| Complete 
|1890|0x00000007d8800000, 0x00000007d8c00000, 0x00000007d8c00000|100%| E|CS|TAMS 0x00000007d8800000, 0x00000007d8800000| Complete 
|1891|0x00000007d8c00000, 0x00000007d9000000, 0x00000007d9000000|100%| E|CS|TAMS 0x00000007d8c00000, 0x00000007d8c00000| Complete 
|1892|0x00000007d9000000, 0x00000007d9400000, 0x00000007d9400000|100%| E|CS|TAMS 0x00000007d9000000, 0x00000007d9000000| Complete 
|1893|0x00000007d9400000, 0x00000007d9800000, 0x00000007d9800000|100%| E|CS|TAMS 0x00000007d9400000, 0x00000007d9400000| Complete 
|1894|0x00000007d9800000, 0x00000007d9c00000, 0x00000007d9c00000|100%| E|CS|TAMS 0x00000007d9800000, 0x00000007d9800000| Complete 
|1895|0x00000007d9c00000, 0x00000007da000000, 0x00000007da000000|100%| E|CS|TAMS 0x00000007d9c00000, 0x00000007d9c00000| Complete 
|1896|0x00000007da000000, 0x00000007da400000, 0x00000007da400000|100%| E|CS|TAMS 0x00000007da000000, 0x00000007da000000| Complete 
|1897|0x00000007da400000, 0x00000007da800000, 0x00000007da800000|100%| E|CS|TAMS 0x00000007da400000, 0x00000007da400000| Complete 
|1898|0x00000007da800000, 0x00000007dac00000, 0x00000007dac00000|100%| E|CS|TAMS 0x00000007da800000, 0x00000007da800000| Complete 
|1899|0x00000007dac00000, 0x00000007db000000, 0x00000007db000000|100%| E|CS|TAMS 0x00000007dac00000, 0x00000007dac00000| Complete 
|1900|0x00000007db000000, 0x00000007db400000, 0x00000007db400000|100%| E|CS|TAMS 0x00000007db000000, 0x00000007db000000| Complete 
|1901|0x00000007db400000, 0x00000007db800000, 0x00000007db800000|100%| E|CS|TAMS 0x00000007db400000, 0x00000007db400000| Complete 
|1902|0x00000007db800000, 0x00000007dbc00000, 0x00000007dbc00000|100%| E|CS|TAMS 0x00000007db800000, 0x00000007db800000| Complete 
|1903|0x00000007dbc00000, 0x00000007dc000000, 0x00000007dc000000|100%| E|CS|TAMS 0x00000007dbc00000, 0x00000007dbc00000| Complete 
|1904|0x00000007dc000000, 0x00000007dc400000, 0x00000007dc400000|100%| E|CS|TAMS 0x00000007dc000000, 0x00000007dc000000| Complete 
|1905|0x00000007dc400000, 0x00000007dc800000, 0x00000007dc800000|100%| E|CS|TAMS 0x00000007dc400000, 0x00000007dc400000| Complete 
|1906|0x00000007dc800000, 0x00000007dcc00000, 0x00000007dcc00000|100%| E|CS|TAMS 0x00000007dc800000, 0x00000007dc800000| Complete 
|1907|0x00000007dcc00000, 0x00000007dd000000, 0x00000007dd000000|100%| E|CS|TAMS 0x00000007dcc00000, 0x00000007dcc00000| Complete 
|1908|0x00000007dd000000, 0x00000007dd400000, 0x00000007dd400000|100%| E|CS|TAMS 0x00000007dd000000, 0x00000007dd000000| Complete 
|1909|0x00000007dd400000, 0x00000007dd800000, 0x00000007dd800000|100%| E|CS|TAMS 0x00000007dd400000, 0x00000007dd400000| Complete 
|1910|0x00000007dd800000, 0x00000007ddc00000, 0x00000007ddc00000|100%| E|CS|TAMS 0x00000007dd800000, 0x00000007dd800000| Complete 
|1911|0x00000007ddc00000, 0x00000007de000000, 0x00000007de000000|100%| E|CS|TAMS 0x00000007ddc00000, 0x00000007ddc00000| Complete 
|1912|0x00000007de000000, 0x00000007de400000, 0x00000007de400000|100%| E|CS|TAMS 0x00000007de000000, 0x00000007de000000| Complete 
|1913|0x00000007de400000, 0x00000007de800000, 0x00000007de800000|100%| E|CS|TAMS 0x00000007de400000, 0x00000007de400000| Complete 
|1914|0x00000007de800000, 0x00000007dec00000, 0x00000007dec00000|100%| E|CS|TAMS 0x00000007de800000, 0x00000007de800000| Complete 
|1915|0x00000007dec00000, 0x00000007df000000, 0x00000007df000000|100%| E|CS|TAMS 0x00000007dec00000, 0x00000007dec00000| Complete 
|1916|0x00000007df000000, 0x00000007df400000, 0x00000007df400000|100%| E|CS|TAMS 0x00000007df000000, 0x00000007df000000| Complete 
|1917|0x00000007df400000, 0x00000007df800000, 0x00000007df800000|100%| E|CS|TAMS 0x00000007df400000, 0x00000007df400000| Complete 
|1918|0x00000007df800000, 0x00000007dfc00000, 0x00000007dfc00000|100%| E|CS|TAMS 0x00000007df800000, 0x00000007df800000| Complete 
|1919|0x00000007dfc00000, 0x00000007e0000000, 0x00000007e0000000|100%| E|CS|TAMS 0x00000007dfc00000, 0x00000007dfc00000| Complete 
|1920|0x00000007e0000000, 0x00000007e0400000, 0x00000007e0400000|100%| E|CS|TAMS 0x00000007e0000000, 0x00000007e0000000| Complete 
|1921|0x00000007e0400000, 0x00000007e0800000, 0x00000007e0800000|100%| E|CS|TAMS 0x00000007e0400000, 0x00000007e0400000| Complete 
|1922|0x00000007e0800000, 0x00000007e0c00000, 0x00000007e0c00000|100%| E|CS|TAMS 0x00000007e0800000, 0x00000007e0800000| Complete 
|1923|0x00000007e0c00000, 0x00000007e1000000, 0x00000007e1000000|100%| E|CS|TAMS 0x00000007e0c00000, 0x00000007e0c00000| Complete 
|1924|0x00000007e1000000, 0x00000007e1400000, 0x00000007e1400000|100%| E|CS|TAMS 0x00000007e1000000, 0x00000007e1000000| Complete 
|1925|0x00000007e1400000, 0x00000007e1800000, 0x00000007e1800000|100%| E|CS|TAMS 0x00000007e1400000, 0x00000007e1400000| Complete 
|1926|0x00000007e1800000, 0x00000007e1c00000, 0x00000007e1c00000|100%| E|CS|TAMS 0x00000007e1800000, 0x00000007e1800000| Complete 
|1927|0x00000007e1c00000, 0x00000007e2000000, 0x00000007e2000000|100%| E|CS|TAMS 0x00000007e1c00000, 0x00000007e1c00000| Complete 
|1928|0x00000007e2000000, 0x00000007e2400000, 0x00000007e2400000|100%| E|CS|TAMS 0x00000007e2000000, 0x00000007e2000000| Complete 
|1929|0x00000007e2400000, 0x00000007e2800000, 0x00000007e2800000|100%| E|CS|TAMS 0x00000007e2400000, 0x00000007e2400000| Complete 
|1930|0x00000007e2800000, 0x00000007e2c00000, 0x00000007e2c00000|100%| E|CS|TAMS 0x00000007e2800000, 0x00000007e2800000| Complete 
|1931|0x00000007e2c00000, 0x00000007e3000000, 0x00000007e3000000|100%| E|CS|TAMS 0x00000007e2c00000, 0x00000007e2c00000| Complete 
|1932|0x00000007e3000000, 0x00000007e3400000, 0x00000007e3400000|100%| E|CS|TAMS 0x00000007e3000000, 0x00000007e3000000| Complete 
|1933|0x00000007e3400000, 0x00000007e3800000, 0x00000007e3800000|100%| E|CS|TAMS 0x00000007e3400000, 0x00000007e3400000| Complete 
|1934|0x00000007e3800000, 0x00000007e3c00000, 0x00000007e3c00000|100%| E|CS|TAMS 0x00000007e3800000, 0x00000007e3800000| Complete 
|1935|0x00000007e3c00000, 0x00000007e4000000, 0x00000007e4000000|100%| E|CS|TAMS 0x00000007e3c00000, 0x00000007e3c00000| Complete 
|1936|0x00000007e4000000, 0x00000007e4400000, 0x00000007e4400000|100%| E|CS|TAMS 0x00000007e4000000, 0x00000007e4000000| Complete 
|1937|0x00000007e4400000, 0x00000007e4800000, 0x00000007e4800000|100%| E|CS|TAMS 0x00000007e4400000, 0x00000007e4400000| Complete 
|1938|0x00000007e4800000, 0x00000007e4c00000, 0x00000007e4c00000|100%| E|CS|TAMS 0x00000007e4800000, 0x00000007e4800000| Complete 
|1939|0x00000007e4c00000, 0x00000007e5000000, 0x00000007e5000000|100%| E|CS|TAMS 0x00000007e4c00000, 0x00000007e4c00000| Complete 
|1940|0x00000007e5000000, 0x00000007e5400000, 0x00000007e5400000|100%| E|CS|TAMS 0x00000007e5000000, 0x00000007e5000000| Complete 
|1941|0x00000007e5400000, 0x00000007e5800000, 0x00000007e5800000|100%| E|CS|TAMS 0x00000007e5400000, 0x00000007e5400000| Complete 
|1942|0x00000007e5800000, 0x00000007e5c00000, 0x00000007e5c00000|100%| E|CS|TAMS 0x00000007e5800000, 0x00000007e5800000| Complete 
|1943|0x00000007e5c00000, 0x00000007e6000000, 0x00000007e6000000|100%| E|CS|TAMS 0x00000007e5c00000, 0x00000007e5c00000| Complete 
|1944|0x00000007e6000000, 0x00000007e6400000, 0x00000007e6400000|100%| E|CS|TAMS 0x00000007e6000000, 0x00000007e6000000| Complete 
|1945|0x00000007e6400000, 0x00000007e6800000, 0x00000007e6800000|100%| E|CS|TAMS 0x00000007e6400000, 0x00000007e6400000| Complete 
|1946|0x00000007e6800000, 0x00000007e6c00000, 0x00000007e6c00000|100%| E|CS|TAMS 0x00000007e6800000, 0x00000007e6800000| Complete 
|1947|0x00000007e6c00000, 0x00000007e7000000, 0x00000007e7000000|100%| E|CS|TAMS 0x00000007e6c00000, 0x00000007e6c00000| Complete 
|1948|0x00000007e7000000, 0x00000007e7400000, 0x00000007e7400000|100%| E|CS|TAMS 0x00000007e7000000, 0x00000007e7000000| Complete 
|1949|0x00000007e7400000, 0x00000007e7800000, 0x00000007e7800000|100%| E|CS|TAMS 0x00000007e7400000, 0x00000007e7400000| Complete 
|1950|0x00000007e7800000, 0x00000007e7c00000, 0x00000007e7c00000|100%| E|CS|TAMS 0x00000007e7800000, 0x00000007e7800000| Complete 
|1951|0x00000007e7c00000, 0x00000007e8000000, 0x00000007e8000000|100%| E|CS|TAMS 0x00000007e7c00000, 0x00000007e7c00000| Complete 
|1952|0x00000007e8000000, 0x00000007e8400000, 0x00000007e8400000|100%| E|CS|TAMS 0x00000007e8000000, 0x00000007e8000000| Complete 
|1953|0x00000007e8400000, 0x00000007e8800000, 0x00000007e8800000|100%| E|CS|TAMS 0x00000007e8400000, 0x00000007e8400000| Complete 
|1954|0x00000007e8800000, 0x00000007e8c00000, 0x00000007e8c00000|100%| E|CS|TAMS 0x00000007e8800000, 0x00000007e8800000| Complete 
|1955|0x00000007e8c00000, 0x00000007e9000000, 0x00000007e9000000|100%| E|CS|TAMS 0x00000007e8c00000, 0x00000007e8c00000| Complete 
|1956|0x00000007e9000000, 0x00000007e9400000, 0x00000007e9400000|100%| E|CS|TAMS 0x00000007e9000000, 0x00000007e9000000| Complete 
|1957|0x00000007e9400000, 0x00000007e9800000, 0x00000007e9800000|100%| E|CS|TAMS 0x00000007e9400000, 0x00000007e9400000| Complete 
|1958|0x00000007e9800000, 0x00000007e9c00000, 0x00000007e9c00000|100%| E|CS|TAMS 0x00000007e9800000, 0x00000007e9800000| Complete 
|1959|0x00000007e9c00000, 0x00000007ea000000, 0x00000007ea000000|100%| E|CS|TAMS 0x00000007e9c00000, 0x00000007e9c00000| Complete 
|1960|0x00000007ea000000, 0x00000007ea400000, 0x00000007ea400000|100%| E|CS|TAMS 0x00000007ea000000, 0x00000007ea000000| Complete 
|1961|0x00000007ea400000, 0x00000007ea800000, 0x00000007ea800000|100%| E|CS|TAMS 0x00000007ea400000, 0x00000007ea400000| Complete 
|1962|0x00000007ea800000, 0x00000007eac00000, 0x00000007eac00000|100%| E|CS|TAMS 0x00000007ea800000, 0x00000007ea800000| Complete 
|1963|0x00000007eac00000, 0x00000007eb000000, 0x00000007eb000000|100%| E|CS|TAMS 0x00000007eac00000, 0x00000007eac00000| Complete 
|1964|0x00000007eb000000, 0x00000007eb400000, 0x00000007eb400000|100%| E|CS|TAMS 0x00000007eb000000, 0x00000007eb000000| Complete 
|1965|0x00000007eb400000, 0x00000007eb800000, 0x00000007eb800000|100%| E|CS|TAMS 0x00000007eb400000, 0x00000007eb400000| Complete 
|1966|0x00000007eb800000, 0x00000007ebc00000, 0x00000007ebc00000|100%| E|CS|TAMS 0x00000007eb800000, 0x00000007eb800000| Complete 
|1967|0x00000007ebc00000, 0x00000007ec000000, 0x00000007ec000000|100%| E|CS|TAMS 0x00000007ebc00000, 0x00000007ebc00000| Complete 
|1968|0x00000007ec000000, 0x00000007ec400000, 0x00000007ec400000|100%| E|CS|TAMS 0x00000007ec000000, 0x00000007ec000000| Complete 
|1969|0x00000007ec400000, 0x00000007ec800000, 0x00000007ec800000|100%| E|CS|TAMS 0x00000007ec400000, 0x00000007ec400000| Complete 
|1970|0x00000007ec800000, 0x00000007ecc00000, 0x00000007ecc00000|100%| E|CS|TAMS 0x00000007ec800000, 0x00000007ec800000| Complete 
|1971|0x00000007ecc00000, 0x00000007ed000000, 0x00000007ed000000|100%| E|CS|TAMS 0x00000007ecc00000, 0x00000007ecc00000| Complete 
|1972|0x00000007ed000000, 0x00000007ed400000, 0x00000007ed400000|100%| E|CS|TAMS 0x00000007ed000000, 0x00000007ed000000| Complete 
|1973|0x00000007ed400000, 0x00000007ed800000, 0x00000007ed800000|100%| E|CS|TAMS 0x00000007ed400000, 0x00000007ed400000| Complete 
|1974|0x00000007ed800000, 0x00000007edc00000, 0x00000007edc00000|100%| E|CS|TAMS 0x00000007ed800000, 0x00000007ed800000| Complete 
|1975|0x00000007edc00000, 0x00000007ee000000, 0x00000007ee000000|100%| E|CS|TAMS 0x00000007edc00000, 0x00000007edc00000| Complete 
|1976|0x00000007ee000000, 0x00000007ee400000, 0x00000007ee400000|100%| E|CS|TAMS 0x00000007ee000000, 0x00000007ee000000| Complete 
|1977|0x00000007ee400000, 0x00000007ee800000, 0x00000007ee800000|100%| E|CS|TAMS 0x00000007ee400000, 0x00000007ee400000| Complete 
|1978|0x00000007ee800000, 0x00000007eec00000, 0x00000007eec00000|100%| E|CS|TAMS 0x00000007ee800000, 0x00000007ee800000| Complete 
|1979|0x00000007eec00000, 0x00000007ef000000, 0x00000007ef000000|100%| E|CS|TAMS 0x00000007eec00000, 0x00000007eec00000| Complete 
|1980|0x00000007ef000000, 0x00000007ef400000, 0x00000007ef400000|100%| E|CS|TAMS 0x00000007ef000000, 0x00000007ef000000| Complete 
|1981|0x00000007ef400000, 0x00000007ef800000, 0x00000007ef800000|100%| E|CS|TAMS 0x00000007ef400000, 0x00000007ef400000| Complete 
|1982|0x00000007ef800000, 0x00000007efc00000, 0x00000007efc00000|100%| E|CS|TAMS 0x00000007ef800000, 0x00000007ef800000| Complete 
|1983|0x00000007efc00000, 0x00000007f0000000, 0x00000007f0000000|100%| E|CS|TAMS 0x00000007efc00000, 0x00000007efc00000| Complete 
|1984|0x00000007f0000000, 0x00000007f0400000, 0x00000007f0400000|100%| E|CS|TAMS 0x00000007f0000000, 0x00000007f0000000| Complete 
|1985|0x00000007f0400000, 0x00000007f0800000, 0x00000007f0800000|100%| E|CS|TAMS 0x00000007f0400000, 0x00000007f0400000| Complete 
|1986|0x00000007f0800000, 0x00000007f0c00000, 0x00000007f0c00000|100%| E|CS|TAMS 0x00000007f0800000, 0x00000007f0800000| Complete 
|1987|0x00000007f0c00000, 0x00000007f1000000, 0x00000007f1000000|100%| E|CS|TAMS 0x00000007f0c00000, 0x00000007f0c00000| Complete 
|1988|0x00000007f1000000, 0x00000007f1400000, 0x00000007f1400000|100%| E|CS|TAMS 0x00000007f1000000, 0x00000007f1000000| Complete 
|1989|0x00000007f1400000, 0x00000007f1800000, 0x00000007f1800000|100%| E|CS|TAMS 0x00000007f1400000, 0x00000007f1400000| Complete 
|1990|0x00000007f1800000, 0x00000007f1c00000, 0x00000007f1c00000|100%| E|CS|TAMS 0x00000007f1800000, 0x00000007f1800000| Complete 
|1991|0x00000007f1c00000, 0x00000007f2000000, 0x00000007f2000000|100%| E|CS|TAMS 0x00000007f1c00000, 0x00000007f1c00000| Complete 
|1992|0x00000007f2000000, 0x00000007f2400000, 0x00000007f2400000|100%| E|CS|TAMS 0x00000007f2000000, 0x00000007f2000000| Complete 
|1993|0x00000007f2400000, 0x00000007f2800000, 0x00000007f2800000|100%| E|CS|TAMS 0x00000007f2400000, 0x00000007f2400000| Complete 
|1994|0x00000007f2800000, 0x00000007f2c00000, 0x00000007f2c00000|100%| E|CS|TAMS 0x00000007f2800000, 0x00000007f2800000| Complete 
|1995|0x00000007f2c00000, 0x00000007f3000000, 0x00000007f3000000|100%| E|CS|TAMS 0x00000007f2c00000, 0x00000007f2c00000| Complete 
|1996|0x00000007f3000000, 0x00000007f3400000, 0x00000007f3400000|100%| E|CS|TAMS 0x00000007f3000000, 0x00000007f3000000| Complete 
|1997|0x00000007f3400000, 0x00000007f3800000, 0x00000007f3800000|100%| E|CS|TAMS 0x00000007f3400000, 0x00000007f3400000| Complete 
|1998|0x00000007f3800000, 0x00000007f3c00000, 0x00000007f3c00000|100%| E|CS|TAMS 0x00000007f3800000, 0x00000007f3800000| Complete 
|1999|0x00000007f3c00000, 0x00000007f4000000, 0x00000007f4000000|100%| E|CS|TAMS 0x00000007f3c00000, 0x00000007f3c00000| Complete 
|2000|0x00000007f4000000, 0x00000007f4400000, 0x00000007f4400000|100%| E|CS|TAMS 0x00000007f4000000, 0x00000007f4000000| Complete 
|2001|0x00000007f4400000, 0x00000007f4800000, 0x00000007f4800000|100%| E|CS|TAMS 0x00000007f4400000, 0x00000007f4400000| Complete 
|2002|0x00000007f4800000, 0x00000007f4c00000, 0x00000007f4c00000|100%| E|CS|TAMS 0x00000007f4800000, 0x00000007f4800000| Complete 
|2003|0x00000007f4c00000, 0x00000007f5000000, 0x00000007f5000000|100%| E|CS|TAMS 0x00000007f4c00000, 0x00000007f4c00000| Complete 
|2004|0x00000007f5000000, 0x00000007f5400000, 0x00000007f5400000|100%| E|CS|TAMS 0x00000007f5000000, 0x00000007f5000000| Complete 
|2005|0x00000007f5400000, 0x00000007f5800000, 0x00000007f5800000|100%| E|CS|TAMS 0x00000007f5400000, 0x00000007f5400000| Complete 
|2006|0x00000007f5800000, 0x00000007f5c00000, 0x00000007f5c00000|100%| E|CS|TAMS 0x00000007f5800000, 0x00000007f5800000| Complete 
|2007|0x00000007f5c00000, 0x00000007f6000000, 0x00000007f6000000|100%| E|CS|TAMS 0x00000007f5c00000, 0x00000007f5c00000| Complete 
|2008|0x00000007f6000000, 0x00000007f6400000, 0x00000007f6400000|100%| E|CS|TAMS 0x00000007f6000000, 0x00000007f6000000| Complete 
|2009|0x00000007f6400000, 0x00000007f6800000, 0x00000007f6800000|100%| E|CS|TAMS 0x00000007f6400000, 0x00000007f6400000| Complete 
|2010|0x00000007f6800000, 0x00000007f6c00000, 0x00000007f6c00000|100%| E|CS|TAMS 0x00000007f6800000, 0x00000007f6800000| Complete 
|2011|0x00000007f6c00000, 0x00000007f7000000, 0x00000007f7000000|100%| E|CS|TAMS 0x00000007f6c00000, 0x00000007f6c00000| Complete 
|2012|0x00000007f7000000, 0x00000007f7400000, 0x00000007f7400000|100%| E|CS|TAMS 0x00000007f7000000, 0x00000007f7000000| Complete 
|2013|0x00000007f7400000, 0x00000007f7800000, 0x00000007f7800000|100%| E|CS|TAMS 0x00000007f7400000, 0x00000007f7400000| Complete 
|2014|0x00000007f7800000, 0x00000007f7c00000, 0x00000007f7c00000|100%| E|CS|TAMS 0x00000007f7800000, 0x00000007f7800000| Complete 
|2015|0x00000007f7c00000, 0x00000007f8000000, 0x00000007f8000000|100%| E|CS|TAMS 0x00000007f7c00000, 0x00000007f7c00000| Complete 
|2016|0x00000007f8000000, 0x00000007f8400000, 0x00000007f8400000|100%| E|CS|TAMS 0x00000007f8000000, 0x00000007f8000000| Complete 
|2017|0x00000007f8400000, 0x00000007f8800000, 0x00000007f8800000|100%| E|CS|TAMS 0x00000007f8400000, 0x00000007f8400000| Complete 
|2018|0x00000007f8800000, 0x00000007f8c00000, 0x00000007f8c00000|100%| E|CS|TAMS 0x00000007f8800000, 0x00000007f8800000| Complete 
|2019|0x00000007f8c00000, 0x00000007f9000000, 0x00000007f9000000|100%| E|CS|TAMS 0x00000007f8c00000, 0x00000007f8c00000| Complete 
|2020|0x00000007f9000000, 0x00000007f9400000, 0x00000007f9400000|100%| E|CS|TAMS 0x00000007f9000000, 0x00000007f9000000| Complete 
|2021|0x00000007f9400000, 0x00000007f9800000, 0x00000007f9800000|100%| E|CS|TAMS 0x00000007f9400000, 0x00000007f9400000| Complete 
|2022|0x00000007f9800000, 0x00000007f9c00000, 0x00000007f9c00000|100%| E|CS|TAMS 0x00000007f9800000, 0x00000007f9800000| Complete 
|2023|0x00000007f9c00000, 0x00000007fa000000, 0x00000007fa000000|100%| E|CS|TAMS 0x00000007f9c00000, 0x00000007f9c00000| Complete 
|2024|0x00000007fa000000, 0x00000007fa400000, 0x00000007fa400000|100%| E|CS|TAMS 0x00000007fa000000, 0x00000007fa000000| Complete 
|2025|0x00000007fa400000, 0x00000007fa800000, 0x00000007fa800000|100%| E|CS|TAMS 0x00000007fa400000, 0x00000007fa400000| Complete 
|2026|0x00000007fa800000, 0x00000007fac00000, 0x00000007fac00000|100%| E|CS|TAMS 0x00000007fa800000, 0x00000007fa800000| Complete 
|2027|0x00000007fac00000, 0x00000007fb000000, 0x00000007fb000000|100%| E|CS|TAMS 0x00000007fac00000, 0x00000007fac00000| Complete 
|2028|0x00000007fb000000, 0x00000007fb400000, 0x00000007fb400000|100%| E|CS|TAMS 0x00000007fb000000, 0x00000007fb000000| Complete 
|2029|0x00000007fb400000, 0x00000007fb800000, 0x00000007fb800000|100%| E|CS|TAMS 0x00000007fb400000, 0x00000007fb400000| Complete 
|2030|0x00000007fb800000, 0x00000007fbc00000, 0x00000007fbc00000|100%| E|CS|TAMS 0x00000007fb800000, 0x00000007fb800000| Complete 
|2031|0x00000007fbc00000, 0x00000007fc000000, 0x00000007fc000000|100%| E|CS|TAMS 0x00000007fbc00000, 0x00000007fbc00000| Complete 
|2032|0x00000007fc000000, 0x00000007fc400000, 0x00000007fc400000|100%| E|CS|TAMS 0x00000007fc000000, 0x00000007fc000000| Complete 
|2033|0x00000007fc400000, 0x00000007fc800000, 0x00000007fc800000|100%| E|CS|TAMS 0x00000007fc400000, 0x00000007fc400000| Complete 
|2034|0x00000007fc800000, 0x00000007fcc00000, 0x00000007fcc00000|100%| E|CS|TAMS 0x00000007fc800000, 0x00000007fc800000| Complete 
|2035|0x00000007fcc00000, 0x00000007fd000000, 0x00000007fd000000|100%| E|CS|TAMS 0x00000007fcc00000, 0x00000007fcc00000| Complete 
|2036|0x00000007fd000000, 0x00000007fd400000, 0x00000007fd400000|100%| E|CS|TAMS 0x00000007fd000000, 0x00000007fd000000| Complete 
|2037|0x00000007fd400000, 0x00000007fd800000, 0x00000007fd800000|100%| E|CS|TAMS 0x00000007fd400000, 0x00000007fd400000| Complete 
|2038|0x00000007fd800000, 0x00000007fdc00000, 0x00000007fdc00000|100%| E|CS|TAMS 0x00000007fd800000, 0x00000007fd800000| Complete 
|2039|0x00000007fdc00000, 0x00000007fe000000, 0x00000007fe000000|100%| E|CS|TAMS 0x00000007fdc00000, 0x00000007fdc00000| Complete 
|2040|0x00000007fe000000, 0x00000007fe400000, 0x00000007fe400000|100%| E|CS|TAMS 0x00000007fe000000, 0x00000007fe000000| Complete 
|2041|0x00000007fe400000, 0x00000007fe800000, 0x00000007fe800000|100%| E|CS|TAMS 0x00000007fe400000, 0x00000007fe400000| Complete 
|2042|0x00000007fe800000, 0x00000007fec00000, 0x00000007fec00000|100%| E|CS|TAMS 0x00000007fe800000, 0x00000007fe800000| Complete 
|2043|0x00000007fec00000, 0x00000007ff000000, 0x00000007ff000000|100%| E|CS|TAMS 0x00000007fec00000, 0x00000007fec00000| Complete 
|2044|0x00000007ff000000, 0x00000007ff400000, 0x00000007ff400000|100%| E|CS|TAMS 0x00000007ff000000, 0x00000007ff000000| Complete 
|2045|0x00000007ff400000, 0x00000007ff800000, 0x00000007ff800000|100%| E|CS|TAMS 0x00000007ff400000, 0x00000007ff400000| Complete 
|2046|0x00000007ff800000, 0x00000007ffc00000, 0x00000007ffc00000|100%| E|CS|TAMS 0x00000007ff800000, 0x00000007ff800000| Complete 
|2047|0x00000007ffc00000, 0x0000000800000000, 0x0000000800000000|100%| E|CS|TAMS 0x00000007ffc00000, 0x00000007ffc00000| Complete 

Card table byte_map: [0x0000021927730000,0x0000021928730000] _byte_map_base: 0x0000021924730000

Marking Bits (Prev, Next): (CMBitMap*) 0x000002191026d340, (CMBitMap*) 0x000002191026d380
 Prev Bits: [0x0000021929730000, 0x0000021931730000)
 Next Bits: [0x0000021931730000, 0x0000021939730000)

Polling page: 0x000002190fed0000

Metaspace:

Usage:
  Non-class:    324.78 MB used.
      Class:     69.39 MB used.
       Both:    394.17 MB used.

Virtual space:
  Non-class space:      384.00 MB reserved,     326.31 MB ( 85%) committed,  6 nodes.
      Class space:        1.00 GB reserved,      70.62 MB (  7%) committed,  1 nodes.
             Both:        1.38 GB reserved,     396.94 MB ( 28%) committed. 

Chunk freelists:
   Non-Class:  9.23 MB
       Class:  9.32 MB
        Both:  18.55 MB

MaxMetaspaceSize: unlimited
CompressedClassSpaceSize: 1.00 GB
Initial GC threshold: 21.00 MB
Current GC threshold: 661.38 MB
CDS: on
MetaspaceReclaimPolicy: balanced
 - commit_granule_bytes: 65536.
 - commit_granule_words: 8192.
 - virtual_space_node_default_size: 8388608.
 - enlarge_chunks_in_place: 1.
 - new_chunks_are_fully_committed: 0.
 - uncommit_free_chunks: 1.
 - use_allocation_guard: 0.
 - handle_deallocations: 1.


Internal statistics:

num_allocs_failed_limit: 36.
num_arena_births: 5034.
num_arena_deaths: 26.
num_vsnodes_births: 7.
num_vsnodes_deaths: 0.
num_space_committed: 6335.
num_space_uncommitted: 0.
num_chunks_returned_to_freelist: 72.
num_chunks_taken_from_freelist: 21569.
num_chunk_merges: 45.
num_chunk_splits: 15274.
num_chunks_enlarged: 12064.
num_inconsistent_stats: 0.

CodeHeap 'non-profiled nmethods': size=119168Kb used=84342Kb max_used=84597Kb free=34825Kb
 bounds [0x000002191e300000, 0x00000219235b0000, 0x0000021925760000]
CodeHeap 'profiled nmethods': size=119104Kb used=95378Kb max_used=102625Kb free=23725Kb
 bounds [0x0000021916760000, 0x000002191cd20000, 0x000002191dbb0000]
CodeHeap 'non-nmethods': size=7488Kb used=3564Kb max_used=5327Kb free=3923Kb
 bounds [0x000002191dbb0000, 0x000002191e0f0000, 0x000002191e300000]
 total_blobs=58160 nmethods=54652 adapters=3413
 compilation: enabled
              stopped_count=0, restarted_count=0
 full_count=0

Compilation events (20 events):
Event: 1338.671 Thread 0x0000021b0fcb1490 nmethod 89176 0x000002191f914590 code [0x000002191f914700, 0x000002191f914778]
Event: 1338.671 Thread 0x0000021b0fcb1490 89175       4       net.minecraft.class_1297::frozenLib$getEffectiveGravity (22 bytes)
Event: 1338.683 Thread 0x0000021b0fcb1490 nmethod 89175 0x000002191fb41690 code [0x000002191fb418a0, 0x000002191fb41ea8]
Event: 1338.745 Thread 0x00000219399d8c90 nmethod 89168 0x0000021923002290 code [0x0000021923002840, 0x0000021923006c00]
Event: 1338.877 Thread 0x00000219399d95a0 89178       3       net.minecraft.class_201::test (9 bytes)
Event: 1338.878 Thread 0x00000219399d95a0 nmethod 89178 0x000002191c3ef810 code [0x000002191c3ef9c0, 0x000002191c3efc08]
Event: 1339.137 Thread 0x00000219399d8c90 89179       4       dev.jdm.full_slabs.block.SlabBlockUtility::getShape (90 bytes)
Event: 1339.137 Thread 0x00000219399d8c90 nmethod 89179 0x000002191fb4cd10 code [0x000002191fb4cea0, 0x000002191fb4cf58]
Event: 1339.137 Thread 0x00000219399d8c90 89180       4       net.minecraft.class_1297::frozenLib$getEffectiveGravity (22 bytes)
Event: 1339.145 Thread 0x00000219399d8c90 nmethod 89180 0x0000021923001110 code [0x0000021923001300, 0x0000021923001908]
Event: 1339.341 Thread 0x00000219399d95a0 89181       3       net.minecraft.class_1688::method_7508 (410 bytes)
Event: 1339.344 Thread 0x00000219399d95a0 nmethod 89181 0x000002191ca39690 code [0x000002191ca39b00, 0x000002191ca3c4f8]
Event: 1339.392 Thread 0x00000219399d95a0 89182       3       me.fzzyhmstrs.amethyst_imbuement.augment.FriendlyAugment::specialEffect (116 bytes)
Event: 1339.394 Thread 0x00000219399d95a0 nmethod 89182 0x000002191a55f590 code [0x000002191a55f8e0, 0x000002191a560e18]
Event: 1339.394 Thread 0x00000219399d95a0 89183       3       net.minecraft.class_1560$class_1561::method_6264 (65 bytes)
Event: 1339.394 Thread 0x00000219399d95a0 nmethod 89183 0x000002191bafcc90 code [0x000002191bafcf20, 0x000002191bafdd68]
Event: 1339.394 Thread 0x00000219399d95a0 89184       3       net.minecraft.class_1560$class_1561::handler$ipg001$openpartiesandclaims$onMobGriefGameRuleMethod (8 bytes)
Event: 1339.395 Thread 0x00000219399d95a0 nmethod 89184 0x000002191adb2b10 code [0x000002191adb2cc0, 0x000002191adb2fe8]
Event: 1339.591 Thread 0x00000219399d95a0 89185       1       com.github.alexthe666.alexsmobs.entity.EntityBananaSlug::method_5978 (2 bytes)
Event: 1339.591 Thread 0x00000219399d95a0 nmethod 89185 0x000002191fb4ca10 code [0x000002191fb4cba0, 0x000002191fb4cc78]

GC Heap History (20 events):
Event: 1305.076 GC heap before
{Heap before GC invocations=519 (full 1):
 garbage-first heap   total 8388608K, used 7465771K [0x0000000600000000, 0x0000000800000000)
  region size 4096K, 813 young (3330048K), 15 survivors (61440K)
 Metaspace       used 403218K, committed 406080K, reserved 1441792K
  class space    used 71038K, committed 72320K, reserved 1048576K
}
Event: 1305.098 GC heap after
{Heap after GC invocations=520 (full 1):
 garbage-first heap   total 8388608K, used 4215684K [0x0000000600000000, 0x0000000800000000)
  region size 4096K, 18 young (73728K), 18 survivors (73728K)
 Metaspace       used 403218K, committed 406080K, reserved 1441792K
  class space    used 71038K, committed 72320K, reserved 1048576K
}
Event: 1309.023 GC heap before
{Heap before GC invocations=521 (full 1):
 garbage-first heap   total 8388608K, used 7467908K [0x0000000600000000, 0x0000000800000000)
  region size 4096K, 812 young (3325952K), 18 survivors (73728K)
 Metaspace       used 403316K, committed 406144K, reserved 1441792K
  class space    used 71046K, committed 72320K, reserved 1048576K
}
Event: 1309.047 GC heap after
{Heap after GC invocations=522 (full 1):
 garbage-first heap   total 8388608K, used 4227979K [0x0000000600000000, 0x0000000800000000)
  region size 4096K, 21 young (86016K), 21 survivors (86016K)
 Metaspace       used 403316K, committed 406144K, reserved 1441792K
  class space    used 71046K, committed 72320K, reserved 1048576K
}
Event: 1309.453 GC heap before
{Heap before GC invocations=522 (full 1):
 garbage-first heap   total 8388608K, used 4559755K [0x0000000600000000, 0x0000000800000000)
  region size 4096K, 102 young (417792K), 21 survivors (86016K)
 Metaspace       used 403320K, committed 406144K, reserved 1441792K
  class space    used 71046K, committed 72320K, reserved 1048576K
}
Event: 1309.676 GC heap after
{Heap after GC invocations=523 (full 1):
 garbage-first heap   total 8388608K, used 4178252K [0x0000000600000000, 0x0000000800000000)
  region size 4096K, 7 young (28672K), 7 survivors (28672K)
 Metaspace       used 403320K, committed 406144K, reserved 1441792K
  class space    used 71046K, committed 72320K, reserved 1048576K
}
Event: 1313.525 GC heap before
{Heap before GC invocations=523 (full 1):
 garbage-first heap   total 8388608K, used 7467340K [0x0000000600000000, 0x0000000800000000)
  region size 4096K, 810 young (3317760K), 7 survivors (28672K)
 Metaspace       used 403372K, committed 406208K, reserved 1441792K
  class space    used 71046K, committed 72320K, reserved 1048576K
}
Event: 1313.540 GC heap after
{Heap after GC invocations=524 (full 1):
 garbage-first heap   total 8388608K, used 4188036K [0x0000000600000000, 0x0000000800000000)
  region size 4096K, 10 young (40960K), 10 survivors (40960K)
 Metaspace       used 403372K, committed 406208K, reserved 1441792K
  class space    used 71046K, committed 72320K, reserved 1048576K
}
Event: 1317.236 GC heap before
{Heap before GC invocations=524 (full 1):
 garbage-first heap   total 8388608K, used 7460740K [0x0000000600000000, 0x0000000800000000)
  region size 4096K, 810 young (3317760K), 10 survivors (40960K)
 Metaspace       used 403438K, committed 406272K, reserved 1441792K
  class space    used 71050K, committed 72320K, reserved 1048576K
}
Event: 1317.253 GC heap after
{Heap after GC invocations=525 (full 1):
 garbage-first heap   total 8388608K, used 4199874K [0x0000000600000000, 0x0000000800000000)
  region size 4096K, 13 young (53248K), 13 survivors (53248K)
 Metaspace       used 403438K, committed 406272K, reserved 1441792K
  class space    used 71050K, committed 72320K, reserved 1048576K
}
Event: 1321.060 GC heap before
{Heap before GC invocations=525 (full 1):
 garbage-first heap   total 8388608K, used 7456194K [0x0000000600000000, 0x0000000800000000)
  region size 4096K, 809 young (3313664K), 13 survivors (53248K)
 Metaspace       used 403463K, committed 406272K, reserved 1441792K
  class space    used 71050K, committed 72320K, reserved 1048576K
}
Event: 1321.081 GC heap after
{Heap after GC invocations=526 (full 1):
 garbage-first heap   total 8388608K, used 4217136K [0x0000000600000000, 0x0000000800000000)
  region size 4096K, 17 young (69632K), 17 survivors (69632K)
 Metaspace       used 403463K, committed 406272K, reserved 1441792K
  class space    used 71050K, committed 72320K, reserved 1048576K
}
Event: 1326.402 GC heap before
{Heap before GC invocations=527 (full 1):
 garbage-first heap   total 8388608K, used 7457072K [0x0000000600000000, 0x0000000800000000)
  region size 4096K, 808 young (3309568K), 17 survivors (69632K)
 Metaspace       used 403521K, committed 406336K, reserved 1441792K
  class space    used 71054K, committed 72320K, reserved 1048576K
}
Event: 1326.431 GC heap after
{Heap after GC invocations=528 (full 1):
 garbage-first heap   total 8388608K, used 4228285K [0x0000000600000000, 0x0000000800000000)
  region size 4096K, 20 young (81920K), 20 survivors (81920K)
 Metaspace       used 403521K, committed 406336K, reserved 1441792K
  class space    used 71054K, committed 72320K, reserved 1048576K
}
Event: 1327.054 GC heap before
{Heap before GC invocations=528 (full 1):
 garbage-first heap   total 8388608K, used 4564157K [0x0000000600000000, 0x0000000800000000)
  region size 4096K, 102 young (417792K), 20 survivors (81920K)
 Metaspace       used 403525K, committed 406336K, reserved 1441792K
  class space    used 71054K, committed 72320K, reserved 1048576K
}
Event: 1327.259 GC heap after
{Heap after GC invocations=529 (full 1):
 garbage-first heap   total 8388608K, used 4183391K [0x0000000600000000, 0x0000000800000000)
  region size 4096K, 7 young (28672K), 7 survivors (28672K)
 Metaspace       used 403525K, committed 406336K, reserved 1441792K
  class space    used 71054K, committed 72320K, reserved 1048576K
}
Event: 1330.819 GC heap before
{Heap before GC invocations=529 (full 1):
 garbage-first heap   total 8388608K, used 7456095K [0x0000000600000000, 0x0000000800000000)
  region size 4096K, 806 young (3301376K), 7 survivors (28672K)
 Metaspace       used 403548K, committed 406400K, reserved 1441792K
  class space    used 71054K, committed 72320K, reserved 1048576K
}
Event: 1330.830 GC heap after
{Heap after GC invocations=530 (full 1):
 garbage-first heap   total 8388608K, used 4192624K [0x0000000600000000, 0x0000000800000000)
  region size 4096K, 10 young (40960K), 10 survivors (40960K)
 Metaspace       used 403548K, committed 406400K, reserved 1441792K
  class space    used 71054K, committed 72320K, reserved 1048576K
}
Event: 1335.328 GC heap before
{Heap before GC invocations=530 (full 1):
 garbage-first heap   total 8388608K, used 7448944K [0x0000000600000000, 0x0000000800000000)
  region size 4096K, 806 young (3301376K), 10 survivors (40960K)
 Metaspace       used 403594K, committed 406400K, reserved 1441792K
  class space    used 71054K, committed 72320K, reserved 1048576K
}
Event: 1335.344 GC heap after
{Heap after GC invocations=531 (full 1):
 garbage-first heap   total 8388608K, used 4211237K [0x0000000600000000, 0x0000000800000000)
  region size 4096K, 14 young (57344K), 14 survivors (57344K)
 Metaspace       used 403594K, committed 406400K, reserved 1441792K
  class space    used 71054K, committed 72320K, reserved 1048576K
}

Dll operation events (18 events):
Event: 0.005 Loaded shared library C:\Users\Dark\curseforge\minecraft\Install\java\java-runtime-gamma\bin\java.dll
Event: 0.016 Loaded shared library C:\Users\Dark\curseforge\minecraft\Install\java\java-runtime-gamma\bin\jsvml.dll
Event: 0.062 Loaded shared library C:\Users\Dark\curseforge\minecraft\Install\java\java-runtime-gamma\bin\net.dll
Event: 0.063 Loaded shared library C:\Users\Dark\curseforge\minecraft\Install\java\java-runtime-gamma\bin\nio.dll
Event: 0.065 Loaded shared library C:\Users\Dark\curseforge\minecraft\Install\java\java-runtime-gamma\bin\zip.dll
Event: 0.131 Loaded shared library C:\Users\Dark\curseforge\minecraft\Install\java\java-runtime-gamma\bin\jimage.dll
Event: 0.748 Loaded shared library C:\Users\Dark\curseforge\minecraft\Install\java\java-runtime-gamma\bin\management.dll
Event: 0.750 Loaded shared library C:\Users\Dark\curseforge\minecraft\Install\java\java-runtime-gamma\bin\management_ext.dll
Event: 1.022 Loaded shared library C:\Users\Dark\curseforge\minecraft\Install\java\java-runtime-gamma\bin\verify.dll
Event: 9.896 Loaded shared library C:\Users\Dark\curseforge\minecraft\Install\natives\fabric-0.19.2-1.20.1\jna4433770209238184791.dll
Event: 11.048 Loaded shared library C:\Users\Dark\curseforge\minecraft\Install\natives\fabric-0.19.2-1.20.1\lwjgl.dll
Event: 23.598 Loaded shared library C:\Users\Dark\curseforge\minecraft\Install\java\java-runtime-gamma\bin\sunmscapi.dll
Event: 38.671 Loaded shared library C:\Users\Dark\curseforge\minecraft\Install\java\java-runtime-gamma\bin\awt.dll
Event: 49.985 Loaded shared library C:\Users\Dark\curseforge\minecraft\Instances\DarkRPG - RPG with Magic Origins Quests Adventure (1)\EffekseerNativeForJava.dll
Event: 54.183 Loaded shared library C:\Users\Dark\AppData\Local\Temp\opus4j-425b9c66b27e08f7e8fc45c7a6f2c641\opus4j.dll
Event: 55.091 Loaded shared library C:\Users\Dark\curseforge\minecraft\Install\natives\fabric-0.19.2-1.20.1\lwjgl_opengl.dll
Event: 55.267 Loaded shared library C:\Users\Dark\curseforge\minecraft\Install\natives\fabric-0.19.2-1.20.1\lwjgl_stb.dll
Event: 984.767 Loaded shared library C:\Users\Dark\AppData\Local\Temp\rnnoise4j-83e146fe4e6675e6d60d613bf014d0d1\rnnoise4j.dll

Deoptimization events (20 events):
Event: 1338.117 Thread 0x0000021af7969060 Uncommon trap: trap_request=0xffffff45 fr.pc=0x0000021921cd7228 relative=0x0000000000000968
Event: 1338.117 Thread 0x0000021af7969060 Uncommon trap: reason=unstable_if action=reinterpret pc=0x0000021921cd7228 method=net.minecraft.class_1542.method_5753()Z @ 10 c2
Event: 1338.117 Thread 0x0000021af7969060 DEOPT PACKING pc=0x0000021921cd7228 sp=0x000000679e53e8f0
Event: 1338.117 Thread 0x0000021af7969060 DEOPT UNPACKING pc=0x000002191dc069a3 sp=0x000000679e53e8e8 mode 2
Event: 1338.687 Thread 0x0000021af7969060 Uncommon trap: trap_request=0xffffffc6 fr.pc=0x000002191fb419c0 relative=0x0000000000000120
Event: 1338.687 Thread 0x0000021af7969060 Uncommon trap: reason=bimorphic_or_optimized_type_check action=maybe_recompile pc=0x000002191fb419c0 method=net.minecraft.class_1297.frozenLib$getEffectiveGravity()Lnet/minecraft/class_243; @ 15 c2
Event: 1338.687 Thread 0x0000021af7969060 DEOPT PACKING pc=0x000002191fb419c0 sp=0x000000679e53e950
Event: 1338.687 Thread 0x0000021af7969060 DEOPT UNPACKING pc=0x000002191dc069a3 sp=0x000000679e53e920 mode 2
Event: 1338.688 Thread 0x0000021af7969060 Uncommon trap: trap_request=0xffffffc6 fr.pc=0x000002191fb419c0 relative=0x0000000000000120
Event: 1338.688 Thread 0x0000021af7969060 Uncommon trap: reason=bimorphic_or_optimized_type_check action=maybe_recompile pc=0x000002191fb419c0 method=net.minecraft.class_1297.frozenLib$getEffectiveGravity()Lnet/minecraft/class_243; @ 15 c2
Event: 1338.688 Thread 0x0000021af7969060 DEOPT PACKING pc=0x000002191fb419c0 sp=0x000000679e53e950
Event: 1338.688 Thread 0x0000021af7969060 DEOPT UNPACKING pc=0x000002191dc069a3 sp=0x000000679e53e920 mode 2
Event: 1338.690 Thread 0x0000021af7969060 Uncommon trap: trap_request=0xffffffc6 fr.pc=0x000002191fb419c0 relative=0x0000000000000120
Event: 1338.690 Thread 0x0000021af7969060 Uncommon trap: reason=bimorphic_or_optimized_type_check action=maybe_recompile pc=0x000002191fb419c0 method=net.minecraft.class_1297.frozenLib$getEffectiveGravity()Lnet/minecraft/class_243; @ 15 c2
Event: 1338.690 Thread 0x0000021af7969060 DEOPT PACKING pc=0x000002191fb419c0 sp=0x000000679e53e950
Event: 1338.690 Thread 0x0000021af7969060 DEOPT UNPACKING pc=0x000002191dc069a3 sp=0x000000679e53e920 mode 2
Event: 1338.694 Thread 0x0000021af7969060 Uncommon trap: trap_request=0xffffffc6 fr.pc=0x000002191fb419c0 relative=0x0000000000000120
Event: 1338.695 Thread 0x0000021af7969060 Uncommon trap: reason=bimorphic_or_optimized_type_check action=maybe_recompile pc=0x000002191fb419c0 method=net.minecraft.class_1297.frozenLib$getEffectiveGravity()Lnet/minecraft/class_243; @ 15 c2
Event: 1338.695 Thread 0x0000021af7969060 DEOPT PACKING pc=0x000002191fb419c0 sp=0x000000679e53e950
Event: 1338.695 Thread 0x0000021af7969060 DEOPT UNPACKING pc=0x000002191dc069a3 sp=0x000000679e53e920 mode 2

Classes unloaded (13 events):
Event: 99.208 Thread 0x000002193999c3e0 Unloading class 0x00000219418c9000 'java/lang/invoke/LambdaForm$MH+0x00000219418c9000'
Event: 99.208 Thread 0x000002193999c3e0 Unloading class 0x00000219418c8400 'java/lang/invoke/LambdaForm$MH+0x00000219418c8400'
Event: 99.208 Thread 0x000002193999c3e0 Unloading class 0x00000219418c8000 'java/lang/invoke/LambdaForm$DMH+0x00000219418c8000'
Event: 99.208 Thread 0x000002193999c3e0 Unloading class 0x00000219418ba000 'java/lang/invoke/LambdaForm$DMH+0x00000219418ba000'
Event: 99.208 Thread 0x000002193999c3e0 Unloading class 0x00000219418b9c00 'java/lang/invoke/LambdaForm$DMH+0x00000219418b9c00'
Event: 99.208 Thread 0x000002193999c3e0 Unloading class 0x00000219418b9800 'java/lang/invoke/LambdaForm$DMH+0x00000219418b9800'
Event: 99.208 Thread 0x000002193999c3e0 Unloading class 0x00000219418b9400 'java/lang/invoke/LambdaForm$DMH+0x00000219418b9400'
Event: 970.570 Thread 0x000002193999c3e0 Unloading class 0x0000021941da4c00 'java/lang/invoke/LambdaForm$DMH+0x0000021941da4c00'
Event: 970.571 Thread 0x000002193999c3e0 Unloading class 0x0000021941da4800 'java/lang/invoke/LambdaForm$DMH+0x0000021941da4800'
Event: 1229.284 Thread 0x000002193999c3e0 Unloading class 0x000002194234d000 'java/lang/invoke/LambdaForm$DMH+0x000002194234d000'
Event: 1229.284 Thread 0x000002193999c3e0 Unloading class 0x000002194234d400 'java/lang/invoke/LambdaForm$DMH+0x000002194234d400'
Event: 1229.284 Thread 0x000002193999c3e0 Unloading class 0x00000219422bc400 'java/lang/invoke/LambdaForm$DMH+0x00000219422bc400'
Event: 1229.284 Thread 0x000002193999c3e0 Unloading class 0x00000219422c8400 'java/lang/invoke/LambdaForm$DMH+0x00000219422c8400'

Classes redefined (0 events):
No events

Internal exceptions (20 events):
Event: 1339.160 Thread 0x000002199b357310 Exception <a 'sun/nio/fs/WindowsException'{0x0000000764c91460}> (0x0000000764c91460) 
thrown [s\src\hotspot\share\prims\jni.cpp, line 516]
Event: 1339.162 Thread 0x0000021a52121b70 Exception <a 'sun/nio/fs/WindowsException'{0x0000000764d2d530}> (0x0000000764d2d530) 
thrown [s\src\hotspot\share\prims\jni.cpp, line 516]
Event: 1339.165 Thread 0x000002199b357310 Exception <a 'sun/nio/fs/WindowsException'{0x0000000764c9f2a8}> (0x0000000764c9f2a8) 
thrown [s\src\hotspot\share\prims\jni.cpp, line 516]
Event: 1339.168 Thread 0x0000021a52121b70 Exception <a 'sun/nio/fs/WindowsException'{0x0000000764015458}> (0x0000000764015458) 
thrown [s\src\hotspot\share\prims\jni.cpp, line 516]
Event: 1339.171 Thread 0x000002199b357310 Exception <a 'sun/nio/fs/WindowsException'{0x0000000764cb2ec8}> (0x0000000764cb2ec8) 
thrown [s\src\hotspot\share\prims\jni.cpp, line 516]
Event: 1339.175 Thread 0x0000021a52121b70 Exception <a 'sun/nio/fs/WindowsException'{0x000000076403b5f0}> (0x000000076403b5f0) 
thrown [s\src\hotspot\share\prims\jni.cpp, line 516]
Event: 1339.178 Thread 0x000002199b357310 Exception <a 'sun/nio/fs/WindowsException'{0x0000000764082ec0}> (0x0000000764082ec0) 
thrown [s\src\hotspot\share\prims\jni.cpp, line 516]
Event: 1339.181 Thread 0x0000021a52121b70 Exception <a 'sun/nio/fs/WindowsException'{0x000000076404bd20}> (0x000000076404bd20) 
thrown [s\src\hotspot\share\prims\jni.cpp, line 516]
Event: 1339.185 Thread 0x000002199b357310 Exception <a 'sun/nio/fs/WindowsException'{0x000000076409a3c0}> (0x000000076409a3c0) 
thrown [s\src\hotspot\share\prims\jni.cpp, line 516]
Event: 1339.188 Thread 0x0000021a52121b70 Exception <a 'sun/nio/fs/WindowsException'{0x000000076406a200}> (0x000000076406a200) 
thrown [s\src\hotspot\share\prims\jni.cpp, line 516]
Event: 1339.191 Thread 0x000002199b357310 Exception <a 'sun/nio/fs/WindowsException'{0x00000007640ad640}> (0x00000007640ad640) 
thrown [s\src\hotspot\share\prims\jni.cpp, line 516]
Event: 1339.195 Thread 0x0000021a52121b70 Exception <a 'sun/nio/fs/WindowsException'{0x0000000763a10fc8}> (0x0000000763a10fc8) 
thrown [s\src\hotspot\share\prims\jni.cpp, line 516]
Event: 1339.198 Thread 0x000002199b357310 Exception <a 'sun/nio/fs/WindowsException'{0x00000007640bbb88}> (0x00000007640bbb88) 
thrown [s\src\hotspot\share\prims\jni.cpp, line 516]
Event: 1339.201 Thread 0x0000021a52121b70 Exception <a 'sun/nio/fs/WindowsException'{0x0000000763a1eef0}> (0x0000000763a1eef0) 
thrown [s\src\hotspot\share\prims\jni.cpp, line 516]
Event: 1339.203 Thread 0x000002199b357310 Exception <a 'sun/nio/fs/WindowsException'{0x00000007640c9c00}> (0x00000007640c9c00) 
thrown [s\src\hotspot\share\prims\jni.cpp, line 516]
Event: 1339.206 Thread 0x0000021a52121b70 Exception <a 'sun/nio/fs/WindowsException'{0x0000000763a2c910}> (0x0000000763a2c910) 
thrown [s\src\hotspot\share\prims\jni.cpp, line 516]
Event: 1339.209 Thread 0x000002199b357310 Exception <a 'sun/nio/fs/WindowsException'{0x00000007640d7ce8}> (0x00000007640d7ce8) 
thrown [s\src\hotspot\share\prims\jni.cpp, line 516]
Event: 1339.212 Thread 0x0000021a52121b70 Exception <a 'sun/nio/fs/WindowsException'{0x0000000763a3b3d0}> (0x0000000763a3b3d0) 
thrown [s\src\hotspot\share\prims\jni.cpp, line 516]
Event: 1339.214 Thread 0x000002199b357310 Exception <a 'sun/nio/fs/WindowsException'{0x00000007640e6a10}> (0x00000007640e6a10) 
thrown [s\src\hotspot\share\prims\jni.cpp, line 516]
Event: 1339.217 Thread 0x0000021a52121b70 Exception <a 'sun/nio/fs/WindowsException'{0x0000000763a48f40}> (0x0000000763a48f40) 
thrown [s\src\hotspot\share\prims\jni.cpp, line 516]

VM Operations (20 events):
Event: 1328.614 Executing VM operation: HandshakeAllThreads
Event: 1328.615 Executing VM operation: HandshakeAllThreads done
Event: 1329.615 Executing VM operation: Cleanup
Event: 1329.622 Executing VM operation: Cleanup done
Event: 1330.623 Executing VM operation: Cleanup
Event: 1330.623 Executing VM operation: Cleanup done
Event: 1330.818 Executing VM operation: G1CollectForAllocation
Event: 1330.831 Executing VM operation: G1CollectForAllocation done
Event: 1332.830 Executing VM operation: Cleanup
Event: 1332.830 Executing VM operation: Cleanup done
Event: 1333.831 Executing VM operation: Cleanup
Event: 1333.831 Executing VM operation: Cleanup done
Event: 1335.328 Executing VM operation: G1CollectForAllocation
Event: 1335.344 Executing VM operation: G1CollectForAllocation done
Event: 1337.344 Executing VM operation: Cleanup
Event: 1337.345 Executing VM operation: Cleanup done
Event: 1337.896 Executing VM operation: HandshakeAllThreads
Event: 1337.897 Executing VM operation: HandshakeAllThreads done
Event: 1338.898 Executing VM operation: Cleanup
Event: 1338.898 Executing VM operation: Cleanup done

Events (20 events):
Event: 1328.718 Thread 0x00000219399e9ec0 flushing nmethod 0x000002191bdc0290
Event: 1328.718 Thread 0x00000219399e9ec0 flushing nmethod 0x000002191be6b190
Event: 1328.718 Thread 0x00000219399e9ec0 flushing nmethod 0x000002191be97390
Event: 1328.718 Thread 0x00000219399e9ec0 flushing nmethod 0x000002191bebff10
Event: 1328.719 Thread 0x00000219399e9ec0 flushing nmethod 0x000002191bf8f210
Event: 1328.720 Thread 0x00000219399e9ec0 flushing nmethod 0x000002191c0fdf10
Event: 1328.720 Thread 0x00000219399e9ec0 flushing nmethod 0x000002191c1f9790
Event: 1328.721 Thread 0x00000219399e9ec0 flushing nmethod 0x000002191c3d0090
Event: 1328.721 Thread 0x00000219399e9ec0 flushing nmethod 0x000002191c50da10
Event: 1328.722 Thread 0x00000219399e9ec0 flushing nmethod 0x000002191c6ba810
Event: 1328.723 Thread 0x00000219399e9ec0 flushing nmethod 0x000002191c8f6b10
Event: 1333.028 Thread 0x00000219081bdb10 Thread exited: 0x00000219081bdb10
Event: 1333.117 Thread 0x0000021afb8f29f0 Thread added: 0x0000021afb8f29f0
Event: 1333.118 Thread 0x0000021ada209b80 Thread added: 0x0000021ada209b80
Event: 1333.828 Thread 0x0000021b1afafd60 Thread added: 0x0000021b1afafd60
Event: 1334.226 Thread 0x0000021b1afafd60 Thread exited: 0x0000021b1afafd60
Event: 1336.102 Thread 0x000002190bca1f40 Thread added: 0x000002190bca1f40
Event: 1336.126 Thread 0x000002190bca2960 Thread added: 0x000002190bca2960
Event: 1338.621 Thread 0x0000021b0fcb1490 Thread added: 0x0000021b0fcb1490
Event: 1338.878 Thread 0x0000021b0fcb1490 Thread exited: 0x0000021b0fcb1490


Dynamic libraries:
0x00007ff752a70000 - 0x00007ff752a7e000 	C:\Users\Dark\curseforge\minecraft\Install\java\java-runtime-gamma\bin\javaw.exe
0x00007ff996140000 - 0x00007ff9963a7000 	C:\WINDOWS\SYSTEM32\ntdll.dll
0x00007ff994ad0000 - 0x00007ff994b99000 	C:\WINDOWS\System32\KERNEL32.DLL
0x00007ff993a30000 - 0x00007ff993e27000 	C:\WINDOWS\System32\KERNELBASE.dll
0x00007ff9938e0000 - 0x00007ff993a2b000 	C:\WINDOWS\System32\ucrtbase.dll
0x00007ff985370000 - 0x00007ff985389000 	C:\Users\Dark\curseforge\minecraft\Install\java\java-runtime-gamma\bin\VCRUNTIME140.dll
0x00007ff97bff0000 - 0x00007ff97c007000 	C:\Users\Dark\curseforge\minecraft\Install\java\java-runtime-gamma\bin\jli.dll
0x00007ff995eb0000 - 0x00007ff996076000 	C:\WINDOWS\System32\USER32.dll
0x00007ff986b00000 - 0x00007ff986d92000 	C:\WINDOWS\WinSxS\amd64_microsoft.windows.common-controls_6595b64144ccf1df_6.0.26100.8457_none_3e0b2faee331e92d\COMCTL32.dll
0x00007ff993540000 - 0x00007ff993567000 	C:\WINDOWS\System32\win32u.dll
0x00007ff9945d0000 - 0x00007ff994679000 	C:\WINDOWS\System32\msvcrt.dll
0x00007ff994a10000 - 0x00007ff994a3b000 	C:\WINDOWS\System32\GDI32.dll
0x00007ff993570000 - 0x00007ff99369c000 	C:\WINDOWS\System32\gdi32full.dll
0x00007ff993490000 - 0x00007ff993533000 	C:\WINDOWS\System32\msvcp_win.dll
0x00007ff9949d0000 - 0x00007ff994a02000 	C:\WINDOWS\System32\IMM32.DLL
0x00007ff987500000 - 0x00007ff98750c000 	C:\Users\Dark\curseforge\minecraft\Install\java\java-runtime-gamma\bin\vcruntime140_1.dll
0x00007ff908520000 - 0x00007ff9085b1000 	C:\Users\Dark\curseforge\minecraft\Install\java\java-runtime-gamma\bin\msvcp140.dll
0x00007ff8c2fa0000 - 0x00007ff8c3bec000 	C:\Users\Dark\curseforge\minecraft\Install\java\java-runtime-gamma\bin\server\jvm.dll
0x00007ff9959b0000 - 0x00007ff995a66000 	C:\WINDOWS\System32\ADVAPI32.dll
0x00007ff995e00000 - 0x00007ff995ea7000 	C:\WINDOWS\System32\sechost.dll
0x00007ff994680000 - 0x00007ff994798000 	C:\WINDOWS\System32\RPCRT4.dll
0x00007ff992460000 - 0x00007ff9924be000 	C:\WINDOWS\SYSTEM32\POWRPROF.dll
0x00007ff989a20000 - 0x00007ff989a2a000 	C:\WINDOWS\SYSTEM32\WSOCK32.dll
0x00007ff98fdb0000 - 0x00007ff98fde6000 	C:\WINDOWS\SYSTEM32\WINMM.dll
0x00007ff9887e0000 - 0x00007ff9887eb000 	C:\WINDOWS\SYSTEM32\VERSION.dll
0x00007ff994a40000 - 0x00007ff994ac0000 	C:\WINDOWS\System32\WS2_32.dll
0x00007ff992440000 - 0x00007ff992454000 	C:\WINDOWS\SYSTEM32\UMPDC.dll
0x00007ff9918d0000 - 0x00007ff9918eb000 	C:\WINDOWS\SYSTEM32\kernel.appcore.dll
0x00007ff9872e0000 - 0x00007ff9872ea000 	C:\Users\Dark\curseforge\minecraft\Install\java\java-runtime-gamma\bin\jimage.dll
0x00007ff990b80000 - 0x00007ff990dc2000 	C:\WINDOWS\SYSTEM32\DBGHELP.DLL
0x00007ff995a70000 - 0x00007ff995df3000 	C:\WINDOWS\System32\combase.dll
0x00007ff9944c0000 - 0x00007ff994599000 	C:\WINDOWS\System32\OLEAUT32.dll
0x00007ff973380000 - 0x00007ff9733bb000 	C:\WINDOWS\SYSTEM32\dbgcore.DLL
0x00007ff9933e0000 - 0x00007ff993488000 	C:\WINDOWS\System32\bcryptPrimitives.dll
0x00007ff979b70000 - 0x00007ff979b95000 	C:\Users\Dark\curseforge\minecraft\Install\java\java-runtime-gamma\bin\java.dll
0x00007ff905b70000 - 0x00007ff905c46000 	C:\Users\Dark\curseforge\minecraft\Install\java\java-runtime-gamma\bin\jsvml.dll
0x00007ff994ff0000 - 0x00007ff99575e000 	C:\WINDOWS\System32\SHELL32.dll
0x00007ff992b70000 - 0x00007ff9933dc000 	C:\WINDOWS\System32\windows.storage.dll
0x00007ff994ef0000 - 0x00007ff994fe6000 	C:\WINDOWS\System32\SHCORE.dll
0x00007ff9958b0000 - 0x00007ff995916000 	C:\WINDOWS\System32\shlwapi.dll
0x00007ff992a90000 - 0x00007ff992ab9000 	C:\WINDOWS\SYSTEM32\profapi.dll
0x00007ff9790b0000 - 0x00007ff9790c9000 	C:\Users\Dark\curseforge\minecraft\Install\java\java-runtime-gamma\bin\net.dll
0x00007ff98abe0000 - 0x00007ff98ad09000 	C:\WINDOWS\SYSTEM32\WINHTTP.dll
0x00007ff991e50000 - 0x00007ff991ebc000 	C:\WINDOWS\system32\mswsock.dll
0x00007ff979090000 - 0x00007ff9790a5000 	C:\Users\Dark\curseforge\minecraft\Install\java\java-runtime-gamma\bin\nio.dll
0x00007ff973200000 - 0x00007ff973218000 	C:\Users\Dark\curseforge\minecraft\Install\java\java-runtime-gamma\bin\zip.dll
0x00007ff986630000 - 0x00007ff986639000 	C:\Users\Dark\curseforge\minecraft\Install\java\java-runtime-gamma\bin\management.dll
0x00007ff9853b0000 - 0x00007ff9853bb000 	C:\Users\Dark\curseforge\minecraft\Install\java\java-runtime-gamma\bin\management_ext.dll
0x00007ff993ec0000 - 0x00007ff993ec8000 	C:\WINDOWS\System32\PSAPI.DLL
0x00007ff95f740000 - 0x00007ff95f758000 	C:\WINDOWS\system32\napinsp.dll
0x00007ff9912f0000 - 0x00007ff991422000 	C:\WINDOWS\SYSTEM32\DNSAPI.dll
0x00007ff9912b0000 - 0x00007ff9912e2000 	C:\WINDOWS\SYSTEM32\IPHLPAPI.DLL
0x00007ff9959a0000 - 0x00007ff9959aa000 	C:\WINDOWS\System32\NSI.dll
0x00007ff95f720000 - 0x00007ff95f733000 	C:\WINDOWS\System32\winrnr.dll
0x00007ff95f6c0000 - 0x00007ff95f6e2000 	C:\WINDOWS\system32\nlansp_c.dll
0x00007ff95f6a0000 - 0x00007ff95f6b6000 	C:\WINDOWS\system32\wshbth.dll
0x00007ff98a000000 - 0x00007ff98a00b000 	C:\Windows\System32\rasadhlp.dll
0x00007ff98ce20000 - 0x00007ff98cea6000 	C:\WINDOWS\System32\fwpuclnt.dll
0x00007ff984ca0000 - 0x00007ff984cb0000 	C:\Users\Dark\curseforge\minecraft\Install\java\java-runtime-gamma\bin\verify.dll
0x00007ff992150000 - 0x00007ff99216b000 	C:\WINDOWS\SYSTEM32\CRYPTSP.dll
0x00007ff991830000 - 0x00007ff991869000 	C:\WINDOWS\system32\rsaenh.dll
0x00007ff991f20000 - 0x00007ff991f53000 	C:\WINDOWS\SYSTEM32\USERENV.dll
0x00007ff992a60000 - 0x00007ff992a8a000 	C:\WINDOWS\SYSTEM32\bcrypt.dll
0x00007ff992170000 - 0x00007ff99217c000 	C:\WINDOWS\SYSTEM32\CRYPTBASE.dll
0x00007ff98b050000 - 0x00007ff98b06d000 	C:\WINDOWS\SYSTEM32\dhcpcsvc6.DLL
0x00007ff98b020000 - 0x00007ff98b045000 	C:\WINDOWS\SYSTEM32\dhcpcsvc.DLL
0x00007ff964770000 - 0x00007ff9647b0000 	C:\Users\Dark\curseforge\minecraft\Install\natives\fabric-0.19.2-1.20.1\jna4433770209238184791.dll
0x00007ff9947a0000 - 0x00007ff994937000 	C:\WINDOWS\System32\Ole32.dll
0x00007ff995770000 - 0x00007ff99581e000 	C:\WINDOWS\System32\clbcatq.dll
0x00007ff965940000 - 0x00007ff96595d000 	C:\WINDOWS\SYSTEM32\amsi.dll
0x00007ff9606c0000 - 0x00007ff960763000 	C:\ProgramData\Microsoft\Windows Defender\Platform\4.18.26040.7-0\MpOav.dll
0x00007ff90d720000 - 0x00007ff90d795000 	C:\Users\Dark\curseforge\minecraft\Install\natives\fabric-0.19.2-1.20.1\lwjgl.dll
0x00007ff9903c0000 - 0x00007ff990405000 	C:\WINDOWS\SYSTEM32\dxcore.dll
0x00007ff8fa1e0000 - 0x00007ff8fa439000 	C:\Users\Dark\curseforge\minecraft\Install\natives\fabric-0.19.2-1.20.1\jemalloc.dll
0x00007ff9717d0000 - 0x00007ff971826000 	C:\WINDOWS\SYSTEM32\Pdh.dll
0x00007ff958d00000 - 0x00007ff958d11000 	C:\WINDOWS\System32\perfos.dll
0x00007ff990fa0000 - 0x00007ff990fb2000 	C:\WINDOWS\SYSTEM32\pfclient.dll
0x00007ff980ef0000 - 0x00007ff980efe000 	C:\Users\Dark\curseforge\minecraft\Install\java\java-runtime-gamma\bin\sunmscapi.dll
0x00007ff993760000 - 0x00007ff9938d8000 	C:\WINDOWS\System32\CRYPT32.dll
0x00007ff992400000 - 0x00007ff992430000 	C:\WINDOWS\SYSTEM32\ncrypt.dll
0x00007ff9923b0000 - 0x00007ff9923ef000 	C:\WINDOWS\SYSTEM32\NTASN1.dll
0x00007ff978070000 - 0x00007ff978078000 	C:\WINDOWS\system32\wshunix.dll
0x00007ff8fb760000 - 0x00007ff8fb8ee000 	C:\Users\Dark\curseforge\minecraft\Install\java\java-runtime-gamma\bin\awt.dll
0x00007ff98d120000 - 0x00007ff98d1c0000 	C:\WINDOWS\SYSTEM32\apphelp.dll
0x00007ff92b800000 - 0x00007ff92b861000 	C:\Users\Dark\curseforge\minecraft\Install\natives\fabric-0.19.2-1.20.1\glfw.dll
0x00007ff9919f0000 - 0x00007ff991a26000 	C:\WINDOWS\SYSTEM32\ntmarta.dll
0x00007ff8f87d0000 - 0x00007ff8f89da000 	C:\Users\Dark\curseforge\minecraft\Instances\DarkRPG - RPG with Magic Origins Quests Adventure (1)\EffekseerNativeForJava.dll
0x00007ff9139b0000 - 0x00007ff913abf000 	C:\WINDOWS\SYSTEM32\OPENGL32.dll
0x00007ff98b070000 - 0x00007ff98b4ef000 	C:\WINDOWS\SYSTEM32\D3DCOMPILER_47.dll
0x00007ff96bba0000 - 0x00007ff96bbcd000 	C:\WINDOWS\SYSTEM32\GLU32.dll
0x00007ff9095c0000 - 0x00007ff909640000 	C:\Users\Dark\AppData\Local\Temp\opus4j-425b9c66b27e08f7e8fc45c7a6f2c641\opus4j.dll
0x00007ff940360000 - 0x00007ff9403ab000 	C:\WINDOWS\SYSTEM32\dinput8.dll
0x00007ff94ea50000 - 0x00007ff94ea6c000 	C:\WINDOWS\SYSTEM32\xinput1_4.dll
0x00007ff992830000 - 0x00007ff99285d000 	C:\WINDOWS\SYSTEM32\DEVOBJ.dll
0x00007ff9927d0000 - 0x00007ff992821000 	C:\WINDOWS\SYSTEM32\cfgmgr32.dll
0x00007ff990580000 - 0x00007ff9905af000 	C:\WINDOWS\SYSTEM32\dwmapi.dll
0x00007ff986da0000 - 0x00007ff986f83000 	C:\WINDOWS\SYSTEM32\inputhost.dll
0x00007ff98cb60000 - 0x00007ff98cc87000 	C:\WINDOWS\SYSTEM32\CoreMessaging.dll
0x00007ff98d2f0000 - 0x00007ff98d39a000 	C:\WINDOWS\system32\uxtheme.dll
0x00007ff993ed0000 - 0x00007ff99402c000 	C:\WINDOWS\System32\MSCTF.dll
0x00007ff965b70000 - 0x00007ff965b8d000 	C:\WINDOWS\SYSTEM32\windows.staterepositorycore.dll
0x00007ff8fef50000 - 0x00007ff9018a3000 	C:\WINDOWS\System32\DriverStore\FileRepository\nvgb.inf_amd64_764b7a45580616a0\nvoglv64.dll
0x00007ff994030000 - 0x00007ff9944b7000 	C:\WINDOWS\System32\SETUPAPI.dll
0x00007ff98d1d0000 - 0x00007ff98d1f9000 	C:\WINDOWS\SYSTEM32\WTSAPI32.dll
0x00007ff991b80000 - 0x00007ff991bc9000 	C:\WINDOWS\SYSTEM32\SspiCli.dll
0x00007ff9921c0000 - 0x00007ff9921d3000 	C:\WINDOWS\SYSTEM32\msasn1.dll
0x00007ff9887a0000 - 0x00007ff9887db000 	C:\WINDOWS\SYSTEM32\cryptnet.dll
0x00007ff9922a0000 - 0x00007ff99230a000 	C:\WINDOWS\SYSTEM32\wldp.dll
0x00007ff988620000 - 0x00007ff988798000 	C:\WINDOWS\SYSTEM32\drvstore.dll
0x00007ff993e30000 - 0x00007ff993eb2000 	C:\WINDOWS\System32\WINTRUST.dll
0x00007ff9945a0000 - 0x00007ff9945c0000 	C:\WINDOWS\System32\imagehlp.dll
0x00007ff960770000 - 0x00007ff964504000 	C:\WINDOWS\System32\DriverStore\FileRepository\nvgb.inf_amd64_764b7a45580616a0\nvgpucomp64.dll
0x00007ff9544a0000 - 0x00007ff9545e7000 	C:\WINDOWS\system32\nvspcap64.dll
0x00007ff992230000 - 0x00007ff992292000 	C:\WINDOWS\SYSTEM32\WINSTA.dll
0x00007ff9817c0000 - 0x00007ff981906000 	C:\WINDOWS\SYSTEM32\textinputframework.dll
0x00007ff950f80000 - 0x00007ff950fdd000 	C:\Users\Dark\curseforge\minecraft\Install\natives\fabric-0.19.2-1.20.1\lwjgl_opengl.dll
0x00007ff906800000 - 0x00007ff906881000 	C:\Users\Dark\curseforge\minecraft\Install\natives\fabric-0.19.2-1.20.1\lwjgl_stb.dll
0x00007ff98a6e0000 - 0x00007ff98a79f000 	C:\WINDOWS\SYSTEM32\mscms.dll
0x00007ff93fd10000 - 0x00007ff93fd59000 	C:\WINDOWS\SYSTEM32\icm32.dll
0x00007ff8f8630000 - 0x00007ff8f87c7000 	C:\Users\Dark\curseforge\minecraft\Install\natives\fabric-0.19.2-1.20.1\OpenAL.dll
0x00007ff987860000 - 0x00007ff9878f9000 	C:\WINDOWS\System32\MMDevApi.dll
0x00007ff914540000 - 0x00007ff9146b3000 	C:\WINDOWS\System32\Speech\Common\sapi.dll
0x00007ff987dd0000 - 0x00007ff9880b2000 	C:\WINDOWS\SYSTEM32\CoreUIComponents.dll
0x00007ff988e40000 - 0x00007ff988faa000 	C:\WINDOWS\SYSTEM32\wintypes.dll
0x00007ff8efd50000 - 0x00007ff8f0121000 	C:\Users\Dark\AppData\Local\Discord\app-1.0.9239\modules\discord_hook-1\discord_hook\5833bd89924701\DiscordHook64.dll
0x00007ff990410000 - 0x00007ff99054e000 	C:\WINDOWS\SYSTEM32\dxgi.dll
0x00007ff98bae0000 - 0x00007ff98bd42000 	C:\WINDOWS\SYSTEM32\d3d11.dll
0x00007ff988dd0000 - 0x00007ff988e31000 	C:\WINDOWS\SYSTEM32\directxdatabasehelper.dll

dbghelp: loaded successfully - version: 4.0.5 - missing functions: none
symbol engine: initialized successfully - sym options: 0x614 - pdb path: .;C:\Users\Dark\curseforge\minecraft\Install\java\java-runtime-gamma\bin;C:\WINDOWS\SYSTEM32;C:\WINDOWS\WinSxS\amd64_microsoft.windows.common-controls_6595b64144ccf1df_6.0.26100.8457_none_3e0b2faee331e92d;C:\Users\Dark\curseforge\minecraft\Install\java\java-runtime-gamma\bin\server;C:\Users\Dark\curseforge\minecraft\Install\natives\fabric-0.19.2-1.20.1;C:\ProgramData\Microsoft\Windows Defender\Platform\4.18.26040.7-0;C:\Users\Dark\curseforge\minecraft\Instances\DarkRPG - RPG with Magic Origins Quests Adventure (1);C:\Users\Dark\AppData\Local\Temp\opus4j-425b9c66b27e08f7e8fc45c7a6f2c641;C:\WINDOWS\System32\DriverStore\FileRepository\nvgb.inf_amd64_764b7a45580616a0;C:\WINDOWS\System32\Speech\Common;C:\Users\Dark\AppData\Local\Discord\app-1.0.9239\modules\discord_hook-1\discord_hook\5833bd89924701;C:\WINDOWS\System32\DriverStore\FileRepository\nvgb.inf_amd64_764b7a45580616a0\Display.NvContainer;C:\WINDOWS\System32\DriverStore\FileRepository\nvgb.inf_amd64_764b7a45580616a0\NvCamera;C:\Users\Dark\AppData\Local\Temp\rnnoise4j-83e146fe4e6675e6d60d613bf014d0d1

VM Arguments:
jvm_args: -XX:HeapDumpPath=MojangTricksIntelDriversForPerformance_javaw.exe_minecraft.exe.heapdump -Xss1M -Djava.library.path=C:\Users\Dark\curseforge\minecraft\Install\natives\fabric-0.19.2-1.20.1 -Djna.tmpdir=C:\Users\Dark\curseforge\minecraft\Install\natives\fabric-0.19.2-1.20.1 -Dorg.lwjgl.system.SharedLibraryExtractPath=C:\Users\Dark\curseforge\minecraft\Install\natives\fabric-0.19.2-1.20.1 -Dio.netty.native.workdir=C:\Users\Dark\curseforge\minecraft\Install\natives\fabric-0.19.2-1.20.1 -Dminecraft.launcher.brand=CurseForge -Dminecraft.launcher.version=1.305.1.34041 -DFabricMcEmu= net.minecraft.client.main.Main  -Xmx8192m -Xms256m -Dfml.ignorePatchDiscrepancies=true -Dfml.ignoreInvalidMinecraftCertificates=true -DlibraryDirectory=C:\Users\Dark\curseforge\minecraft\Install\libraries -Duser.language=en -DCFInstanceId=5ed5b00d-c468-4410-ba01-bc7b3c993b18 -Dlog4j.configurationFile=C:\Users\Dark\curseforge\minecraft\Install\assets\log_configs\client-1.12.xml 
java_command: net.fabricmc.loader.impl.launch.knot.KnotClient --username 4DarkSide75 --version fabric-0.19.2-1.20.1 --gameDir C:\Users\Dark\curseforge\minecraft\Instances\DarkRPG - RPG with Magic Origins Quests Adventure (1) --assetsDir C:\Users\Dark\curseforge\minecraft\Install\assets --assetIndex 5 --uuid 96e9c8ff850a40e089fc19fcf5868a6d --accessToken eyJraWQiOiIwNDkxODEiLCJhbGciOiJSUzI1NiJ9.eyJ4dWlkIjoiMjUzNTQ2NTE1MzAzNDg2NCIsImFnZyI6IkFkdWx0Iiwic3ViIjoiMWM5MDBiNjEtYTQwZS00NDE1LWFmYjMtOGE2YzljMjMwYTVmIiwiYXV0aCI6IlhCT1giLCJucyI6ImRlZmF1bHQiLCJyb2xlcyI6W10sImlzcyI6ImF1dGhlbnRpY2F0aW9uIiwiZmxhZ3MiOlsibXVsdGlwbGF5ZXIiXSwicHJvZmlsZXMiOnsibWMiOiI5NmU5YzhmZi04NTBhLTQwZTAtODlmYy0xOWZjZjU4NjhhNmQifSwicG1pZCI6ImE1M2E0OTQyLWE0ZmMtNTRiNS1iM2E2LTZmMDMxMTk5NzkyYSIsInBsYXRmb3JtIjoiUENfTEFVTkNIRVIiLCJ0aWQiOiJFOTlCMCIsInBmZCI6W3sidHlwZSI6Im1jIiwiaWQiOiI5NmU5YzhmZi04NTBhLTQwZTAtODlmYy0xOWZjZjU4NjhhNmQiLCJuYW1lIjoiNERhcmtTaWRlNzUifV0sInhpZCI6IjI1MzU0NjUxNTMwMzQ4NjQiLCJuYmYiOjE3ODAzMzQ3MzcsImV4cCI6MTc4MDQyMTEzNywiaWF0IjoxNzgwMzM0NzM3LCJhaWQiOiJkNWIyZTA3OS0yYzJjLTRhZGUtOWRhYi0xYzFlYjIwNDE2MmEifQ.fKxeMhY6AcQX8j0f4mXOj7nY5vpS1UKm4NerDgI1rv6mkWhyXFttTUUgY2AaWzxu2kRUGbUm-2bZ5YaEA_2bXf5Whjn5PwJwAaW3lQpN4WUCqPbYNyQIX7h0IcuAtCVXIyjctrfMdbqhJIP0s0yYwBKGitHZQL3Ooe2q4lKLKe9_11xz4LAcnM3YGBS8EcldZeoJTJFIPdCUQLkkqdn6mvQ0_tQFLEbku9HDtbGDHymv4ju4vLFD7RhoKJC6RRBxqpBS7oB9jJ4wTCv2erK7e3bP1enBhoLccM8MYIrRPbFZNhcPLAuKbIBOTmvwVu0PphBKKibtRZ8Z4FWZdEuuoQ --clientId c6f22c-c61bd2-10ea4f1-10091e3-75a7a8 --xuid 2535465153034864 --userType msa --versionType release --width 1024 --height 768 --quickPlayPath C:\Users\Dark\curseforge\minecraft\Quickplay\5ed5b00d-c468-4410-ba01-bc7b3c993b18.json   
java_class_path (initial): C:\Users\Dark\curseforge\minecraft\Install\libraries\org\ow2\asm\asm\9.9\asm-9.9.jar;C:\Users\Dark\curseforge\minecraft\Install\libraries\org\ow2\asm\asm-analysis\9.9\asm-analysis-9.9.jar;C:\Users\Dark\curseforge\minecraft\Install\libraries\org\ow2\asm\asm-commons\9.9\asm-commons-9.9.jar;C:\Users\Dark\curseforge\minecraft\Install\libraries\org\ow2\asm\asm-tree\9.9\asm-tree-9.9.jar;C:\Users\Dark\curseforge\minecraft\Install\libraries\org\ow2\asm\asm-util\9.9\asm-util-9.9.jar;C:\Users\Dark\curseforge\minecraft\Install\libraries\net\fabricmc\sponge-mixin\0.17.2+mixin.0.8.7\sponge-mixin-0.17.2+mixin.0.8.7.jar;C:\Users\Dark\curseforge\minecraft\Install\libraries\net\fabricmc\intermediary\1.20.1\intermediary-1.20.1.jar;C:\Users\Dark\curseforge\minecraft\Install\libraries\net\fabricmc\fabric-loader\0.19.2\fabric-loader-0.19.2.jar;C:\Users\Dark\curseforge\minecraft\Install\libraries\com\github\oshi\oshi-core\6.2.2\oshi-core-6.2.2.jar;C:\Users\Dark\curseforge\minecraft\Install\libraries\com\google\code\gson\gson\2.10\gson-2.10.jar;C:\Users\Dark\curseforge\minecraft\Install\libraries\com\google\guava\failureaccess\1.0.1\failureaccess-1.0.1.jar;C:\Users\Dark\curseforge\minecraft\Install\libraries\com\google\guava\guava\31.1-jre\guava-31.1-jre.jar;C:\Users\Dark\curseforge\minecraft\Install\libraries\com\ibm\icu\icu4j\71.1\icu4j-71.1.jar;C:\Users\Dark\curseforge\minecraft\Install\libraries\com\mojang\authlib\4.0.43\authlib-4.0.43.jar;C:\Users\Dark\curseforge\minecraft\Install\libraries\com\mojang\blocklist\1.0.10\blocklist-1.0.10.jar;C:\Users\Dark\curseforge\minecraft\Install\libraries\com\mojang\brigadier\1.1.8\brigadier-1.1.8.jar;C:\Users\Dark\curseforge\minecraft\Install\libraries\com\mojang\datafixerupper\6.0.8\datafixerupper-6.0.8.jar;C:\Users\Dark\curseforge\minecraft\Install\libraries\com\mojang\logging\1.1.1\logging-1.1.1.jar;C:\Users\Dark\curseforge\minecraft\Install\libraries\com\mojang\patchy\2.2.10\patchy-2.2.10.jar;C:\Users\Dark\cursefor
Launcher Type: SUN_STANDARD

[Global flags]
     intx CICompilerCount                          = 12                                        {product} {ergonomic}
     uint ConcGCThreads                            = 3                                         {product} {ergonomic}
     uint G1ConcRefinementThreads                  = 13                                        {product} {ergonomic}
   size_t G1HeapRegionSize                         = 4194304                                   {product} {ergonomic}
    uintx GCDrainStackTargetSize                   = 64                                        {product} {ergonomic}
    ccstr HeapDumpPath                             = MojangTricksIntelDriversForPerformance_javaw.exe_minecraft.exe.heapdump         {manageable} {command line}
   size_t InitialHeapSize                          = 268435456                                 {product} {command line}
   size_t MarkStackSize                            = 4194304                                   {product} {ergonomic}
   size_t MaxHeapSize                              = 8589934592                                {product} {command line}
   size_t MaxNewSize                               = 5150605312                                {product} {ergonomic}
   size_t MinHeapDeltaBytes                        = 4194304                                   {product} {ergonomic}
   size_t MinHeapSize                              = 268435456                                 {product} {command line}
    uintx NonNMethodCodeHeapSize                   = 7602480                                {pd product} {ergonomic}
    uintx NonProfiledCodeHeapSize                  = 122027880                              {pd product} {ergonomic}
    uintx ProfiledCodeHeapSize                     = 122027880                              {pd product} {ergonomic}
    uintx ReservedCodeCacheSize                    = 251658240                              {pd product} {ergonomic}
     bool SegmentedCodeCache                       = true                                      {product} {ergonomic}
   size_t SoftMaxHeapSize                          = 8589934592                             {manageable} {ergonomic}
     intx ThreadStackSize                          = 1024                                   {pd product} {command line}
     bool UseCompressedClassPointers               = true                           {product lp64_product} {ergonomic}
     bool UseCompressedOops                        = true                           {product lp64_product} {ergonomic}
     bool UseG1GC                                  = true                                      {product} {ergonomic}
     bool UseLargePagesIndividualAllocation        = false                                  {pd product} {ergonomic}

Logging:
Log output configuration:
 #0: stdout all=warning uptime,level,tags
 #1: stderr all=off uptime,level,tags

Environment Variables:
JAVA_HOME=C:\Program Files\Java\jdk-21.0.11
PATH=C:\Program Files\Common Files\Oracle\Java\javapath;C:\WINDOWS\system32;C:\WINDOWS;C:\WINDOWS\System32\Wbem;C:\WINDOWS\System32\WindowsPowerShell\v1.0\;C:\WINDOWS\System32\OpenSSH\;C:\Program Files\NVIDIA Corporation\NVIDIA App\NvDLISR;C:\Program Files\Git\cmd;C:\Program Files\dotnet\;C:\Program Files\Graphviz\bin;C:\Program Files\MySQL\MySQL Server 8.0\bin;C:\Program Files\Java\jdk-21.0.11\bin;D:\Software\apache-maven-3.9.14\bin;C:\Program Files\Cloudflare\Cloudflare WARP\;C:\Program Files\MySQL\MySQL Shell 8.0\bin\;C:\Users\Dark\AppData\Local\Microsoft\WindowsApps;D:\IntelliJ IDEA 2025.3.2\bin
USERNAME=Dark
OS=Windows_NT
PROCESSOR_IDENTIFIER=Intel64 Family 6 Model 186 Stepping 2, GenuineIntel
TMP=C:\Users\Dark\AppData\Local\Temp
TEMP=C:\Users\Dark\AppData\Local\Temp



---------------  S Y S T E M  ---------------

OS:
 Windows 11 , 64 bit Build 26100 (10.0.26100.8328)
OS uptime: 7 days 5:40 hours
Hyper-V role detected

CPU: total 16 (initial active 16) (8 cores per cpu, 2 threads per core) family 6 model 186 stepping 2 microcode 0x5104, cx8, cmov, fxsr, ht, mmx, 3dnowpref, sse, sse2, sse3, ssse3, sse4.1, sse4.2, popcnt, lzcnt, tsc, tscinvbit, avx, avx2, aes, erms, clmul, bmi1, bmi2, adx, sha, fma, vzeroupper, clflush, clflushopt, clwb, hv
Processor Information for processor 0
  Max Mhz: 2400, Current Mhz: 2400, Mhz Limit: 2400
Processor Information for processor 1
  Max Mhz: 2400, Current Mhz: 2400, Mhz Limit: 2400
Processor Information for processor 2
  Max Mhz: 2400, Current Mhz: 2400, Mhz Limit: 2400
Processor Information for processor 3
  Max Mhz: 2400, Current Mhz: 2400, Mhz Limit: 2400
Processor Information for processor 4
  Max Mhz: 2400, Current Mhz: 2400, Mhz Limit: 2400
Processor Information for processor 5
  Max Mhz: 2400, Current Mhz: 2400, Mhz Limit: 2400
Processor Information for processor 6
  Max Mhz: 2400, Current Mhz: 2400, Mhz Limit: 2400
Processor Information for processor 7
  Max Mhz: 2400, Current Mhz: 2400, Mhz Limit: 2400
Processor Information for processor 8
  Max Mhz: 2400, Current Mhz: 2400, Mhz Limit: 2400
Processor Information for processor 9
  Max Mhz: 2400, Current Mhz: 2400, Mhz Limit: 2400
Processor Information for processor 10
  Max Mhz: 2400, Current Mhz: 2400, Mhz Limit: 2400
Processor Information for processor 11
  Max Mhz: 2400, Current Mhz: 2400, Mhz Limit: 2400
Processor Information for processor 12
  Max Mhz: 2400, Current Mhz: 1466, Mhz Limit: 2400
Processor Information for processor 13
  Max Mhz: 2400, Current Mhz: 1466, Mhz Limit: 2400
Processor Information for processor 14
  Max Mhz: 2400, Current Mhz: 1466, Mhz Limit: 2400
Processor Information for processor 15
  Max Mhz: 2400, Current Mhz: 1466, Mhz Limit: 2400

Memory: 4k page, system-wide physical 16006M (506M free)
TotalPageFile size 41728M (AvailPageFile size 6M)
current process WorkingSet (physical memory assigned to process): 8248M, peak: 8461M
current process commit charge ("private bytes"): 18350M, peak: 18356M

vm_info: OpenJDK 64-Bit Server VM (17.0.8+7) for windows-amd64 JRE (17.0.8+7), built on Jul 18 2023 21:02:32 by "admin" with MS VC++ 16.7 (VS2019)

END.
