[17:23:46] [main/INFO]: Loading Minecraft 1.20.1 with Fabric Loader 0.19.2
[17:23:46] [ForkJoinPool-1-worker-3/WARN]: Mod com_github_rtyley_animated-gif-lib-for-java uses the version animated-gif-lib-1.7 which isn't compatible with Loader's extended semantic version format (Could not parse version number component 'animated'!), SemVer is recommended for reliably evaluating dependencies and prioritizing newer version
[17:23:46] [ForkJoinPool-1-worker-9/WARN]: Mod getittogetherdrops uses the version fabric-1.20-1.3.1 which isn't compatible with Loader's extended semantic version format (Could not parse version number component 'fabric'!), SemVer is recommended for reliably evaluating dependencies and prioritizing newer version
[17:23:46] [ForkJoinPool-1-worker-6/WARN]: Mod libreexpfix uses the version 0.2.7b14-BETA which isn't compatible with Loader's extended semantic version format (Could not parse version number component '7b14'!), SemVer is recommended for reliably evaluating dependencies and prioritizing newer version
[17:23:46] [ForkJoinPool-1-worker-6/WARN]: Mod longnbtkiller uses the version Fabric-1.20.1-1.0.0 which isn't compatible with Loader's extended semantic version format (Could not parse version number component 'Fabric'!), SemVer is recommended for reliably evaluating dependencies and prioritizing newer version
[17:23:46] [ForkJoinPool-1-worker-15/WARN]: The mod "dungeons_arise" contains invalid entries in its mod json:
- Unsupported root entry "credits" at line 12 column 12
[17:23:46] [ForkJoinPool-1-worker-3/WARN]: Mod oceansdelight uses the version fdrf-fabric-1.0.2-1.20 which isn't compatible with Loader's extended semantic version format (Could not parse version number component 'fdrf'!), SemVer is recommended for reliably evaluating dependencies and prioritizing newer version
[17:23:46] [ForkJoinPool-1-worker-3/WARN]: The mod "sbaegis-origin" contains invalid entries in its mod json:
- Unsupported root entry "pack_format" at line 16 column 18
[17:23:46] [ForkJoinPool-1-worker-9/WARN]: Mod structurecredits uses the version LASTVERSION which isn't compatible with Loader's extended semantic version format (Could not parse version number component 'LASTVERSION'!), SemVer is recommended for reliably evaluating dependencies and prioritizing newer version
[17:23:46] [ForkJoinPool-1-worker-15/WARN]: Mod triqueapi uses the version mc1.20.1-1.1.0 which isn't compatible with Loader's extended semantic version format (Could not parse version number component 'mc1'!), SemVer is recommended for reliably evaluating dependencies and prioritizing newer version
[17:23:46] [ForkJoinPool-1-worker-9/WARN]: Mod yaf uses the version 1.0pre3 which isn't compatible with Loader's extended semantic version format (Could not parse version number component '0pre3'!), SemVer is recommended for reliably evaluating dependencies and prioritizing newer version
[17:23:46] [main/WARN]: Warnings were found!
 - Mod 'Alloy Forgery' (alloy_forgery) 2.1.2+1.20 recommends version 12.0.0 or later of roughlyenoughitems, which is missing!
	 - You should install version 12.0.0 or later of roughlyenoughitems for the optimal experience.
 - Mod 'Spellblades and Such' (spellbladenext) 1.20.4 recommends version 1.2.0+1.20.1 of mod 'Paladins & Priests (RPG Series)' (paladins), but only the wrong version is present: 1.3.1+1.20.1!
	 - You should install version 1.2.0+1.20.1 of mod 'Paladins & Priests (RPG Series)' (paladins) for the optimal experience.
[17:23:46] [main/INFO]: Loading 586 mods:
	- aaa_particles 1.20.1-1.4.8
	- acclaimed_origins 1.0.1
	- additionalstructures 4.2.2
	- adventurez 1.4.20
	- airchidori 1.0.9
	- alexsmobs 1.20.1-1.2.1
	- alloy_forgery 2.1.2+1.20
	- altorigingui 1.1.1
	- amendments 1.20-1.2.19
	- amethyst_core 1.5.0+1.20.1
	   \-- common-protection-api 1.0.0
	- amethyst_imbuement 1.20.1-19.8
	   |-- should_i_hit_that 0.1.2+1.20.1
	   |    |-- common-protection-api 1.0.0
	   |    \-- playerabilitylib 1.8.0
	   \-- structurized-reborn 1.20.1-01
	- another_furniture 1.20.1-3.0.5
	- apocalypse_origins 0.4.66-1.20.X
	- appleskin 2.5.1+mc1.20
	- apugli 2.10.4+1.20.1-fabric
	   \-- midnightlib 1.4.1
	- aquachidori 1.0.7
	- aquamirae 6
	- archeologyplus 1.0.2
	- archers 1.2.5+1.20.1
	   \-- com_github_zsoltmolnarrr_tinyconfig 2.3.2
	- architectury 9.2.14
	- armorpointspp 3.1.2
	   \-- fiber 0.23.0-2
	- armorstandarms 1.0.0
	- armourers_workshop 2.1.3
	- artifacts 9.5.15
	   |-- expandability 9.0.4
	   \-- step-height-entity-attribute 1.2.0
	- aspects 1.0.9-1.20.x
	- athena 3.1.2
	- attributefix 21.0.4
	- audioplayer 1.20.1-1.8.9
	   \-- admiral 0.4.4+1.20.1
	- autotag-convention 2.0.2+1.20
	   \-- autotag 2.0.2+1.20
	- azure-paxels 1.0.9
	- azurelib 3.0.8
	- azurelibarmor 2.0.14
	- badpackets 0.4.3
	- balm 7.3.31
	   \-- kuma_api 20.1.10
	- basic-storage 1.0.5+1.20.1
	- basicweapons 1.2.5+1.20.1
	- batsgalore 1.2.3
	- bcc 4.0.8
	- beautify 1.2.0+1.20.1
	- bedspreads 6.3.0+1.20.1
	- berserker-rpg 1.1.0
	   \-- com_github_zsoltmolnarrr_tinyconfig 2.3.2
	- bestpick 1.0.0+1.20.1
	- betteradvancements 0.4.2.10
	- bettercaves 1.20.1-Fabric-2.0.5
	   \-- org_reflections_reflections 0.10.2
	- bettercombat 1.8.6+1.20.1
	- betterdeserttemples 1.20-Fabric-3.0.3
	- betterdungeons 1.20-Fabric-4.0.4
	- betterendisland 1.20-Fabric-2.0.6
	- betterfortresses 1.20-Fabric-2.0.6
	- betterjungletemples 1.20-Fabric-2.0.5
	- betterloot 1.0.0+mc1.20.1
	- bettermineshafts 1.20-Fabric-4.0.4
	- betteroceanmonuments 1.20-Fabric-3.0.4
	- betterstrongholds 1.20-Fabric-4.0.3
	- betterthirdperson 1.9.0
	- bettervillage 3.3.1
	- betterwitchhuts 1.20-Fabric-3.0.3
	- bhmenu 2.4.1
	- bookshelf 20.2.13
	- bwncr 3.17.2
	- cardinal-components 5.2.3
	   |-- cardinal-components-base 5.2.3
	   |-- cardinal-components-block 5.2.3
	   |-- cardinal-components-chunk 5.2.3
	   |-- cardinal-components-entity 5.2.3
	   |-- cardinal-components-item 5.2.3
	   |-- cardinal-components-level 5.2.3
	   |-- cardinal-components-scoreboard 5.2.3
	   \-- cardinal-components-world 5.2.3
	- carpet 1.4.112+v230608
	- carrasconlib 1.20.1-0.1
	- chunky 1.3.146
	- citadel 1.20.1-1.0.0
	- clearview 7.0.0
	- clickadv 1.20.1-3.8
	- cloth-config 11.1.136
	   \-- cloth-basic-math 0.6.1
	- clumps 12.0.0.4
	- clutter 1.20-0.6.1
	- cobweb 1.0.1
	- collective 8.22
	- combatroll 1.3.3+1.20.1
	- commonnetworking 1.0.5-1.20.1
	- completionistsindex 8.0.0
	- compressedblocks 1.5.0
	- configurable 2.2.3
	- configured 2.2.3
	- consularsorigins 1.11.0
	- controlling 12.0.2
	- convenient_hitboxes 1.0.5
	- copperandtuffbackport 1.2
	- copycats 3.0.7+mc.1.20.1-fabric
	- crash_assistant 1.9.7
	- crashexploitfixer 1.1.0
	- craterlib 2.1.5
	- create 6.0.8.1+build.1744-mc1.20.1
	   |-- com_google_code_findbugs_jsr305 3.0.2
	   |-- flywheel 1.0.5+1.20.1.build.264
	   |-- milk 1.2.60
	   |    \-- dripstone_fluid_lib 3.0.2
	   |-- ponder 1.0.91
	   |    |-- com_google_code_findbugs_jsr305 3.0.2
	   |    \-- javax_annotation_javax_annotation-api 1.3.2
	   |-- porting_lib_accessors 2.3.13+1.20.1
	   |    \-- porting_lib_core 2.3.13+1.20.1
	   |-- porting_lib_base 2.3.13+1.20.1
	   |    |-- porting_lib_attributes 2.3.13+1.20.1
	   |    |-- porting_lib_common 2.3.13+1.20.1
	   |    |-- porting_lib_config 2.3.13+1.20.1
	   |    |-- porting_lib_core 2.3.13+1.20.1
	   |    |-- porting_lib_fluids 2.3.13+1.20.1
	   |    |-- porting_lib_gui_utils 2.3.13+1.20.1
	   |    |-- porting_lib_lazy_registration 2.3.13+1.20.1
	   |    |-- porting_lib_mixin_extensions 2.3.13+1.20.1
	   |    |-- porting_lib_utility 2.3.13+1.20.1
	   |    \-- reach-entity-attributes 2.4.0
	   |-- porting_lib_brewing 2.3.13+1.20.1
	   |    \-- porting_lib_core 2.3.13+1.20.1
	   |-- porting_lib_client_events 2.3.13+1.20.1
	   |    \-- porting_lib_core 2.3.13+1.20.1
	   |-- porting_lib_entity 2.3.13+1.20.1
	   |    |-- porting_lib_core 2.3.13+1.20.1
	   |    \-- porting_lib_mixin_extensions 2.3.13+1.20.1
	   |-- porting_lib_extensions 2.3.13+1.20.1
	   |    |-- porting_lib_attributes 2.3.13+1.20.1
	   |    |-- porting_lib_common 2.3.13+1.20.1
	   |    |-- porting_lib_core 2.3.13+1.20.1
	   |    \-- reach-entity-attributes 2.4.0
	   |-- porting_lib_model_generators 2.3.13+1.20.1
	   |    |-- porting_lib_core 2.3.13+1.20.1
	   |    |-- porting_lib_data 2.3.13+1.20.1
	   |    |-- porting_lib_model_materials 2.3.13+1.20.1
	   |    \-- porting_lib_utility 2.3.13+1.20.1
	   |-- porting_lib_models 2.3.13+1.20.1
	   |    |-- porting_lib_core 2.3.13+1.20.1
	   |    |-- porting_lib_fluids 2.3.13+1.20.1
	   |    \-- porting_lib_model_loader 2.3.13+1.20.1
	   |-- porting_lib_networking 2.3.13+1.20.1
	   |    \-- porting_lib_core 2.3.13+1.20.1
	   |-- porting_lib_obj_loader 2.3.13+1.20.1
	   |    |-- porting_lib_core 2.3.13+1.20.1
	   |    \-- porting_lib_model_loader 2.3.13+1.20.1
	   |-- porting_lib_tool_actions 2.3.13+1.20.1
	   |    \-- porting_lib_core 2.3.13+1.20.1
	   |-- porting_lib_transfer 2.3.13+1.20.1
	   |    |-- porting_lib_core 2.3.13+1.20.1
	   |    \-- porting_lib_fluids 2.3.13+1.20.1
	   |-- reach-entity-attributes 2.4.0
	   \-- registrate-fabric 1.3.79-MC1.20.1
	        |-- com_google_code_findbugs_jsr305 3.0.2
	        \-- porting_lib_tags 3.0
	             \-- porting_lib_gametest 2.1.1090+1.20
	- create_repair 1.2.1
	- create_ultimate_factory 2.1.0
	- createaddition 1.3.4
	   \-- team_reborn_energy 2.3.0
	- createbetterfps 1.1.2
	- createcobblestone 1.4.9+fabric-1.20.1-131
	- createcontraptionterminals 1.2.0
	- createfood 1.1.13
	- croptopia 3.0.3
	- croptopiadelight 1.0.1
	- ctov 3.4.14
	- cullleaves 3.2.0
	   \-- midnightlib 1.4.1
	- cupboard 1.20.1-2.7
	- cushypillows 1.0.3+1.20.1
	- customskinloader 14.24
	- darkbindings 1.3.9
	- darkbosses 1.0.4
	- darkbread 1.0.0
	- darkcap 1.1.5
	- darkchidori 1.0.8
	- darkfeather 1.0.2
	- darkglint 1.1.2
	- darkheads 1.1.3
	- darkloot 1.2.6
	- darkmenu 1.1.9
	- darkmining 1.1.8
	- darksleep 1.0.0
	- darksmelting 1.1.3
	- darksmithing 1.1.2
	- darkstarter 1.1.4
	- darktimer 1.1.9
	- darkzoom 1.0.6
	- death_knights 1.0.0
	- doubledoors 7.2
	- doublejumpattribute 1.0.9
	- dragonloot 1.1.4
	- dramaticdoors 1.20.1-3.3.3
	- drippyloadingscreen 3.0.12
	- druids 0.9.8.0
	   \-- com_github_zsoltmolnarrr_tinyconfig 2.3.2
	- dungeons_arise 2.1.58
	- dungeons_arise_seven_seas 1.0.2
	- durability101 0.0.5
	- dynamictrim 1.4.1
	   \-- mixinsquared 0.1.1
	- elemental_wizards_rpg 1.1.4
	   \-- com_github_zsoltmolnarrr_tinyconfig 2.3.2
	- emi 1.1.22+1.20.1+fabric
	- emi_loot 0.7.6+1.20.1+fabric
	- emitrades 1.2.1+mc1.20.1
	   \-- org_quiltmc_parsers_json 0.2.1
	- emotecraft 2.2.7-b.build.50
	   \-- bendy-lib 4.0.0
	- enchantedtooltips 1.3.7-1.20
	   \-- kyrptconfig 1.5.6-1.20
	- entityculling 1.8.0
	   |-- transition 1.0.2
	   \-- trender 1.0.4
	- epherolib 1.2.0
	- eternal_attributes 1.0.0
	- evs 2.2.1-backport1.20.1
	- explorerscompass 1.20.1-2.2.3-fabric
	- expores 1.0.0+mc1.20.1
	- extrakeybinds 0.5.0+1.17-1.19.4
	- extraorigins 1.20-8
	- extraspellattributes 1.2.11
	- extrasponges 1.5.0
	- fabric-api 0.92.9+1.20.1
	   |-- fabric-api-base 0.4.32+1802ada577
	   |-- fabric-api-lookup-api-v1 1.6.37+1802ada577
	   |-- fabric-biome-api-v1 13.0.15+93aa238b77
	   |-- fabric-block-api-v1 1.0.12+1802ada577
	   |-- fabric-block-view-api-v2 1.0.3+924f046a77
	   |-- fabric-blockrenderlayer-v1 1.1.42+1802ada577
	   |-- fabric-client-tags-api-v1 1.1.3+1802ada577
	   |-- fabric-command-api-v1 1.2.35+f71b366f77
	   |-- fabric-command-api-v2 2.2.14+1802ada577
	   |-- fabric-commands-v0 0.2.52+df3654b377
	   |-- fabric-containers-v0 0.1.68+df3654b377
	   |-- fabric-content-registries-v0 4.0.13+1802ada577
	   |-- fabric-convention-tags-v1 1.5.6+1802ada577
	   |-- fabric-crash-report-info-v1 0.2.20+1802ada577
	   |-- fabric-data-attachment-api-v1 1.0.2+de0fd6d177
	   |-- fabric-data-generation-api-v1 12.3.9+1802ada577
	   |-- fabric-dimensions-v1 2.1.55+1802ada577
	   |-- fabric-entity-events-v1 1.6.1+1c78457f77
	   |-- fabric-events-interaction-v0 0.6.6+13a40c6677
	   |-- fabric-events-lifecycle-v0 0.2.64+df3654b377
	   |-- fabric-game-rule-api-v1 1.0.41+1802ada577
	   |-- fabric-item-api-v1 2.1.29+1802ada577
	   |-- fabric-item-group-api-v1 4.0.14+1802ada577
	   |-- fabric-key-binding-api-v1 1.0.38+1802ada577
	   |-- fabric-keybindings-v0 0.2.36+df3654b377
	   |-- fabric-lifecycle-events-v1 2.2.23+1802ada577
	   |-- fabric-loot-api-v2 1.2.3+1802ada577
	   |-- fabric-loot-tables-v1 1.1.47+9e7660c677
	   |-- fabric-message-api-v1 5.1.10+1802ada577
	   |-- fabric-mining-level-api-v1 2.1.52+1802ada577
	   |-- fabric-model-loading-api-v1 1.0.4+1802ada577
	   |-- fabric-models-v0 0.4.3+9386d8a777
	   |-- fabric-networking-api-v1 1.3.15+0caff8d077
	   |-- fabric-networking-v0 0.3.55+df3654b377
	   |-- fabric-object-builder-api-v1 11.1.5+e35120df77
	   |-- fabric-particles-v1 1.1.3+1802ada577
	   |-- fabric-recipe-api-v1 1.0.25+1802ada577
	   |-- fabric-registry-sync-v0 2.4.1+4c0a70e677
	   |-- fabric-renderer-api-v1 3.2.2+1802ada577
	   |-- fabric-renderer-indigo 1.5.3+85287f9f77
	   |-- fabric-renderer-registries-v1 3.2.47+df3654b377
	   |-- fabric-rendering-data-attachment-v1 0.3.39+92a0d36777
	   |-- fabric-rendering-fluids-v1 3.0.29+1802ada577
	   |-- fabric-rendering-v0 1.1.50+df3654b377
	   |-- fabric-rendering-v1 3.0.9+1802ada577
	   |-- fabric-resource-conditions-api-v1 2.3.9+1802ada577
	   |-- fabric-resource-loader-v0 0.11.12+fb82e9d777
	   |-- fabric-screen-api-v1 2.0.9+1802ada577
	   |-- fabric-screen-handler-api-v1 1.3.34+1802ada577
	   |-- fabric-sound-api-v1 1.0.14+1802ada577
	   |-- fabric-transfer-api-v1 3.3.6+8dd72ea377
	   \-- fabric-transitive-access-wideners-v1 4.3.2+1802ada577
	- fabric-language-kotlin 1.13.4+kotlin.2.2.0
	   |-- org_jetbrains_kotlin_kotlin-reflect 2.2.0
	   |-- org_jetbrains_kotlin_kotlin-stdlib 2.2.0
	   |-- org_jetbrains_kotlin_kotlin-stdlib-jdk7 2.2.0
	   |-- org_jetbrains_kotlin_kotlin-stdlib-jdk8 2.2.0
	   |-- org_jetbrains_kotlinx_atomicfu-jvm 0.28.0
	   |-- org_jetbrains_kotlinx_kotlinx-coroutines-core-jvm 1.10.2
	   |-- org_jetbrains_kotlinx_kotlinx-coroutines-jdk8 1.10.2
	   |-- org_jetbrains_kotlinx_kotlinx-datetime-jvm 0.6.2
	   |-- org_jetbrains_kotlinx_kotlinx-io-bytestring-jvm 0.7.0
	   |-- org_jetbrains_kotlinx_kotlinx-io-core-jvm 0.7.0
	   |-- org_jetbrains_kotlinx_kotlinx-serialization-cbor-jvm 1.8.1
	   |-- org_jetbrains_kotlinx_kotlinx-serialization-core-jvm 1.8.1
	   \-- org_jetbrains_kotlinx_kotlinx-serialization-json-jvm 1.8.1
	- fabricloader 0.19.2
	   \-- mixinextras 0.5.4
	- fakerlib 0.1.4
	   \-- mixinsquared 0.1.1
	- fancymenu 3.6.2
	   |-- com_github_keksuccino_japng 0.5.3
	   \-- com_github_rtyley_animated-gif-lib-for-java animated-gif-lib-1.7
	- fantasy_armor 1.2.4-1.20.1
	- fantasy_weapons 0.3.1-1.20.1
	- farmersdelight 1.20.1-2.4.0+refabricated
	   |-- mm 2.3
	   |-- porting_lib_loot 2.3.8+1.20.1
	   \-- porting_lib_recipe_book_categories 2.3.8+1.20.1
	- farsight 1.20.1-4.3
	   \-- org_jctools_jctools-core 4.0.1
	- fastboot 1.2-fabric
	- fastpaintings 1.20-1.2.7
	- ferritecore 6.0.1
	- forcecrawl 1.0.4
	- forcemaster_rpg 1.1.1
	   \-- com_github_zsoltmolnarrr_tinyconfig 2.3.2
	- forgeconfigapiport 8.0.2
	- framework 0.7.15
	   \-- org_javassist_javassist 3.29.2-GA
	- full_slabs 3.4.0
	   \-- statement 4.2.8+1.14.4-1.20.1
	        |-- kanos_config 0.4.1+1.14.4-1.19.4
	        \-- statement_vanilla_compatibility 1.0.1+1.16.5-1.17
	- fwaystones 3.3.3+mc1.20.1
	- fzzy_config 0.7.0+1.20.1
	   |-- blue_endless_jankson 1.2.3
	   |-- fabric-permissions-api-v0 0.3.1
	   \-- net_peanuuutz_tomlkt_tomlkt-jvm 0.3.7
	- fzzy_core 0.5.1+1.20.1
	- gazebo 1.1.1+1.20.1
	   \-- com_github_zsoltmolnarrr_tinyconfig 2.3.2
	- gear_core 0.3.8+1.20.1
	- geckolib 4.7.2
	   \-- com_eliotlash_mclib_mclib 20
	- geode_plus 1.2.5
	- geophilic 3.4.2
	- getittogetherdrops fabric-1.20-1.3.1
	- giftsofgiving 1.1.1
	- goldenberry 1.1.4
	- gpumemleakfix 1.20.1-1.8
	- graveyard 3.0
	- grindenchantments 3.1.4+1.20.1
	   \-- codec-config-api 3.0.1+1.20.1
	- handcrafted 3.0.6
	- harvest_with_ease 9.4.0
	- held-item-info 1.5.0
	- imbued_gear 0.4.0+1.20.1
	- immersive_paintings 0.6.8+1.20.1
	- immersive_weathering 1.20.1-2.0.5
	- indium 1.0.36+mc1.20.1
	- interiors 0.6.0
	- inventoryhud 3.4.26
	- inventorysorter 1.9.0-1.20
	   \-- kyrptconfig 1.5.6-1.20
	- invoke 0.2.4
	- invview 1.4.12-1.20+
	   \-- sgui 1.2.2+1.20
	- iris 1.7.6+mc1.20.1
	   |-- io_github_douira_glsl-transformer 2.0.1
	   |-- org_anarres_jcpp 1.4.14
	   \-- org_antlr_antlr4-runtime 4.13.1
	- ironchests 5.0.2
	- jains_deserts 2.0.0
	- java 17
	- jei 15.20.0.106
	- jewelry 1.3.7+1.20.1
	   \-- com_github_zsoltmolnarrr_tinyconfig 2.3.2
	- kevslibrary 1.1.2
	- kevstierifymodifiers 1.5.6
	- konkrete 1.8.1
	- krypton 0.2.3
	   \-- com_velocitypowered_velocity-native 3.2.0-SNAPSHOT
	- lambdynlights 4.1.3+1.20.1
	   |-- lambdynlights_api 4.1.3+1.20.1
	   |    |-- yumi-commons-collections 1.0.0-alpha.12
	   |    |-- yumi-commons-core 1.0.0-alpha.12
	   |    \-- yumi-commons-event 1.0.0-alpha.12
	   |-- pride 1.2.0+1.19.4
	   \-- spruceui 6.2.1+1.20
	- landchidori 1.0.9
	- lavender 0.1.9+1.20
	   |-- lavender-md 0.1.1+1.20
	   \-- lavender-md-owo-ui 0.1.1+1.20
	- ledger-databases 1.1.1
	   |-- com_h2database_h2 1.4.200
	   |-- mysql_mysql-connector-java 8.0.19
	   \-- org_postgresql_postgresql 42.3.0
	- libraryferret 4.0.0
	- libreexpfix 0.2.7b14-BETA
	- libz 1.0.3
	- limitedspawners 1.0.8
	- litematica 0.15.3
	- lithium 0.11.3
	- lithostitched 1.4.9
	- lne_archers 0.1.8-1.20.1
	   \-- com_github_zsoltmolnarrr_tinyconfig 2.3.2
	- lne_paladins 0.1.12-1.20.1
	   \-- com_github_zsoltmolnarrr_tinyconfig 2.3.2
	- lne_rogues 0.1.6-1.20.1
	   \-- com_github_zsoltmolnarrr_tinyconfig 2.3.2
	- lne_wizards 0.1.10-1.20.1
	   \-- com_github_zsoltmolnarrr_tinyconfig 2.3.2
	- loadingscreentips 1.3.1
	   \-- midnightlib 1.4.1
	- logbegone 1.0.8
	- longnbtkiller Fabric-1.20.1-1.0.0
	- loot_n_explore 0.1.11-1.20.1
	   \-- com_github_zsoltmolnarrr_tinyconfig 2.3.2
	- lootr 0.7.35.85
	- magic-particles 1.2.1+1.20.1
	   |-- fabric-permissions-api-v0 0.3.1
	   |-- message-api 0.1.1-1.20.1
	   \-- player-data-api 0.2.2+1.19.3
	- magnumtorch 8.0.2
	- malilib 0.16.3
	- maxhealthfix 12.0.3
	- mcda 5.0.2
	- mcdar 4.0.5
	- mcdw 9.0.4
	- mcwfences 1.1.2
	- mcwfurnitures 3.2.2
	- medievalorigins 6.6.0+1.20.1-fabric
	   |-- autotag 2.0.2+1.20
	   \-- reach-entity-attributes 2.4.0
	- melius-commands 2.0.2+1.20.1
	   |-- placeholder-api 2.1.4+1.20.1
	   \-- predicate-api 0.2.1+1.20.1
	- melody 1.0.3
	- memorysweep 2.0.3
	- memoryusagetitle 1.0.1
	- minecraft 1.20.1
	- mod_id 19.3.5
	   |-- com_electronwill_night-config_core 3.8.0
	   \-- com_electronwill_night-config_toml 3.8.0
	- modernfix 5.24.1+mc1.20.1
	- modmenu 7.2.2
	- moonlight 1.20-2.16.32
	   \-- mixinsquared 0.1.1
	- more_potions 2.0.0
	- more_rpg_classes 1.2.0-1.20.1
	   \-- com_github_zsoltmolnarrr_tinyconfig 2.3.2
	- morningglory 1.0.0
	- mousetweaks 2.26
	- mr_tidal_towns 1.3.4
	- mythiclib 1.1.0+1.20.1
	- mythicmetals 0.19.10+1.20.1
	   |-- common-protection-api 1.0.0
	   \-- reach-entity-attributes 2.4.0
	- mythicmounts 1.20.1-7.4
	- mythicupgrades 4.2.0+mc1.20.1
	- naturescompass 1.20.1-2.2.3-fabric
	- necronomicon 1.6.0
	- nerb 0.4.1
	- neruina 2.2.11
	   |-- com_fasterxml_jackson_core_jackson-annotations 2.17.0
	   |-- com_fasterxml_jackson_core_jackson-core 2.17.0
	   |-- com_fasterxml_jackson_core_jackson-databind 2.17.0
	   |-- org_apache_httpcomponents_core5_httpcore5 5.3.1
	   |-- org_apache_maven_maven-artifact 3.8.1
	   \-- org_kohsuke_github-api 1.318
	- nethersdelight 1.20.1-4.1.1
	- no-resource-pack-warnings 1.3.1
	- nochatreports 1.20.1-v2.2.2
	- noglobalsounds 1.0.0
	- notenoughanimations 1.10.0
	   |-- transition 1.0.2
	   \-- trender 1.0.4
	- nyctophobia 1.9
	   \-- omega-config 1.2.2-1.18.1
	- nyfsbp 1.1.1
	- nyfsgenetics 1.0.1
	- obscure_api 16
	- oceansdelight fdrf-fabric-1.0.2-1.20
	- octolib 0.5.0.1
	   \-- org_yaml_snakeyaml 2.2
	- offlinecommands 1.0.2+1.20.1
	- openpartiesandclaims 0.24.0
	- origins 1.10.0
	   \-- apoli 2.9.0
	        |-- calio 1.11.0
	        \-- playerabilitylib 1.8.0
	- origins-classes 1.7.0
	- origins_deities 2.1.0
	- owo 0.11.2+1.20
	- packetfixer 2.0.0
	- paladins 1.3.1+1.20.1
	   \-- com_github_zsoltmolnarrr_tinyconfig 2.3.2
	- particle_core 0.2.6+1.20.1
	   \-- conditional-mixin 0.5.1
	- patchouli 1.20.1-84-FABRIC
	   \-- fiber 0.23.0-2
	- pehkui 3.8.3+1.14.4-1.21
	   \-- kanos_config 0.4.1+1.14.4-1.19.4
	- perfectbirbs 1.2.0
	- perfectplushies 1.13.3
	   \-- perfectplushieapi 1.0.7
	- perplayerwanderingtraders 1.0.2+1.20.1
	- pickablevillagers 1.4.5+1.20.1
	- player-animator 1.0.2-rc1+1.20
	- plushables 1.1.4
	   \-- midnightlib 1.4.1
	- plushies 1.4.0
	- polymorph 0.49.10+1.20.1
	   \-- spectrelib 0.13.17+1.20.1
	- presencefootsteps 1.10.1+1.20.1
	   \-- kirin 1.15.6+1.20.1
	- projectile_damage 3.2.3+1.20.1
	- puffish_attributes 0.8.2
	- puzzleslib 8.1.32
	   \-- puzzlesaccessapi 20.1.1
	- railways 1.7.2+fabric-mc1.20.1
	   \-- mm 2.3
	- randomblockplacement 1.0.5-1.20+
	- ranged_weapon_api 1.1.4+1.20.1
	- rebalance 1.2.0
	- reeses-sodium-options 1.7.2+mc1.20.1-build.101
	- refurbished_furniture 1.0.14
	- regions_unexplored 0.5.3.1+1.20.1
	   |-- completeconfig-base 2.5.0
	   \-- completeconfig-gui-cloth 2.5.0
	- resourcefulconfig 2.1.3
	- resourcefullib 2.1.29
	   |-- com_teamresourceful_bytecodecs 1.0.2
	   \-- com_teamresourceful_yabn 1.0.3
	- rogues 1.1.0+1.20.1
	   \-- com_github_zsoltmolnarrr_tinyconfig 2.3.2
	- rpgmana 1.0.8.2
	   \-- com_github_zsoltmolnarrr_tinyconfig 2.3.2
	- runes 0.9.13+1.20.1
	- sbaegis-origin 2.0.0
	- sculkedmagpie 1.1
	- searchables 1.0.3
	- seasonhud 2.0.5
	- seasons 2.4.2-BETA+1.20
	- seasonscroptopiacompat 1.0-2.2.2
	- seasonsdelightcompat 1.0-1.3.9
	- seasonsextras 1.3.2-BETA+1.20
	- servercore 1.5.2+1.20.1
	   |-- fabric-permissions-api-v0 0.3.1
	   |-- org_yaml_snakeyaml 2.2
	   |-- space_arim_dazzleconf_dazzleconf-core 1.3.0-M2
	   \-- space_arim_dazzleconf_dazzleconf-ext-snakeyaml 1.3.0-M2
	- shadowmounts 1.1
	- shield_api 1.0.1+1.20.1
	- simply_houses 1.1.4-1.20.1
	- simplymore 1.1.3
	- simplyswords 1.56.0-1.20.1
	- sit 1.20.1-27
	- skyvillages 1.0.4-1.19.2-1.20.1
	- slabsandstairs 1.7.2
	- slotcycler 8.0.1
	   \-- puzzlesapi 8.0.2
	- smartbrainlib 1.15
	- sodium 0.5.13+mc1.20.1
	- sodium-extra 0.5.9+mc1.20.1
	   \-- caffeineconfig 1.3.0+1.17
	- soulsweapons 1.2.4-1.20.1-fabric
	- spell-engine-openpac-compat 1.0.0
	- spell_engine 0.15.10+1.20.1
	   \-- com_github_zsoltmolnarrr_tinyconfig 2.3.2
	- spell_power 0.12.0+1.20.1
	   \-- com_github_zsoltmolnarrr_tinyconfig 2.3.2
	- spellbladenext 1.20.4
	   \-- com_github_zsoltmolnarrr_tinyconfig 2.3.2
	- starlight 1.1.2+fabric.dbc156f
	- structure_pool_api 1.0+1.20.1
	- structurecredits LASTVERSION
	- stunningstatues 1.0.2
	- styledchat 2.2.4+1.20.1
	   |-- placeholder-api 2.1.4+1.20.1
	   \-- player-data-api 0.2.2+1.19.3
	- styledplayerlist 3.1.1+1.20.1
	   \-- player-data-api 0.2.2+1.19.3
	- terrablender 3.0.1.10
	- thaumon 2.3.0+1.20.1
	- things 0.3.3+1.20
	- throwablefluids 3.0.0
	- tiered 1.2.0
	   |-- autotag 2.0.2+1.20
	   \-- reach-entity-attributes 2.4.0
	- tinypaper 1.0.1
	- toms_storage 1.7.1
	- toms_trading_network 0.3.0
	- toofast 1.2.0
	- tooltipfix 1.1.1-1.20
	- totw_additions 1.3
	- tracker-compass 1.0.0
	- trade_cycling 1.20.1-1.0.7
	- transmog 1.3.0+1.20
	- trashslot 15.1.1
	- travelersbackpack 9.1.37
	   \-- reach-entity-attributes 2.4.0
	- travelerstitles 1.20-Fabric-4.0.2
	- tridents_n_stuff 0.2.0+1.20.1
	- trinkets 3.7.2
	- triqueapi mc1.20.1-1.1.0
	- universalbonemeal 8.0.1
	- unsafe-world-random-access-detector 1.1.0
	- vanilla-permissions 0.2.9+1.20.1
	   \-- fabric-permissions-api-v0 0.3.1
	- variantbarrels 3.4.1
	- variantbeehives 1.2
	- variantbookshelves 2.3.8
	- variantchiseledbookshelves 1.3.8
	- variantcomposters 2.4.1
	- variantfletchingtables 1.2.1
	- variantlecterns 1.0
	- variantshields 2.1
	- vcinteraction 1.20.1-1.0.5
	   \-- polymer-registry-sync-manipulator 0.5.0+1.20
	- villagerconfig 4.1.2+1.20.1
	   |-- config2brigadier 1.2.5
	   \-- fiber 0.23.0-2
	- vinery 1.4.41
	- voicechat 1.20.1-2.5.30
	- walljump 1.4.4
	   |-- keybind_fix 1.0.0
	   \-- org_aeonbits_owner_owner 1.0.12
	- wardentools 2.5.0+mc1.20.1
	- waterballoon 1.0.1
	- wetlands 1.2
	- wi_zoom 1.6-MC1.20.1
	- wilderwild 3.0.7-mc1.20.1
	   |-- frozenlib 1.9.3-mc1.20.1
	   \-- reach-entity-attributes 2.4.0
	- winterly 0.9.3+1.20
	- wizards 1.3.0+1.20.1
	   \-- com_github_zsoltmolnarrr_tinyconfig 2.3.2
	- wthit 8.16.3
	- xaeroworldmap 1.40.16
	   \-- xaerolib 1.1.15
	- yaf 1.0pre3
	   \-- midnightlib 1.4.1
	- yet_another_config_lib_v3 3.6.6+1.20.1-fabric
	   |-- com_twelvemonkeys_common_common-image 3.12.0
	   |-- com_twelvemonkeys_common_common-io 3.12.0
	   |-- com_twelvemonkeys_common_common-lang 3.12.0
	   |-- com_twelvemonkeys_imageio_imageio-core 3.12.0
	   |-- com_twelvemonkeys_imageio_imageio-metadata 3.12.0
	   |-- com_twelvemonkeys_imageio_imageio-webp 3.12.0
	   \-- org_quiltmc_parsers_gson 0.2.1
	- yigd 2.0.16
	   \-- libgui 8.1.1+1.20.1
	        |-- jankson 6.0.0+j1.2.3
	        \-- libninepatch 1.2.0
	- yungsapi 1.20-Fabric-4.0.6
	- yungsbridges 1.20-Fabric-4.0.3
	- yungscavebiomes 1.20.1-Fabric-2.0.5
	- zenith_attributes 0.2.10
	   |-- additionalentityattributes 1.7.6+1.20.1
	   |-- playerabilitylib 1.8.0
	   \-- reach-entity-attributes 2.4.0
[17:23:46] [main/WARN]: Found 2 non-fabric mods:
	- NoSeeNoTick-2.0.0-1.20.1.jar
	- RUExpansion-1.0.1+1.20.1.jar
[17:23:47] [main/INFO]: SpongePowered MIXIN Subsystem Version=0.8.7 Source=file:/C:/Users/Dark/curseforge/minecraft/Install/libraries/net/fabricmc/sponge-mixin/0.17.2+mixin.0.8.7/sponge-mixin-0.17.2+mixin.0.8.7.jar Service=Knot/Fabric Env=CLIENT
[17:23:47] [main/INFO]: Compatibility level set to JAVA_17
[17:23:48] [main/WARN]: Reference map 'aaa_particles-fabric-refmap.json' for aaa_particles.mixins.json could not be read. If this is a development environment you can ignore this message
[17:23:48] [main/WARN]: Reference map 'carrasconlib-common-common-refmap.json' for carrasconlib.mixins.json could not be read. If this is a development environment you can ignore this message
[17:23:48] [main/WARN]: Reference map 'citadel.refmap.json' for citadel.mixins.json could not be read. If this is a development environment you can ignore this message
[17:23:48] [main/WARN]: Reference map 'mixins.create_repair.refmap.json' for mixins.create_repair.json could not be read. If this is a development environment you can ignore this message
[17:23:48] [main/WARN]: Reference map 'createcobblestone-common-refmap.json' for createcobblestone-common.mixins.json could not be read. If this is a development environment you can ignore this message
[17:23:48] [main/WARN]: Reference map '[common]ctov-common-refmap.json' for ctov-common.mixins.json could not be read. If this is a development environment you can ignore this message
[17:23:48] [main/WARN]: Reference map 'gazebo-refmap.json' for gazebo.mixins.json could not be read. If this is a development environment you can ignore this message
[17:23:48] [main/WARN]: Reference map 'graveyard-FABRIC-fabric-refmap.json' for graveyard-fabric.mixins.json could not be read. If this is a development environment you can ignore this message
[17:23:48] [main/WARN]: Reference map 'harvest_with_ease.refmap.json' for harvest_with_ease.mixins.json could not be read. If this is a development environment you can ignore this message
[17:23:48] [main/WARN]: Reference map 'harvest_with_ease.refmap.json' for harvest_with_ease.fabric.mixins.json could not be read. If this is a development environment you can ignore this message
[17:23:48] [main/WARN]: No configuration key exists with name 'mixin.entity.collisions.suffocation', ignoring
[17:23:48] [main/WARN]: Mod 'apoli' attempted to override option 'mixin.entity.collisions.suffocation', which doesn't exist, ignoring
[17:23:48] [main/WARN]: Mod 'wilderwild' attempted to override option 'mixin.world.raycast', which doesn't exist, ignoring
[17:23:48] [main/INFO]: Loaded configuration file for Lithium: 131 options available, 4 override(s) found
[17:23:48] [main/WARN]: Reference map '${mod_id}.refmap.json' for medievalorigins.mixins.json could not be read. If this is a development environment you can ignore this message
[17:23:49] [main/INFO]: Loaded configuration file for ModernFix 5.24.1+mc1.20.1: 70 options available, 1 override(s) found
[17:23:49] [main/WARN]: Option 'mixin.perf.dynamic_dfu' overriden (by mods [litematica]) to 'false'
[17:23:49] [main/INFO]: Applying Nashorn fix
[17:23:49] [main/WARN]: Reference map 'mythic-mounts-refmap.json' for mythic-mounts.mixins.json could not be read. If this is a development environment you can ignore this message
[17:23:49] [main/WARN]: Reference map 'oceansdelight-refmap.json' for oceansdelight.mixins.json could not be read. If this is a development environment you can ignore this message
[17:23:49] [main/WARN]: Reference map 'OctoLib-COMMON-common-refmap.json' for octolib-common.mixins.json could not be read. If this is a development environment you can ignore this message
[17:23:49] [main/WARN]: Reference map 'puffish_attributes-refmap.json' for puffish_attributes.mixins.json could not be read. If this is a development environment you can ignore this message
[17:23:49] [main/WARN]: Reference map 'puzzlesaccessapi.common.refmap.json' for puzzlesaccessapi.common.mixins.json could not be read. If this is a development environment you can ignore this message
[17:23:49] [main/WARN]: Reference map 'puzzlesaccessapi.fabric.refmap.json' for puzzlesaccessapi.fabric.mixins.json could not be read. If this is a development environment you can ignore this message
[17:23:49] [main/WARN]: Reference map 'simplyswords-fabric-refmap.json' for simplyswords.mixins.json could not be read. If this is a development environment you can ignore this message
[17:23:49] [main/INFO]: Loaded configuration file for Sodium: 42 options available, 3 override(s) found
[17:23:49] [main/INFO]: Loaded configuration file for Sodium Extra: 35 options available, 0 override(s) found
[17:23:49] [main/WARN]: Reference map 'structurecredits-common-refmap.json' for structurecredits-common.mixins.json could not be read. If this is a development environment you can ignore this message
[17:23:49] [main/WARN]: Reference map 'thaumon-common-refmap.json' for thaumon-common.mixins.json could not be read. If this is a development environment you can ignore this message
[17:23:49] [main/INFO]: Loading config WWMixinsConfig from wilderwild
[17:23:49] [main/INFO]: Saving config WWMixinsConfig from wilderwild
[17:23:49] [main/WARN]: Error loading class: io/vram/frex/base/renderer/context/render/EntityBlockRenderContext (java.lang.ClassNotFoundException: io/vram/frex/base/renderer/context/render/EntityBlockRenderContext)
[17:23:49] [main/WARN]: @Mixin target io.vram.frex.base.renderer.context.render.EntityBlockRenderContext was not found porting_lib_base.mixins.json:client.frex.EntityBlockRenderContextMixin from mod porting_lib_base
[17:23:50] [main/WARN]: Error loading class: me/shedaniel/rei/RoughlyEnoughItemsCoreClient (java.lang.ClassNotFoundException: me/shedaniel/rei/RoughlyEnoughItemsCoreClient)
[17:23:50] [main/WARN]: Error loading class: dev/ftb/mods/ftblibrary/FTBLibraryClient (java.lang.ClassNotFoundException: dev/ftb/mods/ftblibrary/FTBLibraryClient)
[17:23:50] [main/WARN]: Error loading class: com/replaymod/replay/ReplayHandler (java.lang.ClassNotFoundException: com/replaymod/replay/ReplayHandler)
[17:23:50] [main/WARN]: Error loading class: net/optifine/shaders/Shaders (java.lang.ClassNotFoundException: net/optifine/shaders/Shaders)
[17:23:50] [main/WARN]: Error loading class: net/coderbot/iris/pipeline/newshader/ExtendedShader (java.lang.ClassNotFoundException: net/coderbot/iris/pipeline/newshader/ExtendedShader)
[17:23:50] [main/WARN]: Error loading class: me/jellysquid/mods/lithium/common/ai/pathing/PathNodeDefaults (java.lang.ClassNotFoundException: me/jellysquid/mods/lithium/common/ai/pathing/PathNodeDefaults)
[17:23:51] [main/WARN]: Force-disabling mixin 'ai.task.memory_change_counting.BrainMixin' as rule 'mixin.ai.task.memory_change_counting' (added by mods [smartbrainlib]) disables it and children
[17:23:51] [main/WARN]: Force-disabling mixin 'ai.task.memory_change_counting.MultiTickTaskMixin' as rule 'mixin.ai.task.memory_change_counting' (added by mods [smartbrainlib]) disables it and children
[17:23:51] [main/WARN]: Force-disabling mixin 'alloc.blockstate.StateMixin' as rule 'mixin.alloc.blockstate' (added by mods [ferritecore]) disables it and children
[17:23:51] [main/WARN]: Force-disabling mixin 'alloc.chunk_ticking.ServerChunkManagerMixin' as rule 'mixin.alloc.chunk_ticking' (added by mods [servercore]) disables it and children
[17:23:51] [main/WARN]: Force-disabling mixin 'world.player_chunk_tick.ThreadedAnvilChunkStorageMixin' as rule 'mixin.world.player_chunk_tick' (added by mods [krypton]) disables it and children
[17:23:51] [main/WARN]: Error loading class: fr/catcore/server/translations/api/resource/language/SystemDelegatedLanguage (java.lang.ClassNotFoundException: fr/catcore/server/translations/api/resource/language/SystemDelegatedLanguage)
[17:23:52] [main/ERROR]: Polymorph failed to correct integration configuration spec
[17:23:52] [main/WARN]: Error loading class: com/nhoryzon/mc/farmersdelight/block/BuddingBushBlock (java.lang.ClassNotFoundException: com/nhoryzon/mc/farmersdelight/block/BuddingBushBlock)
[17:23:52] [main/WARN]: @Mixin target com.nhoryzon.mc.farmersdelight.block.BuddingBushBlock was not found seasonsdelightcompat.mixins.json:BuddingBushBlockMixin from mod seasonsdelightcompat
[17:23:52] [main/WARN]: Error loading class: com/nhoryzon/mc/farmersdelight/block/BuddingTomatoBlock (java.lang.ClassNotFoundException: com/nhoryzon/mc/farmersdelight/block/BuddingTomatoBlock)
[17:23:52] [main/WARN]: @Mixin target com.nhoryzon.mc.farmersdelight.block.BuddingTomatoBlock was not found seasonsdelightcompat.mixins.json:BuddingTomatoBlockMixin from mod seasonsdelightcompat
[17:23:52] [main/WARN]: Error loading class: com/nhoryzon/mc/farmersdelight/block/MushroomColonyBlock (java.lang.ClassNotFoundException: com/nhoryzon/mc/farmersdelight/block/MushroomColonyBlock)
[17:23:52] [main/WARN]: @Mixin target com.nhoryzon.mc.farmersdelight.block.MushroomColonyBlock was not found seasonsdelightcompat.mixins.json:MushroomColonyBlockMixin from mod seasonsdelightcompat
[17:23:52] [main/WARN]: Error loading class: com/nhoryzon/mc/farmersdelight/block/RiceCropBlock (java.lang.ClassNotFoundException: com/nhoryzon/mc/farmersdelight/block/RiceCropBlock)
[17:23:52] [main/WARN]: @Mixin target com.nhoryzon.mc.farmersdelight.block.RiceCropBlock was not found seasonsdelightcompat.mixins.json:RiceCropBlockMixin from mod seasonsdelightcompat
[17:23:52] [main/WARN]: Error loading class: com/nhoryzon/mc/farmersdelight/block/TomatoVineBlock (java.lang.ClassNotFoundException: com/nhoryzon/mc/farmersdelight/block/TomatoVineBlock)
[17:23:52] [main/WARN]: @Mixin target com.nhoryzon.mc.farmersdelight.block.TomatoVineBlock was not found seasonsdelightcompat.mixins.json:TomatoVineBlockMixin from mod seasonsdelightcompat
[17:23:52] [main/WARN]: Force-disabling mixin 'features.render.entity.CuboidMixin' as rule 'mixin.features.render.entity' (added by mods [iris]) disables it and children
[17:23:52] [main/WARN]: Force-disabling mixin 'features.render.entity.ModelPartMixin' as rule 'mixin.features.render.entity' (added by mods [iris]) disables it and children
[17:23:52] [main/WARN]: Force-disabling mixin 'features.render.entity.cull.EntityRendererMixin' as rule 'mixin.features.render.entity' (added by mods [iris]) disables it and children
[17:23:52] [main/WARN]: Force-disabling mixin 'features.render.entity.shadows.EntityRenderDispatcherMixin' as rule 'mixin.features.render.entity' (added by mods [iris]) disables it and children
[17:23:52] [main/WARN]: Force-disabling mixin 'features.render.gui.font.GlyphRendererMixin' as rule 'mixin.features.render.gui.font' (added by mods [iris]) disables it and children
[17:23:52] [main/WARN]: Force-disabling mixin 'features.render.world.sky.BackgroundRendererMixin' as rule 'mixin.features.render.world.sky' (added by mods [iris]) disables it and children
[17:23:52] [main/WARN]: Force-disabling mixin 'features.render.world.sky.ClientWorldMixin' as rule 'mixin.features.render.world.sky' (added by mods [iris]) disables it and children
[17:23:52] [main/WARN]: Force-disabling mixin 'features.render.world.sky.WorldRendererMixin' as rule 'mixin.features.render.world.sky' (added by mods [iris]) disables it and children
[17:23:52] [main/WARN]: Error loading class: com/ishland/c2me/fixes/worldgen/threading_issues/common/CheckedThreadLocalRandom (java.lang.ClassNotFoundException: com/ishland/c2me/fixes/worldgen/threading_issues/common/CheckedThreadLocalRandom)
[17:23:52] [main/WARN]: Error loading class: com/beansgalaxy/backpacks/compat/TrinketsRegistry$1 (java.lang.ClassNotFoundException: com/beansgalaxy/backpacks/compat/TrinketsRegistry$1)
[17:23:52] [main/WARN]: Error loading class: dev/ftb/mods/ftbchunks/client/gui/LargeMapScreen (java.lang.ClassNotFoundException: dev/ftb/mods/ftbchunks/client/gui/LargeMapScreen)
[17:23:52] [main/WARN]: @Mixin target dev.ftb.mods.ftbchunks.client.gui.LargeMapScreen was not found create.mixins.json:compat.ftbchunks.LargeMapScreenAccessor from mod create
[17:23:52] [main/WARN]: Error loading class: dev/ftb/mods/ftbchunks/client/gui/RegionMapPanel (java.lang.ClassNotFoundException: dev/ftb/mods/ftbchunks/client/gui/RegionMapPanel)
[17:23:52] [main/WARN]: @Mixin target dev.ftb.mods.ftbchunks.client.gui.RegionMapPanel was not found create.mixins.json:compat.ftbchunks.RegionMapPanelAccessor from mod create
[17:23:53] [main/INFO]: Launching CrashAssistantApp (CrashAssistant-fabric-1.19.2-1.21.4-1.9.7.jar)
[17:23:54] [main/INFO]: Searching for graphics cards...
[17:23:54] [main/INFO]: Found graphics adapter: AdapterInfo{vendor=NVIDIA, description='NVIDIA GeForce RTX 4050 Laptop GPU', adapterType=0x00002313, openglIcdFilePath='C:\WINDOWS\System32\DriverStore\FileRepository\nvgb.inf_amd64_764b7a45580616a0\nvoglv64.dll', openglIcdVersion=32.0.15.8160}
[17:23:54] [main/INFO]: Found graphics adapter: AdapterInfo{vendor=INTEL, description='Intel(R) UHD Graphics', adapterType=0x0000232B, openglIcdFilePath='C:\WINDOWS\System32\DriverStore\FileRepository\iigd_dch.inf_amd64_11590576de308f2a\igxelpicd64.dll', openglIcdVersion=32.0.101.6556}
[17:23:54] [main/WARN]: Sodium has applied one or more workarounds to prevent crashes or other issues on your system: [NVIDIA_THREADED_OPTIMIZATIONS_BROKEN]
[17:23:54] [main/WARN]: This is not necessarily an issue, but it may result in certain features or optimizations being disabled. You can sometimes fix these issues by upgrading your graphics driver.
[17:23:54] [main/INFO]: Initializing MixinExtras via com.llamalad7.mixinextras.service.MixinExtrasServiceImpl(version=0.5.4).
[17:23:56] [main/WARN]: Discarding @Unique public method getLanguage in epherolib.mixins.json:ServerPlayerMixin from mod epherolib because it already exists in net.minecraft.class_3222
[17:23:56] [main/INFO]: Mixing client.MixinMinecraft from mixins/common/nochatreports.mixins.json into net.minecraft.class_310
[17:23:56] [main/INFO]: Mixing client.MixinMinecraft from mixins/fabric/nochatreports-fabric.mixins.json into net.minecraft.class_310
[17:23:57] [main/WARN]: Method overwrite conflict for isFree in walljump.mixins.json:client.ClientPlayerEntityMiscellaneousMixin from mod walljump, previously written by genandnic.walljump.mixin.client.ClientPlayerEntityWallJumpMixin. Skipping method.
[17:23:57] [main/INFO]: Mixing client.MixinTitleScreen from mixins/common/nochatreports.mixins.json into net.minecraft.class_442
[17:23:57] [main/INFO]: Mixing client.MixinChatScreen from mixins/common/nochatreports.mixins.json into net.minecraft.class_408
[17:23:57] [main/INFO]: Renaming synthetic method lambda$onInit$4()Lnet/minecraft/class_2561; to mdd6a7bc$nochatreports$lambda$onInit$4$0 in mixins/common/nochatreports.mixins.json:client.MixinChatScreen from mod nochatreports
[17:23:57] [main/INFO]: Renaming synthetic method lambda$onInit$3(Lnet/minecraft/class_4185;)V to mdd6a7bc$nochatreports$lambda$onInit$3$1 in mixins/common/nochatreports.mixins.json:client.MixinChatScreen from mod nochatreports
[17:23:57] [main/INFO]: Renaming synthetic method lambda$onInit$2()Lnet/minecraft/class_2561; to mdd6a7bc$nochatreports$lambda$onInit$2$2 in mixins/common/nochatreports.mixins.json:client.MixinChatScreen from mod nochatreports
[17:23:57] [main/INFO]: Renaming synthetic method lambda$onInit$1(Lnet/minecraft/class_4185;)V to mdd6a7bc$nochatreports$lambda$onInit$1$3 in mixins/common/nochatreports.mixins.json:client.MixinChatScreen from mod nochatreports
[17:23:57] [main/INFO]: Renaming synthetic method lambda$onBeforeMessage$0(Ljava/lang/String;Lorg/spongepowered/asm/mixin/injection/callback/CallbackInfoReturnable;Lcom/aizistral/nochatreports/common/encryption/Encryptor;)V to mdd6a7bc$nochatreports$lambda$onBeforeMessage$0$4 in mixins/common/nochatreports.mixins.json:client.MixinChatScreen from mod nochatreports
[17:23:57] [main/WARN]: @Inject(@At("INVOKE")) Shift.BY=2 on travelersbackpack.mixins.json:AbstractContainerScreenMixin from mod travelersbackpack::handler$njm000$travelersbackpack$mouseClicked exceeds the maximum allowed value: 0. Increase the value of maxShiftBy to suppress this warning.
[17:23:57] [main/INFO]: Mixing common.MixinFriendlyByteBuf from mixins/common/nochatreports.mixins.json into net.minecraft.class_2540
[17:23:57] [main/INFO]: Renaming synthetic method lambda$onWriteJsonWithCodec$1(Ljava/lang/Object;Ljava/lang/String;)Lio/netty/handler/codec/EncoderException; to mdd6a7bc$nochatreports$lambda$onWriteJsonWithCodec$1$0 in mixins/common/nochatreports.mixins.json:common.MixinFriendlyByteBuf from mod nochatreports
[17:23:57] [main/INFO]: Renaming synthetic method lambda$onReadJsonWithCodec$0(Ljava/lang/String;)Lio/netty/handler/codec/DecoderException; to mdd6a7bc$nochatreports$lambda$onReadJsonWithCodec$0$1 in mixins/common/nochatreports.mixins.json:common.MixinFriendlyByteBuf from mod nochatreports
[17:23:59] [main/INFO]: Injecting BlockStateBase cache population hook into getOpacityIfCached from ca.spottedleaf.starlight.mixin.common.blockstate.BlockStateBaseMixin
[17:23:59] [main/INFO]: Injecting BlockStateBase cache population hook into getNeighborPathNodeType from me.jellysquid.mods.lithium.mixin.ai.pathing.AbstractBlockStateMixin
[17:23:59] [main/INFO]: Injecting BlockStateBase cache population hook into getPathNodeType from me.jellysquid.mods.lithium.mixin.ai.pathing.AbstractBlockStateMixin
[17:23:59] [main/INFO]: Injecting BlockStateBase cache population hook into isConditionallyFullOpaque from ca.spottedleaf.starlight.mixin.common.blockstate.BlockStateBaseMixin
[17:23:59] [main/INFO]: Injecting BlockStateBase cache population hook into getAllFlags from me.jellysquid.mods.lithium.mixin.util.block_tracking.AbstractBlockStateMixin
[17:23:59] [main/INFO]: Loading config WWBlockConfig from wilderwild
[17:23:59] [main/INFO]: Saving config WWBlockConfig from wilderwild
[17:24:00] [main/INFO]: Instancing error handler class com.illusivesoulworks.polymorph.mixin.IntegratedMixinPlugin
[17:24:01] [main/WARN]: Method overwrite conflict for method_7844 in ranged_weapon_api.mixins.json:item.RangedWeaponItemMixin from mod ranged_weapon_api, previously written by net.projectile_damage.mixin.RangedWeaponItemMixin. Skipping method.
[17:24:02] [main/WARN]: @Inject(@At("INVOKE_ASSIGN")) Shift.BY=2 on refurbished_furniture.common.mixins.json:LevelChunkMixin from mod refurbished_furniture::handler$mbo000$refurbished_furniture$refurbishedFurniture$AfterRemoveBlockEntity exceeds the maximum allowed value: 0. Increase the value of maxShiftBy to suppress this warning.
[17:24:02] [main/INFO]: Loading config WWEntityConfig from wilderwild
[17:24:02] [main/INFO]: Saving config WWEntityConfig from wilderwild
[17:24:04] [main/INFO]: Mixing server.MixinServerGamePacketListenerImpl from mixins/common/nochatreports.mixins.json into net.minecraft.class_3244
[17:24:04] [main/WARN]: Method overwrite conflict for getConnection in fabric-networking-api-v1.mixins.json:accessor.ServerPlayNetworkHandlerAccessor from mod fabric-networking-api-v1, previously written by carpet.mixins.ServerGamePacketListenerImpl_coreMixin. Skipping method.
[17:24:04] [main/WARN]: Method overwrite conflict for getConnection in krypton.mixins.json:shared.network.util.ServerPlayNetworkHandlerAccessor from mod krypton, previously written by carpet.mixins.ServerGamePacketListenerImpl_coreMixin. Skipping method.
[17:24:04] [main/WARN]: Method overwrite conflict for getRolls in emi_loot.mixins.json:LootPoolAccessor from mod emi_loot, previously written by net.fabricmc.fabric.mixin.loot.table.LootPoolMixin. Skipping method.
[17:24:05] [main/WARN]: Method overwrite conflict for getPools in origins-classes.mixins.json:LootTableAccessor from mod origins-classes, previously written by fzzyhmstrs.emi_loot.mixins.LootTableMixin. Skipping method.
[17:24:05] [main/WARN]: Static binding violation: PRIVATE @Overwrite method method_21740 in modernfix-common.mixins.json:perf.remove_biome_temperature_cache.BiomeMixin from mod modernfix cannot reduce visibiliy of PUBLIC target method, visibility will be upgraded.
[17:24:05] [main/WARN]: Method overwrite conflict for method_21740 in modernfix-common.mixins.json:perf.remove_biome_temperature_cache.BiomeMixin from mod modernfix, previously written by me.jellysquid.mods.lithium.mixin.world.temperature_cache.BiomeMixin. Skipping method.
[17:24:05] [main/WARN]: Method overwrite conflict for getClimateSettings in architectury.mixins.json:BiomeAccessor from mod architectury, previously written by carpet.mixins.Biome_scarpetMixin. Skipping method.
[17:24:05] [main/INFO]: Vanilla bootstrap took 8072 milliseconds
[17:24:06] [main/ERROR]: Entity wetlands:elder_gear_golem has no attributes
[17:24:06] [main/ERROR]: Entity wetlands:gear_golem has no attributes
[17:24:06] [main/ERROR]: Entity wetlands:willothewisp has no attributes
[17:24:06] [Render thread/INFO]: Environment: authHost='https://authserver.mojang.com', accountsHost='https://api.mojang.com', sessionHost='https://sessionserver.mojang.com', servicesHost='https://api.minecraftservices.com', name='PROD'
[17:24:06] [Render thread/INFO]: Mixing client.MixinYggdrasilUserApiService from mixins/common/nochatreports.mixins.json into com.mojang.authlib.yggdrasil.YggdrasilUserApiService
[17:24:07] [Render thread/INFO]: Setting user: 4DarkSide75
[17:24:07] [Render thread/INFO]: Mixing client.MixinToastComponent from mixins/common/nochatreports.mixins.json into net.minecraft.class_374
[17:24:07] [Render thread/INFO]: Registering S2C receiver with id aaa_particles:main/2b101225a0983c178c43c737d76def52
[17:24:07] [Render thread/INFO]: Registering S2C receiver with id aaa_particles:main/878ba3ad853235668eff51eb0a40c900
[17:24:07] [Render thread/INFO]: Registering S2C receiver with id aaa_particles:main/878ba3ad853235668eff51eb0a40c900
[17:24:07] [Render thread/INFO]: Registering S2C receiver with id aaa_particles:main/9b5bc39f00d53db2acf81d859b596583
[17:24:08] [Render thread/INFO]: Adding datapack listener capsid_recipes
[17:24:08] [Render thread/INFO]: Mixing client.MixinClientPacketListener from mixins/common/nochatreports.mixins.json into net.minecraft.class_634
[17:24:09] [Render thread/INFO]: Loaded config amendments-common.json
[17:24:09] [Render thread/INFO]: Loaded config amendments-client.json
[17:24:09] [Render thread/INFO]: Loaded config moonlight-client.json
[17:24:10] [Render thread/INFO]: Loaded config amethyst_imbuement:items_config in 463ms
[17:24:10] [Render thread/INFO]: Loaded config amethyst_imbuement:materials_config in 289ms
[17:24:10] [Render thread/INFO]: Loaded config amethyst_imbuement:blocks_config in 33ms
[17:24:10] [Render thread/INFO]: Loaded config amethyst_imbuement: in 16ms
[17:24:10] [Render thread/INFO]: Loaded config amethyst_imbuement:enchantments_config in 7ms
[17:24:10] [Render thread/INFO]: Loaded config amethyst_imbuement:augments_config in 3ms
[17:24:10] [Render thread/INFO]: Loaded config amethyst_imbuement:entities_config in 23ms
[17:24:10] [Render thread/INFO]: Loaded config amethyst_imbuement:resources_config in 0ms
[17:24:10] [Render thread/INFO]: Loaded config amethyst_imbuement:hud_config in 3ms
[17:24:10] [Render thread/INFO]: Loaded config amethyst_imbuement:dismiss in 11ms
[17:24:10] [Render thread/INFO]: Loaded config amethyst_imbuement:magic_missile in 0ms
[17:24:10] [Render thread/INFO]: Loaded config amethyst_imbuement:abundance in 4ms
[17:24:10] [Render thread/INFO]: Loaded config amethyst_imbuement:animal_husbandry in 0ms
[17:24:10] [Render thread/INFO]: Loaded config amethyst_imbuement:ball_lightning in 0ms
[17:24:10] [Render thread/INFO]: Loaded config amethyst_imbuement:barrier in 1ms
[17:24:10] [Render thread/INFO]: Loaded config amethyst_imbuement:bedazzle in 2ms
[17:24:10] [Render thread/INFO]: Loaded config amethyst_imbuement:body_swap in 0ms
[17:24:10] [Render thread/INFO]: Loaded config amethyst_imbuement:chickenform in 1ms
[17:24:10] [Render thread/INFO]: Loaded config amethyst_imbuement:cleanse in 1ms
[17:24:10] [Render thread/INFO]: Loaded config amethyst_imbuement:comet_storm in 1ms
[17:24:10] [Render thread/INFO]: Loaded config amethyst_imbuement:create_hard_light in 0ms
[17:24:10] [Render thread/INFO]: Loaded config amethyst_imbuement:create_lava in 2ms
[17:24:10] [Render thread/INFO]: Loaded config amethyst_imbuement:create_sponge in 1ms
[17:24:10] [Render thread/INFO]: Loaded config amethyst_imbuement:create_water in 1ms
[17:24:10] [Render thread/INFO]: Loaded config amethyst_imbuement:cripple in 3ms
[17:24:10] [Render thread/INFO]: Loaded config amethyst_imbuement:curse in 1ms
[17:24:10] [Render thread/INFO]: Loaded config amethyst_imbuement:dash in 1ms
[17:24:10] [Render thread/INFO]: Loaded config amethyst_imbuement:empowered_slash in 4ms
[17:24:10] [Render thread/INFO]: Loaded config amethyst_imbuement:excavate in 2ms
[17:24:10] [Render thread/INFO]: Loaded config amethyst_imbuement:execute in 2ms
[17:24:10] [Render thread/INFO]: Loaded config amethyst_imbuement:exhaust in 3ms
[17:24:10] [Render thread/INFO]: Loaded config amethyst_imbuement:fang_barrage in 1ms
[17:24:10] [Render thread/INFO]: Loaded config amethyst_imbuement:fangs in 1ms
[17:24:10] [Render thread/INFO]: Loaded config amethyst_imbuement:fireball in 1ms
[17:24:10] [Render thread/INFO]: Loaded config amethyst_imbuement:flamebolt in 1ms
[17:24:10] [Render thread/INFO]: Loaded config amethyst_imbuement:flamewave in 1ms
[17:24:10] [Render thread/INFO]: Loaded config amethyst_imbuement:flare in 0ms
[17:24:10] [Render thread/INFO]: Loaded config amethyst_imbuement:forcefield in 1ms
[17:24:10] [Render thread/INFO]: Loaded config amethyst_imbuement:fortify in 0ms
[17:24:10] [Render thread/INFO]: Loaded config amethyst_imbuement:freezing in 1ms
[17:24:10] [Render thread/INFO]: Loaded config amethyst_imbuement:gusting in 0ms
[17:24:10] [Render thread/INFO]: Loaded config amethyst_imbuement:hamptertime in 1ms
[17:24:10] [Render thread/INFO]: Loaded config amethyst_imbuement:hard_light_bridge in 1ms
[17:24:10] [Render thread/INFO]: Loaded config amethyst_imbuement:healing_wind in 1ms
[17:24:10] [Render thread/INFO]: Loaded config amethyst_imbuement:ice_shard in 1ms
[17:24:10] [Render thread/INFO]: Loaded config amethyst_imbuement:ice_spikes in 1ms
[17:24:10] [Render thread/INFO]: Loaded config amethyst_imbuement:inspiring_song in 1ms
[17:24:10] [Render thread/INFO]: Loaded config amethyst_imbuement:levitating_bullet in 2ms
[17:24:10] [Render thread/INFO]: Loaded config amethyst_imbuement:lightning_bolt in 1ms
[17:24:10] [Render thread/INFO]: Loaded config amethyst_imbuement:lightning_storm in 0ms
[17:24:10] [Render thread/INFO]: Loaded config amethyst_imbuement:magnetic_aura in 1ms
[17:24:10] [Render thread/INFO]: Loaded config amethyst_imbuement:mass_cleanse in 0ms
[17:24:10] [Render thread/INFO]: Loaded config amethyst_imbuement:mass_exhaust in 1ms
[17:24:10] [Render thread/INFO]: Loaded config amethyst_imbuement:mass_fortify in 1ms
[17:24:10] [Render thread/INFO]: Loaded config amethyst_imbuement:mass_heal in 1ms
[17:24:10] [Render thread/INFO]: Loaded config amethyst_imbuement:mass_revivify in 2ms
[17:24:10] [Render thread/INFO]: Loaded config amethyst_imbuement:mend_equipment in 2ms
[17:24:10] [Render thread/INFO]: Loaded config amethyst_imbuement:mental_clarity in 1ms
[17:24:10] [Render thread/INFO]: Loaded config amethyst_imbuement:minor_heal in 1ms
[17:24:10] [Render thread/INFO]: Loaded config amethyst_imbuement:persuade in 1ms
[17:24:10] [Render thread/INFO]: Loaded config amethyst_imbuement:poultrymorph in 0ms
[17:24:10] [Render thread/INFO]: Loaded config amethyst_imbuement:recall in 1ms
[17:24:10] [Render thread/INFO]: Loaded config amethyst_imbuement:regenerate in 3ms
[17:24:10] [Render thread/INFO]: Loaded config amethyst_imbuement:resonate in 1ms
[17:24:10] [Render thread/INFO]: Loaded config amethyst_imbuement:shine in 1ms
[17:24:10] [Render thread/INFO]: Loaded config amethyst_imbuement:smiting_blow in 1ms
[17:24:10] [Render thread/INFO]: Loaded config amethyst_imbuement:soul_missile in 2ms
[17:24:10] [Render thread/INFO]: Loaded config amethyst_imbuement:sparkbolt in 0ms
[17:24:10] [Render thread/INFO]: Loaded config amethyst_imbuement:spectral_slash in 1ms
[17:24:10] [Render thread/INFO]: Loaded config amethyst_imbuement:summon_boat in 1ms
[17:24:10] [Render thread/INFO]: Loaded config amethyst_imbuement:summon_bonestorm in 3ms
[17:24:10] [Render thread/INFO]: Loaded config amethyst_imbuement:summon_chicken in 1ms
[17:24:10] [Render thread/INFO]: Loaded config amethyst_imbuement:summon_fury_totem in 1ms
[17:24:10] [Render thread/INFO]: Loaded config amethyst_imbuement:summon_golem in 2ms
[17:24:10] [Render thread/INFO]: Loaded config amethyst_imbuement:summon_grace_totem in 1ms
[17:24:10] [Render thread/INFO]: Loaded config amethyst_imbuement:summon_hamster in 1ms
[17:24:10] [Render thread/INFO]: Loaded config amethyst_imbuement:summon_strider in 0ms
[17:24:10] [Render thread/INFO]: Loaded config amethyst_imbuement:summon_zombie in 0ms
[17:24:10] [Render thread/INFO]: Loaded config amethyst_imbuement:survey in 0ms
[17:24:10] [Render thread/INFO]: Loaded config amethyst_imbuement:teleport in 0ms
[17:24:10] [Render thread/INFO]: Loaded config amethyst_imbuement:trance in 0ms
[17:24:10] [Render thread/INFO]: Loaded config amethyst_imbuement:torrent_of_beaks in 1ms
[17:24:10] [Render thread/INFO]: Loaded config amethyst_imbuement:weightlessness in 1ms
[17:24:10] [Render thread/INFO]: Loaded config amethyst_imbuement:hail_storm in 1ms
[17:24:10] [Render thread/INFO]: Loaded config amethyst_imbuement:withering_bolt in 1ms
[17:24:10] [Render thread/INFO]: Loaded config amethyst_imbuement:zap in 1ms
[17:24:10] [Render thread/INFO]: Loaded config amethyst_imbuement:debug in 1ms
[17:24:10] [Render thread/INFO]: Loaded config amethyst_imbuement:arcane_aura in 0ms
[17:24:10] [Render thread/INFO]: Loaded config amethyst_imbuement:bone_fan in 0ms
[17:24:10] [Render thread/INFO]: Loaded config amethyst_imbuement:carapace in 0ms
[17:24:10] [Render thread/INFO]: Loaded config amethyst_imbuement:chain_lightning in 0ms
[17:24:10] [Render thread/INFO]: Loaded config amethyst_imbuement:chaos_bolt in 2ms
[17:24:10] [Render thread/INFO]: Loaded config amethyst_imbuement:create_tnt in 0ms
[17:24:10] [Render thread/INFO]: Loaded config amethyst_imbuement:energy_blade in 0ms
[17:24:10] [Render thread/INFO]: Loaded config amethyst_imbuement:full_heal in 0ms
[17:24:10] [Render thread/INFO]: Loaded config amethyst_imbuement:ice_burst in 0ms
[17:24:10] [Render thread/INFO]: Loaded config amethyst_imbuement:lightning_aura in 9ms
[17:24:10] [Render thread/INFO]: Loaded config amethyst_imbuement:mending_aura in 0ms
[17:24:10] [Render thread/INFO]: Loaded config amethyst_imbuement:meteor in 0ms
[17:24:10] [Render thread/INFO]: Loaded config amethyst_imbuement:planar_door in 2ms
[17:24:10] [Render thread/INFO]: Loaded config amethyst_imbuement:revivify in 0ms
[17:24:10] [Render thread/INFO]: Loaded config amethyst_imbuement:sanctuary in 0ms
[17:24:10] [Render thread/INFO]: Loaded config amethyst_imbuement:summon_cholem in 5ms
[17:24:10] [Render thread/INFO]: Loaded config amethyst_imbuement:solar_flare in 0ms
[17:24:10] [Render thread/INFO]: Loaded config amethyst_imbuement:soulfreeze in 0ms
[17:24:10] [Render thread/INFO]: Loaded config amethyst_imbuement:crackling_infusion in 0ms
[17:24:11] [Render thread/INFO]: Teleporting, Phasing, Evolving, Injecting. Apocalypse Origins is ready.
[17:24:11] [Render thread/INFO]: Registering items for apocalypse_origins
[17:24:11] [Render thread/INFO]: Registering blocks for apocalypse_origins
[17:24:11] [Render thread/INFO]: Apoli 2.9.0 has initialized. Ready to power up your game!
[17:24:11] [Render thread/INFO]: Apugli 2.10.4 has initialized. Powering up your powered up game.
[17:24:11] [Render thread/ERROR]: No data fixer registered for apugli:custom_area_effect_cloud
[17:24:11] [Render thread/ERROR]: No data fixer registered for apugli:custom_projectile
[17:24:12] [Render thread/INFO]: Registering S2C receiver with id artifacts:networking_channel/42a7ad70b1cc371599a0eff744096b8a
[17:24:12] [Render thread/INFO]: Registering S2C receiver with id artifacts:networking_channel/74a5e841822a3a87854ae896a33430d6
[17:24:12] [Render thread/INFO]: Registering S2C receiver with id artifacts:networking_channel/eb3d1e2748533430848cadf0f37c7e9c
[17:24:12] [Render thread/INFO]: Registering S2C receiver with id artifacts:networking_channel/91c8520f19f93b3e8b6a727568e194ab
[17:24:12] [Render thread/INFO]: Registering S2C receiver with id artifacts:networking_channel/8c2784d778293fd482ed84b8aa5fedb9
[17:24:12] [Render thread/INFO]: Registering S2C receiver with id artifacts:networking_channel/ea038224ea783d40b2863f52239e2604
[17:24:12] [Render thread/INFO]: Registering S2C receiver with id artifacts:networking_channel/97ad64b7ecaf33209991c4f031501a58
[17:24:12] [Render thread/ERROR]: No data fixer registered for artifacts:mimic
[17:24:12] [Render thread/INFO]: Running compat handler for Origins
[17:24:12] [Render thread/INFO]: Registered azurelib config for auto-sync function
[17:24:12] [Render thread/INFO]: [Basic Storage] Filling crates...
[17:24:12] [Render thread/INFO]: [Basic Storage] Config loaded successfully
[17:24:12] [Render thread/INFO]: [Basic Storage] 6/6 Crates filled!
[17:24:12] [Render thread/INFO]: Hello Fabric world!
[17:24:13] [Render thread/ERROR]: No data fixer registered for batsgalore:biggest_fan_bat
[17:24:13] [Render thread/ERROR]: No data fixer registered for batsgalore:block_projectile
[17:24:13] [Render thread/ERROR]: No data fixer registered for batsgalore:mod_boat
[17:24:13] [Render thread/ERROR]: No data fixer registered for batsgalore:mod_chest_boat
[17:24:13] [Render thread/ERROR]: No data fixer registered for batsgalore:pumpkin_bat
[17:24:13] [Render thread/ERROR]: No data fixer registered for batsgalore:creeper_bat
[17:24:13] [Render thread/ERROR]: No data fixer registered for batsgalore:witch_bat
[17:24:13] [Render thread/ERROR]: No data fixer registered for batsgalore:sculk_bat
[17:24:13] [Render thread/ERROR]: No data fixer registered for batsgalore:steve_bat
[17:24:13] [Render thread/ERROR]: No data fixer registered for batsgalore:alex_bat
[17:24:13] [Render thread/ERROR]: No data fixer registered for batsgalore:herobrine_bat
[17:24:13] [Render thread/ERROR]: No data fixer registered for batsgalore:skeleton_bat
[17:24:13] [Render thread/ERROR]: No data fixer registered for batsgalore:wither_skeleton_bat
[17:24:13] [Render thread/ERROR]: No data fixer registered for batsgalore:slime_bat
[17:24:13] [Render thread/ERROR]: No data fixer registered for batsgalore:undead_bat
[17:24:13] [Render thread/ERROR]: No data fixer registered for batsgalore:player_bat
[17:24:13] [Render thread/ERROR]: No data fixer registered for batsgalore:experience_orb_bat
[17:24:13] [Render thread/ERROR]: No data fixer registered for batsgalore:shulker_bat
[17:24:13] [Render thread/ERROR]: No data fixer registered for batsgalore:ghost_bat
[17:24:13] [Render thread/ERROR]: No data fixer registered for batsgalore:evil_bat
[17:24:13] [Render thread/ERROR]: No data fixer registered for batsgalore:void_bat
[17:24:13] [Render thread/ERROR]: No data fixer registered for batsgalore:winged_turmoil
[17:24:13] [Render thread/ERROR]: No data fixer registered for batsgalore:witchs_broom
[17:24:13] [Render thread/ERROR]: No data fixer registered for batsgalore:jack_o_lantern_projectile
[17:24:13] [Render thread/ERROR]: No data fixer registered for batsgalore:candy_cane_bat
[17:24:13] [Render thread/ERROR]: No data fixer registered for batsgalore:reindeer_bat
[17:24:13] [Render thread/ERROR]: No data fixer registered for batsgalore:elf_bat
[17:24:13] [Render thread/INFO]: Better Compatibility Checker starting
[17:24:13] [Render thread/INFO]: Loading config file
[17:24:13] [Render thread/INFO]: Config file loaded
[17:24:13] [Render thread/INFO]: Registering Mod Items for berserker_rpg
[17:24:13] [Render thread/INFO]: Registering Item Groups for berserker_rpg
[17:24:13] [Render thread/INFO]: Reflections took 63 ms to scan 1 urls, producing 0 keys and 0 values
[17:24:13] [Render thread/INFO]: Reflections took 2 ms to scan 1 urls, producing 0 keys and 0 values
[17:24:13] [Render thread/INFO]: Reflections took 17 ms to scan 1 urls, producing 1 keys and 2 values
[17:24:13] [Render thread/INFO]: Reflections took 1 ms to scan 1 urls, producing 1 keys and 2 values
[17:24:13] [Render thread/INFO]: Reflections took 2 ms to scan 1 urls, producing 1 keys and 3 values
[17:24:13] [Render thread/INFO]: Reflections took 0 ms to scan 1 urls, producing 1 keys and 3 values
[17:24:13] [Render thread/INFO]: Reflections took 4 ms to scan 1 urls, producing 1 keys and 2 values
[17:24:13] [Render thread/INFO]: Reflections took 0 ms to scan 1 urls, producing 1 keys and 2 values
[17:24:13] [Render thread/INFO]: Reflections took 0 ms to scan 1 urls, producing 1 keys and 1 values
[17:24:13] [Render thread/INFO]: Reflections took 0 ms to scan 1 urls, producing 1 keys and 1 values
[17:24:13] [Render thread/INFO]: Reflections took 0 ms to scan 1 urls, producing 1 keys and 3 values
[17:24:13] [Render thread/INFO]: Reflections took 10 ms to scan 1 urls, producing 1 keys and 3 values
[17:24:13] [Render thread/INFO]: Eren Ya?l?dere ?? de, wigu wigu d?nd?d? d?n ?dn? dn? dn?
[17:24:13] [Render thread/INFO]: Reflections took 0 ms to scan 1 urls, producing 1 keys and 2 values
[17:24:13] [Render thread/INFO]: Reflections took 0 ms to scan 1 urls, producing 1 keys and 2 values
[17:24:13] [Render thread/INFO]: Reflections took 0 ms to scan 1 urls, producing 1 keys and 1 values
[17:24:13] [Render thread/INFO]: Reflections took 0 ms to scan 1 urls, producing 1 keys and 1 values
[17:24:13] [Render thread/INFO]: Reflections took 0 ms to scan 1 urls, producing 1 keys and 2 values
[17:24:13] [Render thread/INFO]: Reflections took 2 ms to scan 1 urls, producing 1 keys and 2 values
[17:24:13] [Render thread/INFO]: Reflections took 0 ms to scan 1 urls, producing 1 keys and 1 values
[17:24:13] [Render thread/INFO]: Reflections took 0 ms to scan 1 urls, producing 1 keys and 1 values
[17:24:14] [Render thread/INFO]: Fixing MC-151457. Crafting remainder for minecraft:pufferfish_bucket is now minecraft:bucket.
[17:24:14] [Render thread/INFO]: Fixing MC-151457. Crafting remainder for minecraft:salmon_bucket is now minecraft:bucket.
[17:24:14] [Render thread/INFO]: Fixing MC-151457. Crafting remainder for minecraft:cod_bucket is now minecraft:bucket.
[17:24:14] [Render thread/INFO]: Fixing MC-151457. Crafting remainder for minecraft:tropical_fish_bucket is now minecraft:bucket.
[17:24:14] [Render thread/INFO]: Fixing MC-151457. Crafting remainder for minecraft:axolotl_bucket is now minecraft:bucket.
[17:24:14] [Render thread/INFO]: Fixing MC-151457. Crafting remainder for minecraft:powder_snow_bucket is now minecraft:bucket.
[17:24:14] [Render thread/INFO]: Fixing MC-151457. Crafting remainder for minecraft:tadpole_bucket is now minecraft:bucket.
[17:24:14] [Render thread/INFO]: adding citadel surface rules via terrablender...
[17:24:14] [Render thread/ERROR]: Failed to setup Terrablender compat
java.lang.NoSuchMethodException: terrablender.api.SurfaceRuleManager.addToDefaultSurfaceRulesAtStage(java.lang.Enum,java.lang.Enum,int,net.minecraft.class_6686$class_6708)
	at java.lang.Class.getMethod(Unknown Source) ~[?:?]
	at com.github.alexthe666.citadel.compat.terrablender.TerrablenderCompat.setup(TerrablenderCompat.java:19) ~[citadel-1.20.1-1.0.0.jar:?]
	at com.github.alexthe666.citadel.compat.ModCompatBridge.afterAllModsLoaded(ModCompatBridge.java:16) ~[citadel-1.20.1-1.0.0.jar:?]
	at com.github.alexthe666.citadel.Citadel.onInitialize(Citadel.java:89) ~[citadel-1.20.1-1.0.0.jar:?]
	at net.fabricmc.loader.impl.FabricLoaderImpl.invokeEntrypoints(FabricLoaderImpl.java:405) ~[fabric-loader-0.19.2.jar:?]
	at net.fabricmc.loader.impl.game.minecraft.Hooks.startClient(Hooks.java:52) ~[fabric-loader-0.19.2.jar:?]
	at net.minecraft.class_310.<init>(class_310.java:458) ~[client-intermediary.jar:?]
	at net.minecraft.client.main.Main.main(Main.java:211) ~[fabric-loader-0.19.2-1.20.1.jar:?]
	at net.fabricmc.loader.impl.game.minecraft.MinecraftGameProvider.launch(MinecraftGameProvider.java:514) ~[fabric-loader-0.19.2.jar:?]
	at net.fabricmc.loader.impl.launch.knot.Knot.launch(Knot.java:72) ~[fabric-loader-0.19.2.jar:?]
	at net.fabricmc.loader.impl.launch.knot.KnotClient.main(KnotClient.java:23) ~[fabric-loader-0.19.2.jar:?]
[17:24:14] [Render thread/INFO]: [Clutter] Finished initializing.
[17:24:14] [Render thread/INFO]: Loading Collective version 8.22.
[17:24:14] [Render thread/INFO]: Constructing common components for completionistsindex:main
[17:24:14] [Render thread/INFO]: Loading client config for completionistsindex
[17:24:15] [Render thread/INFO]: Loaded C2B lib.
[17:24:15] [Render thread/INFO]: [STDOUT]: Initializing Convenient Hitboxes
[17:24:15] [pool-5-thread-1/INFO]: Reloading client config for completionistsindex
[17:24:16] [Render thread/INFO]: Create 6.0.8.1 initializing!
[17:24:18] [Render thread/INFO]: Create Repair 1.2.1 initializing! Commit hash: e781a0b623d5c0948d244deff7a490f53a134537
[17:24:18] [Render thread/INFO]: Create Repair modifies Create heavily to fix bugs! This should be regarded to any log-consumers.
[17:24:18] [Render thread/INFO]: Initializing CreateUltimateFactoryMod
[17:24:19] [Render thread/WARN]: Tried to register an overly high cookTime: 57600 > 32767! (air)
[17:24:19] [Render thread/INFO]: [STDOUT]: Create Crafts & Additions Initialized!
[17:24:19] [Render thread/INFO]: Create cobblestone initializing on platform: Fabric
[17:24:19] [Render thread/INFO]: Registering packets for Create cobblestone
[17:24:19] [Render thread/INFO]: Registering S2C receiver with id createcobblestone:generator_types_packet
[17:24:19] [Render thread/INFO]: Registering blocks for Create cobblestone
[17:24:19] [Render thread/INFO]: Registering blockEntities for Create cobblestone
[17:24:19] [Render thread/INFO]: Create cobblestone is accessing Porting Lib on a Fabric client!
[17:24:19] [Render thread/INFO]: Create Contraption Terminals starting
[17:24:19] [Render thread/INFO]: Registering Items for createfood
[17:24:19] [Render thread/INFO]: Registering Blocks for createfood
[17:24:19] [Render thread/INFO]: Registering Fluids for createfood
[17:24:19] [Render thread/INFO]: Creating default config file: croptopia_v3.conf
[17:24:20] [Render thread/INFO]: Loaded config for: cupboard.json
[17:24:20] [Render thread/INFO]: Initializing DarkbreadMod
[17:24:20] [Render thread/INFO]: Initializing DarkfeatherMod
[17:24:20] [Render thread/INFO]: File exists, reading config for elocindev.deathknights.config.entries.enchants.DecayingEnchantConfig.
[17:24:20] [Render thread/INFO]: Config for elocindev.deathknights.config.entries.enchants.DecayingEnchantConfig read successfully.
[17:24:20] [Render thread/INFO]: File exists, reading config for elocindev.deathknights.config.entries.loot.JewelryLootConfig.
[17:24:20] [Render thread/INFO]: Config for elocindev.deathknights.config.entries.loot.JewelryLootConfig read successfully.
[17:24:20] [Render thread/INFO]: File exists, reading config for elocindev.deathknights.config.entries.spells.frost.ObliterateConfig.
[17:24:20] [Render thread/INFO]: Config for elocindev.deathknights.config.entries.spells.frost.ObliterateConfig read successfully.
[17:24:20] [Render thread/INFO]: File exists, reading config for elocindev.deathknights.config.entries.spells.frost.RemorselessWinterConfig.
[17:24:20] [Render thread/INFO]: Config for elocindev.deathknights.config.entries.spells.frost.RemorselessWinterConfig read successfully.
[17:24:20] [Render thread/INFO]: File exists, reading config for elocindev.deathknights.config.entries.spells.frost.BreathOfAgonyConfig.
[17:24:20] [Render thread/INFO]: Config for elocindev.deathknights.config.entries.spells.frost.BreathOfAgonyConfig read successfully.
[17:24:20] [Render thread/INFO]: File exists, reading config for elocindev.deathknights.config.entries.spells.unholy.PlaguesConfig.
[17:24:20] [Render thread/INFO]: Config for elocindev.deathknights.config.entries.spells.unholy.PlaguesConfig read successfully.
[17:24:20] [Render thread/INFO]: File exists, reading config for elocindev.deathknights.config.entries.spells.unholy.DeathCoilConfig.
[17:24:20] [Render thread/INFO]: Config for elocindev.deathknights.config.entries.spells.unholy.DeathCoilConfig read successfully.
[17:24:20] [Render thread/INFO]: File exists, reading config for elocindev.deathknights.config.entries.spells.unholy.EpidemicConfig.
[17:24:20] [Render thread/INFO]: Config for elocindev.deathknights.config.entries.spells.unholy.EpidemicConfig read successfully.
[17:24:20] [Render thread/INFO]: File exists, reading config for elocindev.deathknights.config.entries.spells.unholy.DeathGripConfig.
[17:24:20] [Render thread/INFO]: Config for elocindev.deathknights.config.entries.spells.unholy.DeathGripConfig read successfully.
[17:24:20] [Render thread/INFO]: File exists, reading config for elocindev.deathknights.config.entries.spells.blood.DeathStrikeConfig.
[17:24:20] [Render thread/INFO]: Config for elocindev.deathknights.config.entries.spells.blood.DeathStrikeConfig read successfully.
[17:24:20] [Render thread/INFO]: File exists, reading config for elocindev.deathknights.config.entries.spells.blood.MarrowrendConfig.
[17:24:20] [Render thread/INFO]: Config for elocindev.deathknights.config.entries.spells.blood.MarrowrendConfig read successfully.
[17:24:20] [Render thread/INFO]: File exists, reading config for elocindev.deathknights.config.entries.spells.blood.BloodBoilConfig.
[17:24:20] [Render thread/INFO]: Config for elocindev.deathknights.config.entries.spells.blood.BloodBoilConfig read successfully.
[17:24:20] [Render thread/INFO]: File exists, reading config for elocindev.deathknights.config.entries.spells.blood.BloodThirstConfig.
[17:24:20] [Render thread/INFO]: Config for elocindev.deathknights.config.entries.spells.blood.BloodThirstConfig read successfully.
[17:24:20] [Render thread/INFO]: Death Knights Config Loaded!
[17:24:20] [Render thread/INFO]: [STDERR]: Failed to resolve EntityAttribute with id: death_knights:unholy
[17:24:20] [Render thread/INFO]: [STDERR]: Failed to resolve EntityAttribute with id: death_knights:unholy
[17:24:20] [Render thread/INFO]: [STDERR]: Failed to resolve EntityAttribute with id: death_knights:blood
[17:24:20] [Render thread/INFO]: [STDERR]: Failed to resolve EntityAttribute with id: death_knights:blood
[17:24:20] [Render thread/INFO]: Death Knights Initialized!
[17:24:20] [Render thread/INFO]: [DRIPPY LOADING SCREEN] Loading v3.0.12 in client-side mode on FABRIC!
[17:24:20] [Render thread/INFO]: Hello Fabric world!
[17:24:20] [Render thread/INFO]: Registering Item Groups for elemental_wizards_rpg
[17:24:20] [Render thread/INFO]: Loaded config :emi_loot_config in 55ms
[17:24:20] [Render thread/INFO]: ExpandAbility here, who dis?
[17:24:20] [Render thread/INFO]: Registering Exp Items for expores
[17:24:20] [Render thread/INFO]: Registering Exp Blocks for expores
[17:24:20] [Render thread/INFO]: Exp Ores works properly!
[17:24:20] [Render thread/INFO]: Hello Fabric world!
[17:24:20] [Render thread/INFO]: Look at the cleanse, look at the moves!
[17:24:20] [Placebo (FakerLib) Patreon Wing Loader/INFO]: Loading patreon wing data...
[17:24:20] [Placebo (FakerLib) Patreon Trail Loader/INFO]: Loading patreon trails data...
[17:24:20] [Render thread/INFO]: [FANCYMENU] Loading v3.6.2 in client-side mode on FABRIC!
[17:24:20] [Placebo (FakerLib) Patreon Trail Loader/INFO]: Loaded 33 patreon trails.
[17:24:20] [Placebo (FakerLib) Patreon Wing Loader/INFO]: Loaded 25 patreon wings.
[17:24:21] [Render thread/ERROR]: No data fixer registered for rotten_tomato
[17:24:21] [Render thread/INFO]: Registering Mod Items for forcemaster_rpg
[17:24:21] [Render thread/INFO]: Registering Item Groups for forcemaster_rpg
[17:24:21] [Render thread/INFO]: Reflections took 78 ms to scan 1 urls, producing 9 keys and 75 values
[17:24:22] [Render thread/ERROR]: No data fixer registered for seat
[17:24:22] [Render thread/INFO]: Registering Particles for frozenlib
[17:24:22] [Render thread/INFO]: Loading config FrozenLibConfig from frozenlib
[17:24:22] [Render thread/INFO]: Saving config FrozenLibConfig from frozenlib
[17:24:22] [Render thread/INFO]: Is initializing.
[17:24:22] [Render thread/INFO]: Has successfully been initialized.
[17:24:23] [Render thread/INFO]: Geode Plus: A Forge/Fabric mod that add geodes to Minecraft Overworld, Nether and even The End!
[17:24:23] [Render thread/ERROR]: No data fixer registered for graveyard:reaper
[17:24:23] [Render thread/ERROR]: No data fixer registered for graveyard:acolyte
[17:24:23] [Render thread/ERROR]: No data fixer registered for graveyard:corrupted_vindicator
[17:24:23] [Render thread/ERROR]: No data fixer registered for graveyard:corrupted_pillager
[17:24:23] [Render thread/ERROR]: No data fixer registered for graveyard:skeleton_creeper
[17:24:23] [Render thread/ERROR]: No data fixer registered for graveyard:falling_corpse
[17:24:23] [Render thread/ERROR]: No data fixer registered for graveyard:ghoul
[17:24:23] [Render thread/ERROR]: No data fixer registered for graveyard:revenant
[17:24:23] [Render thread/ERROR]: No data fixer registered for graveyard:wraith
[17:24:23] [Render thread/ERROR]: No data fixer registered for graveyard:nightmare
[17:24:23] [Render thread/ERROR]: No data fixer registered for graveyard:ghouling
[17:24:23] [Render thread/ERROR]: No data fixer registered for graveyard:lich
[17:24:23] [Render thread/ERROR]: No data fixer registered for graveyard:skull
[17:24:23] [Render thread/ERROR]: No data fixer registered for graveyard:nameless_hanged
[17:24:23] [Render thread/INFO]: Registered JSON trade offer adapter.
[17:24:23] [Render thread/ERROR]: No data fixer registered for handcrafted
[17:24:23] [Render thread/INFO]: Loaded config imbued_gear:items_config in 12ms
[17:24:23] [Render thread/INFO]: Loaded config imbued_gear:materials_config in 29ms
[17:24:23] [Render thread/INFO]: Loaded config imbued_gear:modifiers_config in 8ms
[17:24:23] [Render thread/INFO]: Loaded config imbued_gear:enchants_config in 4ms
[17:24:23] [Render thread/INFO]: Loaded config imbued_gear:bankai in 1ms
[17:24:23] [Render thread/ERROR]: No data fixer registered for immersive_paintings:painting
[17:24:23] [Render thread/ERROR]: No data fixer registered for immersive_paintings:glow_painting
[17:24:23] [Render thread/ERROR]: No data fixer registered for immersive_paintings:graffiti
[17:24:23] [Render thread/ERROR]: No data fixer registered for immersive_paintings:glow_graffiti
[17:24:23] [Render thread/INFO]: Loaded config immersive_weathering-common.json
[17:24:23] [Render thread/INFO]: Loaded config immersive_weathering-client.json
[17:24:24] [Render thread/INFO]: Create: Interiors v0.6.0 initializing! Create version: 6.0.8.1 on platform: Fabric
[17:24:24] [Render thread/INFO]: Hello Fabric world!
[17:24:24] [Render thread/INFO]: [STDOUT]: Hello, Jain's Desserts!
[17:24:24] [Render thread/INFO]: Hello from kevslibrary!
[17:24:24] [Render thread/INFO]: Loading Resourcepack for kevslibrary
[17:24:24] [Render thread/INFO]: Hello from kevstierifymodifiers!
[17:24:24] [Render thread/INFO]: Loading tiered data pack for kevstierifymodifiers
[17:24:24] [Render thread/INFO]: [KONKRETE] Successfully initialized!
[17:24:24] [Render thread/INFO]: [KONKRETE] Server-side libs ready to use!
[17:24:24] [Render thread/INFO]: Compression will use Java, encryption will use Java
[17:24:24] [Render thread/INFO]: Initialize mod Library Ferret
[17:24:24] [Render thread/INFO]: Initialized mod Library Ferret
[17:24:24] [Render thread/INFO]: Registering Item Groups for loot_n_explore
[17:24:24] [Render thread/INFO]: Registering Status Effects for loot_n_explore
[17:24:24] [Render thread/INFO]: Loading magic particles...
[17:24:24] [Render thread/INFO]: Constructing common components for magnumtorch:main
[17:24:24] [Render thread/INFO]: Loaded maxhealthfix for Fabric.
[17:24:25] [Render thread/INFO]: Registering Blocks for mcda
[17:24:25] [Render thread/INFO]: Loading Medieval Origins
[17:24:25] [Render thread/INFO]: Registering Sounds for medievalorigins
[17:24:25] [Render thread/INFO]: [MELODY] Loading Melody background audio library..
[17:24:26] [Render thread/INFO]: Definitely not up to no good
[17:24:26] [Render thread/INFO]: Loaded config moonlight-common.json
[17:24:26] [Render thread/INFO]: Initializing More Potions mod!
[17:24:26] [Render thread/INFO]: Registering Mod Items for more_rpg_classes
[17:24:26] [Render thread/INFO]: Registering Item Groups for more_rpg_classes
[17:24:26] [Render thread/INFO]: Mythic Lib works properly! EROS, ADAMSIN!
[17:24:26] [Render thread/WARN]: @Redirect conflict. Skipping cupboard.mixins.json:CommandExceptionLoggingMixin from mod cupboard->@Redirect::cupboard$logCommandError(Lorg/slf4j/Logger;)Z with priority 200, already redirected by meliuscommands.mixins.json:CommandsMixin from mod melius-commands->@Redirect::redirectIsDebugEnabled(Lorg/slf4j/Logger;)Z with priority 1500
[17:24:26] [Render thread/WARN]: @Redirect conflict. Skipping carpet.mixins.json:Commands_customCommandsMixin from mod carpet->@Redirect::doesOutputCommandStackTrace(Lorg/slf4j/Logger;)Z with priority 1000, already redirected by meliuscommands.mixins.json:CommandsMixin from mod melius-commands->@Redirect::redirectIsDebugEnabled(Lorg/slf4j/Logger;)Z with priority 1500
[17:24:26] [Render thread/INFO]: [Mythic Metals] Have fun using Origins!
[17:24:26] [Render thread/INFO]: [Mythic Metals] Mythic Metals is now initialized.
[17:24:26] [Render thread/INFO]: Registering Mythic Items for mythicupgrades
[17:24:26] [Render thread/INFO]: Registering Mythic Blocks for mythicupgrades
[17:24:26] [Render thread/INFO]: Registering resource pack 32x...
[17:24:26] [Render thread/INFO]: Successfully registered resource pack 32x.
[17:24:26] [Render thread/INFO]: Mythic Upgrades works properly! CAN, ANNENE SELAMLAR KARDESIM! <3
[17:24:26] [Render thread/INFO]: Chase your dreams, no matter the cost. Don't wait for invitations, take action. Making a decision, starting something - that's half the battle of achieving success.
[17:24:26] [Render thread/INFO]: Necronomicon Initialized
[17:24:26] [Render thread/INFO]: File exists, reading config for elocindev.necronomicon.NecronomiconConfig.
[17:24:26] [Render thread/INFO]: Config for elocindev.necronomicon.NecronomiconConfig read successfully.
[17:24:26] [Render thread/INFO]: KONNICHIWA ZA WARUDO!
[17:24:26] [Render thread/INFO]: Default JVM text encoding is: windows-1251
[17:24:26] [Render thread/INFO]: Reading config file NoChatReports/NCR-Common.json...
[17:24:26] [Render thread/INFO]: Reading config file NoChatReports/NCR-Client.json...
[17:24:26] [Render thread/INFO]: Reading config file NoChatReports/NCR-ServerPreferences.json...
[17:24:26] [Render thread/INFO]: Reading config file NoChatReports/NCR-Encryption.json...
[17:24:26] [Render thread/INFO]: Writing config file NoChatReports/NCR-Common.json...
[17:24:26] [Render thread/INFO]: Writing config file NoChatReports/NCR-Client.json...
[17:24:26] [Render thread/INFO]: Writing config file NoChatReports/NCR-ServerPreferences.json...
[17:24:26] [Render thread/INFO]: Writing config file NoChatReports/NCR-Encryption.json...
[17:24:26] [Render thread/INFO]: Client initialization...
[17:24:26] [Render thread/INFO]: Hello Fabric world!
[17:24:26] [Render thread/INFO]: Registering Items for oceansdelight
[17:24:26] [Render thread/INFO]: Registering Blocks for oceansdelight
[17:24:26] [Render thread/INFO]: Registering tabs for oceansdelight
[17:24:26] [Render thread/INFO]: Registering S2C receiver with id octolib:config_sync
[17:24:26] [Render thread/INFO]: Origins 1.10.0 is initializing. Have fun!
[17:24:26] [Render thread/INFO]: Snakes are inherently funny
[17:24:26] [Render thread/INFO]: Packet Fixer has been initialized successfully
[17:24:26] [Render thread/ERROR]: No data fixer registered for perfectplushieapi:wandering_plushie_trader
[17:24:27] [Render thread/INFO]: [Plushables] Finished loading!
[17:24:27] [Render thread/INFO]: Constructing common components for puzzlesapi:iteminteractions
[17:24:27] [Render thread/INFO]: Loading client config for puzzlesapi
[17:24:27] [Render thread/INFO]: Constructing common components for puzzlesapi:slotcycling
[17:24:27] [Render thread/INFO]: Loading client config for puzzlesapi
[17:24:27] [Render thread/INFO]: Constructing common components for puzzlesapi:limitlesscontainers
[17:24:27] [Render thread/INFO]: Constructing common components for puzzleslib:main
[17:24:27] [Render thread/INFO]: Steam 'n' Rails v1.7.2 initializing! Commit hash: 7c1a21e3a4edbd6b5f1301f82a8bfbeb5fdb1444 on Create version: 6.0.8.1 on platform: Fabric
[17:24:27] [Render thread/INFO]: Registered bogey styles from railways
[17:24:27] [pool-5-thread-1/INFO]: Reloading client config for puzzlesapi
[17:24:27] [pool-5-thread-1/INFO]: Reloading client config for puzzlesapi
[17:24:27] [Render thread/INFO]: Registering data fixers
[17:24:27] [Render thread/INFO]: 0 Datafixer optimizations took 3 milliseconds
[17:24:27] [Render thread/INFO]: Found existing entry for create:track_signal in minecraft:block_entity_type
[17:24:27] [Render thread/INFO]: Registering callback for railways:track_signal_source in create:display_source
[17:24:27] [Render thread/INFO]: Found existing entry for create:copycat in minecraft:block_entity_type
[17:24:27] [Render thread/INFO]: Registering callback for railways:conductor_vent in minecraft:block
[17:24:27] [Render thread/INFO]: Found existing entry for create:flywheel in minecraft:block_entity_type
[17:24:27] [Render thread/INFO]: Registering callback for railways:locometal_flywheel in minecraft:block
[17:24:27] [Render thread/INFO]: Found existing entry for create:sliding_door in minecraft:block_entity_type
[17:24:27] [Render thread/INFO]: Registering callback for railways:sliding_locometal_door in minecraft:block
[17:24:27] [Render thread/INFO]: Found existing entry for create:sliding_door in minecraft:block_entity_type
[17:24:27] [Render thread/INFO]: Registering callback for railways:folding_locometal_door in minecraft:block
[17:24:27] [Render thread/INFO]: Found existing entry for create:flywheel in minecraft:block_entity_type
[17:24:27] [Render thread/INFO]: Registering callback for railways:brown_locometal_flywheel in minecraft:block
[17:24:27] [Render thread/INFO]: Found existing entry for create:sliding_door in minecraft:block_entity_type
[17:24:27] [Render thread/INFO]: Registering callback for railways:brown_sliding_locometal_door in minecraft:block
[17:24:27] [Render thread/INFO]: Found existing entry for create:sliding_door in minecraft:block_entity_type
[17:24:27] [Render thread/INFO]: Registering callback for railways:brown_folding_locometal_door in minecraft:block
[17:24:27] [Render thread/INFO]: Found existing entry for create:flywheel in minecraft:block_entity_type
[17:24:27] [Render thread/INFO]: Registering callback for railways:maroon_locometal_flywheel in minecraft:block
[17:24:27] [Render thread/INFO]: Found existing entry for create:sliding_door in minecraft:block_entity_type
[17:24:27] [Render thread/INFO]: Registering callback for railways:maroon_sliding_locometal_door in minecraft:block
[17:24:27] [Render thread/INFO]: Found existing entry for create:sliding_door in minecraft:block_entity_type
[17:24:27] [Render thread/INFO]: Registering callback for railways:maroon_folding_locometal_door in minecraft:block
[17:24:27] [Render thread/INFO]: Found existing entry for create:flywheel in minecraft:block_entity_type
[17:24:27] [Render thread/INFO]: Registering callback for railways:red_locometal_flywheel in minecraft:block
[17:24:27] [Render thread/INFO]: Found existing entry for create:sliding_door in minecraft:block_entity_type
[17:24:27] [Render thread/INFO]: Registering callback for railways:red_sliding_locometal_door in minecraft:block
[17:24:27] [Render thread/INFO]: Found existing entry for create:sliding_door in minecraft:block_entity_type
[17:24:27] [Render thread/INFO]: Registering callback for railways:red_folding_locometal_door in minecraft:block
[17:24:27] [Render thread/INFO]: Found existing entry for create:flywheel in minecraft:block_entity_type
[17:24:27] [Render thread/INFO]: Registering callback for railways:vermilion_locometal_flywheel in minecraft:block
[17:24:27] [Render thread/INFO]: Found existing entry for create:sliding_door in minecraft:block_entity_type
[17:24:27] [Render thread/INFO]: Registering callback for railways:vermilion_sliding_locometal_door in minecraft:block
[17:24:27] [Render thread/INFO]: Found existing entry for create:sliding_door in minecraft:block_entity_type
[17:24:27] [Render thread/INFO]: Registering callback for railways:vermilion_folding_locometal_door in minecraft:block
[17:24:27] [Render thread/INFO]: Found existing entry for create:flywheel in minecraft:block_entity_type
[17:24:27] [Render thread/INFO]: Registering callback for railways:orange_locometal_flywheel in minecraft:block
[17:24:27] [Render thread/INFO]: Found existing entry for create:sliding_door in minecraft:block_entity_type
[17:24:27] [Render thread/INFO]: Registering callback for railways:orange_sliding_locometal_door in minecraft:block
[17:24:27] [Render thread/INFO]: Found existing entry for create:sliding_door in minecraft:block_entity_type
[17:24:27] [Render thread/INFO]: Registering callback for railways:orange_folding_locometal_door in minecraft:block
[17:24:27] [Render thread/INFO]: Found existing entry for create:flywheel in minecraft:block_entity_type
[17:24:27] [Render thread/INFO]: Registering callback for railways:granite_locometal_flywheel in minecraft:block
[17:24:27] [Render thread/INFO]: Found existing entry for create:sliding_door in minecraft:block_entity_type
[17:24:27] [Render thread/INFO]: Registering callback for railways:granite_sliding_locometal_door in minecraft:block
[17:24:27] [Render thread/INFO]: Found existing entry for create:sliding_door in minecraft:block_entity_type
[17:24:27] [Render thread/INFO]: Registering callback for railways:granite_folding_locometal_door in minecraft:block
[17:24:27] [Render thread/INFO]: Found existing entry for create:flywheel in minecraft:block_entity_type
[17:24:27] [Render thread/INFO]: Registering callback for railways:dripstone_locometal_flywheel in minecraft:block
[17:24:27] [Render thread/INFO]: Found existing entry for create:sliding_door in minecraft:block_entity_type
[17:24:27] [Render thread/INFO]: Registering callback for railways:dripstone_sliding_locometal_door in minecraft:block
[17:24:27] [Render thread/INFO]: Found existing entry for create:sliding_door in minecraft:block_entity_type
[17:24:27] [Render thread/INFO]: Registering callback for railways:dripstone_folding_locometal_door in minecraft:block
[17:24:28] [Render thread/INFO]: Found existing entry for create:flywheel in minecraft:block_entity_type
[17:24:28] [Render thread/INFO]: Registering callback for railways:ochrum_locometal_flywheel in minecraft:block
[17:24:28] [Render thread/INFO]: Found existing entry for create:sliding_door in minecraft:block_entity_type
[17:24:28] [Render thread/INFO]: Registering callback for railways:ochrum_sliding_locometal_door in minecraft:block
[17:24:28] [Render thread/INFO]: Found existing entry for create:sliding_door in minecraft:block_entity_type
[17:24:28] [Render thread/INFO]: Registering callback for railways:ochrum_folding_locometal_door in minecraft:block
[17:24:28] [Render thread/INFO]: Found existing entry for create:flywheel in minecraft:block_entity_type
[17:24:28] [Render thread/INFO]: Registering callback for railways:yellow_locometal_flywheel in minecraft:block
[17:24:28] [Render thread/INFO]: Found existing entry for create:sliding_door in minecraft:block_entity_type
[17:24:28] [Render thread/INFO]: Registering callback for railways:yellow_sliding_locometal_door in minecraft:block
[17:24:28] [Render thread/INFO]: Found existing entry for create:sliding_door in minecraft:block_entity_type
[17:24:28] [Render thread/INFO]: Registering callback for railways:yellow_folding_locometal_door in minecraft:block
[17:24:28] [Render thread/INFO]: Found existing entry for create:flywheel in minecraft:block_entity_type
[17:24:28] [Render thread/INFO]: Registering callback for railways:chartreuse_locometal_flywheel in minecraft:block
[17:24:28] [Render thread/INFO]: Found existing entry for create:sliding_door in minecraft:block_entity_type
[17:24:28] [Render thread/INFO]: Registering callback for railways:chartreuse_sliding_locometal_door in minecraft:block
[17:24:28] [Render thread/INFO]: Found existing entry for create:sliding_door in minecraft:block_entity_type
[17:24:28] [Render thread/INFO]: Registering callback for railways:chartreuse_folding_locometal_door in minecraft:block
[17:24:28] [Render thread/INFO]: Found existing entry for create:flywheel in minecraft:block_entity_type
[17:24:28] [Render thread/INFO]: Registering callback for railways:olive_green_locometal_flywheel in minecraft:block
[17:24:28] [Render thread/INFO]: Found existing entry for create:sliding_door in minecraft:block_entity_type
[17:24:28] [Render thread/INFO]: Registering callback for railways:olive_green_sliding_locometal_door in minecraft:block
[17:24:28] [Render thread/INFO]: Found existing entry for create:sliding_door in minecraft:block_entity_type
[17:24:28] [Render thread/INFO]: Registering callback for railways:olive_green_folding_locometal_door in minecraft:block
[17:24:28] [Render thread/INFO]: Found existing entry for create:flywheel in minecraft:block_entity_type
[17:24:28] [Render thread/INFO]: Registering callback for railways:lime_locometal_flywheel in minecraft:block
[17:24:28] [Render thread/INFO]: Found existing entry for create:sliding_door in minecraft:block_entity_type
[17:24:28] [Render thread/INFO]: Registering callback for railways:lime_sliding_locometal_door in minecraft:block
[17:24:28] [Render thread/INFO]: Found existing entry for create:sliding_door in minecraft:block_entity_type
[17:24:28] [Render thread/INFO]: Registering callback for railways:lime_folding_locometal_door in minecraft:block
[17:24:28] [Render thread/INFO]: Found existing entry for create:flywheel in minecraft:block_entity_type
[17:24:28] [Render thread/INFO]: Registering callback for railways:green_locometal_flywheel in minecraft:block
[17:24:28] [Render thread/INFO]: Found existing entry for create:sliding_door in minecraft:block_entity_type
[17:24:28] [Render thread/INFO]: Registering callback for railways:green_sliding_locometal_door in minecraft:block
[17:24:28] [Render thread/INFO]: Found existing entry for create:sliding_door in minecraft:block_entity_type
[17:24:28] [Render thread/INFO]: Registering callback for railways:green_folding_locometal_door in minecraft:block
[17:24:28] [Render thread/INFO]: Found existing entry for create:flywheel in minecraft:block_entity_type
[17:24:28] [Render thread/INFO]: Registering callback for railways:pine_green_locometal_flywheel in minecraft:block
[17:24:28] [Render thread/INFO]: Found existing entry for create:sliding_door in minecraft:block_entity_type
[17:24:28] [Render thread/INFO]: Registering callback for railways:pine_green_sliding_locometal_door in minecraft:block
[17:24:28] [Render thread/INFO]: Found existing entry for create:sliding_door in minecraft:block_entity_type
[17:24:28] [Render thread/INFO]: Registering callback for railways:pine_green_folding_locometal_door in minecraft:block
[17:24:28] [Render thread/INFO]: Found existing entry for create:flywheel in minecraft:block_entity_type
[17:24:28] [Render thread/INFO]: Registering callback for railways:cyan_locometal_flywheel in minecraft:block
[17:24:28] [Render thread/INFO]: Found existing entry for create:sliding_door in minecraft:block_entity_type
[17:24:28] [Render thread/INFO]: Registering callback for railways:cyan_sliding_locometal_door in minecraft:block
[17:24:28] [Render thread/INFO]: Found existing entry for create:sliding_door in minecraft:block_entity_type
[17:24:28] [Render thread/INFO]: Registering callback for railways:cyan_folding_locometal_door in minecraft:block
[17:24:28] [Render thread/INFO]: Found existing entry for create:flywheel in minecraft:block_entity_type
[17:24:28] [Render thread/INFO]: Registering callback for railways:sea_green_locometal_flywheel in minecraft:block
[17:24:28] [Render thread/INFO]: Found existing entry for create:sliding_door in minecraft:block_entity_type
[17:24:28] [Render thread/INFO]: Registering callback for railways:sea_green_sliding_locometal_door in minecraft:block
[17:24:28] [Render thread/INFO]: Found existing entry for create:sliding_door in minecraft:block_entity_type
[17:24:28] [Render thread/INFO]: Registering callback for railways:sea_green_folding_locometal_door in minecraft:block
[17:24:28] [Render thread/INFO]: Found existing entry for create:flywheel in minecraft:block_entity_type
[17:24:28] [Render thread/INFO]: Registering callback for railways:turquoise_locometal_flywheel in minecraft:block
[17:24:28] [Render thread/INFO]: Found existing entry for create:sliding_door in minecraft:block_entity_type
[17:24:28] [Render thread/INFO]: Registering callback for railways:turquoise_sliding_locometal_door in minecraft:block
[17:24:28] [Render thread/INFO]: Found existing entry for create:sliding_door in minecraft:block_entity_type
[17:24:28] [Render thread/INFO]: Registering callback for railways:turquoise_folding_locometal_door in minecraft:block
[17:24:28] [Render thread/INFO]: Found existing entry for create:flywheel in minecraft:block_entity_type
[17:24:28] [Render thread/INFO]: Registering callback for railways:light_blue_locometal_flywheel in minecraft:block
[17:24:28] [Render thread/INFO]: Found existing entry for create:sliding_door in minecraft:block_entity_type
[17:24:28] [Render thread/INFO]: Registering callback for railways:light_blue_sliding_locometal_door in minecraft:block
[17:24:28] [Render thread/INFO]: Found existing entry for create:sliding_door in minecraft:block_entity_type
[17:24:28] [Render thread/INFO]: Registering callback for railways:light_blue_folding_locometal_door in minecraft:block
[17:24:28] [Render thread/INFO]: Found existing entry for create:flywheel in minecraft:block_entity_type
[17:24:28] [Render thread/INFO]: Registering callback for railways:blue_locometal_flywheel in minecraft:block
[17:24:28] [Render thread/INFO]: Found existing entry for create:sliding_door in minecraft:block_entity_type
[17:24:28] [Render thread/INFO]: Registering callback for railways:blue_sliding_locometal_door in minecraft:block
[17:24:28] [Render thread/INFO]: Found existing entry for create:sliding_door in minecraft:block_entity_type
[17:24:28] [Render thread/INFO]: Registering callback for railways:blue_folding_locometal_door in minecraft:block
[17:24:28] [Render thread/INFO]: Found existing entry for create:flywheel in minecraft:block_entity_type
[17:24:28] [Render thread/INFO]: Registering callback for railways:royal_blue_locometal_flywheel in minecraft:block
[17:24:28] [Render thread/INFO]: Found existing entry for create:sliding_door in minecraft:block_entity_type
[17:24:28] [Render thread/INFO]: Registering callback for railways:royal_blue_sliding_locometal_door in minecraft:block
[17:24:28] [Render thread/INFO]: Found existing entry for create:sliding_door in minecraft:block_entity_type
[17:24:28] [Render thread/INFO]: Registering callback for railways:royal_blue_folding_locometal_door in minecraft:block
[17:24:28] [Render thread/INFO]: Found existing entry for create:flywheel in minecraft:block_entity_type
[17:24:28] [Render thread/INFO]: Registering callback for railways:purple_locometal_flywheel in minecraft:block
[17:24:28] [Render thread/INFO]: Found existing entry for create:sliding_door in minecraft:block_entity_type
[17:24:28] [Render thread/INFO]: Registering callback for railways:purple_sliding_locometal_door in minecraft:block
[17:24:28] [Render thread/INFO]: Found existing entry for create:sliding_door in minecraft:block_entity_type
[17:24:28] [Render thread/INFO]: Registering callback for railways:purple_folding_locometal_door in minecraft:block
[17:24:28] [Render thread/INFO]: Found existing entry for create:flywheel in minecraft:block_entity_type
[17:24:28] [Render thread/INFO]: Registering callback for railways:magenta_locometal_flywheel in minecraft:block
[17:24:28] [Render thread/INFO]: Found existing entry for create:sliding_door in minecraft:block_entity_type
[17:24:28] [Render thread/INFO]: Registering callback for railways:magenta_sliding_locometal_door in minecraft:block
[17:24:28] [Render thread/INFO]: Found existing entry for create:sliding_door in minecraft:block_entity_type
[17:24:28] [Render thread/INFO]: Registering callback for railways:magenta_folding_locometal_door in minecraft:block
[17:24:28] [Render thread/INFO]: Found existing entry for create:flywheel in minecraft:block_entity_type
[17:24:28] [Render thread/INFO]: Registering callback for railways:pink_locometal_flywheel in minecraft:block
[17:24:28] [Render thread/INFO]: Found existing entry for create:sliding_door in minecraft:block_entity_type
[17:24:28] [Render thread/INFO]: Registering callback for railways:pink_sliding_locometal_door in minecraft:block
[17:24:28] [Render thread/INFO]: Found existing entry for create:sliding_door in minecraft:block_entity_type
[17:24:28] [Render thread/INFO]: Registering callback for railways:pink_folding_locometal_door in minecraft:block
[17:24:28] [Render thread/INFO]: Found existing entry for create:flywheel in minecraft:block_entity_type
[17:24:28] [Render thread/INFO]: Registering callback for railways:white_locometal_flywheel in minecraft:block
[17:24:28] [Render thread/INFO]: Found existing entry for create:sliding_door in minecraft:block_entity_type
[17:24:28] [Render thread/INFO]: Registering callback for railways:white_sliding_locometal_door in minecraft:block
[17:24:28] [Render thread/INFO]: Found existing entry for create:sliding_door in minecraft:block_entity_type
[17:24:28] [Render thread/INFO]: Registering callback for railways:white_folding_locometal_door in minecraft:block
[17:24:28] [Render thread/INFO]: Found existing entry for create:flywheel in minecraft:block_entity_type
[17:24:28] [Render thread/INFO]: Registering callback for railways:diorite_locometal_flywheel in minecraft:block
[17:24:28] [Render thread/INFO]: Found existing entry for create:sliding_door in minecraft:block_entity_type
[17:24:28] [Render thread/INFO]: Registering callback for railways:diorite_sliding_locometal_door in minecraft:block
[17:24:28] [Render thread/INFO]: Found existing entry for create:sliding_door in minecraft:block_entity_type
[17:24:28] [Render thread/INFO]: Registering callback for railways:diorite_folding_locometal_door in minecraft:block
[17:24:28] [Render thread/INFO]: Found existing entry for create:flywheel in minecraft:block_entity_type
[17:24:28] [Render thread/INFO]: Registering callback for railways:limestone_locometal_flywheel in minecraft:block
[17:24:28] [Render thread/INFO]: Found existing entry for create:sliding_door in minecraft:block_entity_type
[17:24:28] [Render thread/INFO]: Registering callback for railways:limestone_sliding_locometal_door in minecraft:block
[17:24:28] [Render thread/INFO]: Found existing entry for create:sliding_door in minecraft:block_entity_type
[17:24:28] [Render thread/INFO]: Registering callback for railways:limestone_folding_locometal_door in minecraft:block
[17:24:28] [Render thread/INFO]: Found existing entry for create:flywheel in minecraft:block_entity_type
[17:24:28] [Render thread/INFO]: Registering callback for railways:light_gray_locometal_flywheel in minecraft:block
[17:24:28] [Render thread/INFO]: Found existing entry for create:sliding_door in minecraft:block_entity_type
[17:24:28] [Render thread/INFO]: Registering callback for railways:light_gray_sliding_locometal_door in minecraft:block
[17:24:28] [Render thread/INFO]: Found existing entry for create:sliding_door in minecraft:block_entity_type
[17:24:28] [Render thread/INFO]: Registering callback for railways:light_gray_folding_locometal_door in minecraft:block
[17:24:28] [Render thread/INFO]: Found existing entry for create:flywheel in minecraft:block_entity_type
[17:24:28] [Render thread/INFO]: Registering callback for railways:tuff_locometal_flywheel in minecraft:block
[17:24:28] [Render thread/INFO]: Found existing entry for create:sliding_door in minecraft:block_entity_type
[17:24:28] [Render thread/INFO]: Registering callback for railways:tuff_sliding_locometal_door in minecraft:block
[17:24:28] [Render thread/INFO]: Found existing entry for create:sliding_door in minecraft:block_entity_type
[17:24:28] [Render thread/INFO]: Registering callback for railways:tuff_folding_locometal_door in minecraft:block
[17:24:28] [Render thread/INFO]: Found existing entry for create:flywheel in minecraft:block_entity_type
[17:24:28] [Render thread/INFO]: Registering callback for railways:gray_locometal_flywheel in minecraft:block
[17:24:28] [Render thread/INFO]: Found existing entry for create:sliding_door in minecraft:block_entity_type
[17:24:28] [Render thread/INFO]: Registering callback for railways:gray_sliding_locometal_door in minecraft:block
[17:24:28] [Render thread/INFO]: Found existing entry for create:sliding_door in minecraft:block_entity_type
[17:24:28] [Render thread/INFO]: Registering callback for railways:gray_folding_locometal_door in minecraft:block
[17:24:28] [Render thread/INFO]: Found existing entry for create:flywheel in minecraft:block_entity_type
[17:24:28] [Render thread/INFO]: Registering callback for railways:scorchia_locometal_flywheel in minecraft:block
[17:24:28] [Render thread/INFO]: Found existing entry for create:sliding_door in minecraft:block_entity_type
[17:24:28] [Render thread/INFO]: Registering callback for railways:scorchia_sliding_locometal_door in minecraft:block
[17:24:28] [Render thread/INFO]: Found existing entry for create:sliding_door in minecraft:block_entity_type
[17:24:28] [Render thread/INFO]: Registering callback for railways:scorchia_folding_locometal_door in minecraft:block
[17:24:28] [Render thread/INFO]: Found existing entry for create:flywheel in minecraft:block_entity_type
[17:24:28] [Render thread/INFO]: Registering callback for railways:black_locometal_flywheel in minecraft:block
[17:24:28] [Render thread/INFO]: Found existing entry for create:sliding_door in minecraft:block_entity_type
[17:24:28] [Render thread/INFO]: Registering callback for railways:black_sliding_locometal_door in minecraft:block
[17:24:28] [Render thread/INFO]: Found existing entry for create:sliding_door in minecraft:block_entity_type
[17:24:28] [Render thread/INFO]: Registering callback for railways:black_folding_locometal_door in minecraft:block
[17:24:28] [Render thread/INFO]: Registering tracks for Hex Casting
[17:24:28] [Render thread/INFO]: Registering tracks for Oh The Biomes You'll Go
[17:24:28] [Render thread/INFO]: Registering tracks for Blue Skies
[17:24:28] [Render thread/INFO]: Registering tracks for Twilight Forest
[17:24:28] [Render thread/INFO]: Registering tracks for Biomes O' Plenty
[17:24:28] [Render thread/INFO]: Registering tracks for Nature's Spirit
[17:24:28] [Render thread/INFO]: Registering tracks for Dreams and Desires
[17:24:28] [Render thread/INFO]: Registering tracks for Quark
[17:24:28] [Render thread/INFO]: Registering tracks for TerraFirmaCraft
[17:24:28] [Render thread/INFO]: Running callback for create:copycat and railways:conductor_vent
[17:24:28] [Render thread/INFO]: Running callback for create:flywheel and railways:locometal_flywheel
[17:24:28] [Render thread/INFO]: Running callback for create:sliding_door and railways:sliding_locometal_door
[17:24:28] [Render thread/INFO]: Running callback for create:sliding_door and railways:folding_locometal_door
[17:24:28] [Render thread/INFO]: Running callback for create:flywheel and railways:brown_locometal_flywheel
[17:24:28] [Render thread/INFO]: Running callback for create:sliding_door and railways:brown_sliding_locometal_door
[17:24:28] [Render thread/INFO]: Running callback for create:sliding_door and railways:brown_folding_locometal_door
[17:24:28] [Render thread/INFO]: Running callback for create:flywheel and railways:maroon_locometal_flywheel
[17:24:28] [Render thread/INFO]: Running callback for create:sliding_door and railways:maroon_sliding_locometal_door
[17:24:28] [Render thread/INFO]: Running callback for create:sliding_door and railways:maroon_folding_locometal_door
[17:24:28] [Render thread/INFO]: Running callback for create:flywheel and railways:red_locometal_flywheel
[17:24:28] [Render thread/INFO]: Running callback for create:sliding_door and railways:red_sliding_locometal_door
[17:24:28] [Render thread/INFO]: Running callback for create:sliding_door and railways:red_folding_locometal_door
[17:24:28] [Render thread/INFO]: Running callback for create:flywheel and railways:vermilion_locometal_flywheel
[17:24:28] [Render thread/INFO]: Running callback for create:sliding_door and railways:vermilion_sliding_locometal_door
[17:24:28] [Render thread/INFO]: Running callback for create:sliding_door and railways:vermilion_folding_locometal_door
[17:24:28] [Render thread/INFO]: Running callback for create:flywheel and railways:orange_locometal_flywheel
[17:24:28] [Render thread/INFO]: Running callback for create:sliding_door and railways:orange_sliding_locometal_door
[17:24:28] [Render thread/INFO]: Running callback for create:sliding_door and railways:orange_folding_locometal_door
[17:24:28] [Render thread/INFO]: Running callback for create:flywheel and railways:granite_locometal_flywheel
[17:24:28] [Render thread/INFO]: Running callback for create:sliding_door and railways:granite_sliding_locometal_door
[17:24:28] [Render thread/INFO]: Running callback for create:sliding_door and railways:granite_folding_locometal_door
[17:24:28] [Render thread/INFO]: Running callback for create:flywheel and railways:dripstone_locometal_flywheel
[17:24:28] [Render thread/INFO]: Running callback for create:sliding_door and railways:dripstone_sliding_locometal_door
[17:24:28] [Render thread/INFO]: Running callback for create:sliding_door and railways:dripstone_folding_locometal_door
[17:24:28] [Render thread/INFO]: Running callback for create:flywheel and railways:ochrum_locometal_flywheel
[17:24:28] [Render thread/INFO]: Running callback for create:sliding_door and railways:ochrum_sliding_locometal_door
[17:24:28] [Render thread/INFO]: Running callback for create:sliding_door and railways:ochrum_folding_locometal_door
[17:24:28] [Render thread/INFO]: Running callback for create:flywheel and railways:yellow_locometal_flywheel
[17:24:28] [Render thread/INFO]: Running callback for create:sliding_door and railways:yellow_sliding_locometal_door
[17:24:28] [Render thread/INFO]: Running callback for create:sliding_door and railways:yellow_folding_locometal_door
[17:24:28] [Render thread/INFO]: Running callback for create:flywheel and railways:chartreuse_locometal_flywheel
[17:24:28] [Render thread/INFO]: Running callback for create:sliding_door and railways:chartreuse_sliding_locometal_door
[17:24:28] [Render thread/INFO]: Running callback for create:sliding_door and railways:chartreuse_folding_locometal_door
[17:24:28] [Render thread/INFO]: Running callback for create:flywheel and railways:olive_green_locometal_flywheel
[17:24:28] [Render thread/INFO]: Running callback for create:sliding_door and railways:olive_green_sliding_locometal_door
[17:24:28] [Render thread/INFO]: Running callback for create:sliding_door and railways:olive_green_folding_locometal_door
[17:24:28] [Render thread/INFO]: Running callback for create:flywheel and railways:lime_locometal_flywheel
[17:24:28] [Render thread/INFO]: Running callback for create:sliding_door and railways:lime_sliding_locometal_door
[17:24:28] [Render thread/INFO]: Running callback for create:sliding_door and railways:lime_folding_locometal_door
[17:24:28] [Render thread/INFO]: Running callback for create:flywheel and railways:green_locometal_flywheel
[17:24:28] [Render thread/INFO]: Running callback for create:sliding_door and railways:green_sliding_locometal_door
[17:24:28] [Render thread/INFO]: Running callback for create:sliding_door and railways:green_folding_locometal_door
[17:24:28] [Render thread/INFO]: Running callback for create:flywheel and railways:pine_green_locometal_flywheel
[17:24:28] [Render thread/INFO]: Running callback for create:sliding_door and railways:pine_green_sliding_locometal_door
[17:24:28] [Render thread/INFO]: Running callback for create:sliding_door and railways:pine_green_folding_locometal_door
[17:24:28] [Render thread/INFO]: Running callback for create:flywheel and railways:cyan_locometal_flywheel
[17:24:28] [Render thread/INFO]: Running callback for create:sliding_door and railways:cyan_sliding_locometal_door
[17:24:28] [Render thread/INFO]: Running callback for create:sliding_door and railways:cyan_folding_locometal_door
[17:24:28] [Render thread/INFO]: Running callback for create:flywheel and railways:sea_green_locometal_flywheel
[17:24:28] [Render thread/INFO]: Running callback for create:sliding_door and railways:sea_green_sliding_locometal_door
[17:24:28] [Render thread/INFO]: Running callback for create:sliding_door and railways:sea_green_folding_locometal_door
[17:24:28] [Render thread/INFO]: Running callback for create:flywheel and railways:turquoise_locometal_flywheel
[17:24:28] [Render thread/INFO]: Running callback for create:sliding_door and railways:turquoise_sliding_locometal_door
[17:24:28] [Render thread/INFO]: Running callback for create:sliding_door and railways:turquoise_folding_locometal_door
[17:24:28] [Render thread/INFO]: Running callback for create:flywheel and railways:light_blue_locometal_flywheel
[17:24:28] [Render thread/INFO]: Running callback for create:sliding_door and railways:light_blue_sliding_locometal_door
[17:24:28] [Render thread/INFO]: Running callback for create:sliding_door and railways:light_blue_folding_locometal_door
[17:24:28] [Render thread/INFO]: Running callback for create:flywheel and railways:blue_locometal_flywheel
[17:24:28] [Render thread/INFO]: Running callback for create:sliding_door and railways:blue_sliding_locometal_door
[17:24:28] [Render thread/INFO]: Running callback for create:sliding_door and railways:blue_folding_locometal_door
[17:24:28] [Render thread/INFO]: Running callback for create:flywheel and railways:royal_blue_locometal_flywheel
[17:24:28] [Render thread/INFO]: Running callback for create:sliding_door and railways:royal_blue_sliding_locometal_door
[17:24:28] [Render thread/INFO]: Running callback for create:sliding_door and railways:royal_blue_folding_locometal_door
[17:24:28] [Render thread/INFO]: Running callback for create:flywheel and railways:purple_locometal_flywheel
[17:24:28] [Render thread/INFO]: Running callback for create:sliding_door and railways:purple_sliding_locometal_door
[17:24:28] [Render thread/INFO]: Running callback for create:sliding_door and railways:purple_folding_locometal_door
[17:24:28] [Render thread/INFO]: Running callback for create:flywheel and railways:magenta_locometal_flywheel
[17:24:28] [Render thread/INFO]: Running callback for create:sliding_door and railways:magenta_sliding_locometal_door
[17:24:28] [Render thread/INFO]: Running callback for create:sliding_door and railways:magenta_folding_locometal_door
[17:24:28] [Render thread/INFO]: Running callback for create:flywheel and railways:pink_locometal_flywheel
[17:24:28] [Render thread/INFO]: Running callback for create:sliding_door and railways:pink_sliding_locometal_door
[17:24:28] [Render thread/INFO]: Running callback for create:sliding_door and railways:pink_folding_locometal_door
[17:24:28] [Render thread/INFO]: Running callback for create:flywheel and railways:white_locometal_flywheel
[17:24:28] [Render thread/INFO]: Running callback for create:sliding_door and railways:white_sliding_locometal_door
[17:24:28] [Render thread/INFO]: Running callback for create:sliding_door and railways:white_folding_locometal_door
[17:24:28] [Render thread/INFO]: Running callback for create:flywheel and railways:diorite_locometal_flywheel
[17:24:28] [Render thread/INFO]: Running callback for create:sliding_door and railways:diorite_sliding_locometal_door
[17:24:28] [Render thread/INFO]: Running callback for create:sliding_door and railways:diorite_folding_locometal_door
[17:24:28] [Render thread/INFO]: Running callback for create:flywheel and railways:limestone_locometal_flywheel
[17:24:28] [Render thread/INFO]: Running callback for create:sliding_door and railways:limestone_sliding_locometal_door
[17:24:28] [Render thread/INFO]: Running callback for create:sliding_door and railways:limestone_folding_locometal_door
[17:24:28] [Render thread/INFO]: Running callback for create:flywheel and railways:light_gray_locometal_flywheel
[17:24:28] [Render thread/INFO]: Running callback for create:sliding_door and railways:light_gray_sliding_locometal_door
[17:24:28] [Render thread/INFO]: Running callback for create:sliding_door and railways:light_gray_folding_locometal_door
[17:24:28] [Render thread/INFO]: Running callback for create:flywheel and railways:tuff_locometal_flywheel
[17:24:28] [Render thread/INFO]: Running callback for create:sliding_door and railways:tuff_sliding_locometal_door
[17:24:28] [Render thread/INFO]: Running callback for create:sliding_door and railways:tuff_folding_locometal_door
[17:24:28] [Render thread/INFO]: Running callback for create:flywheel and railways:gray_locometal_flywheel
[17:24:28] [Render thread/INFO]: Running callback for create:sliding_door and railways:gray_sliding_locometal_door
[17:24:28] [Render thread/INFO]: Running callback for create:sliding_door and railways:gray_folding_locometal_door
[17:24:28] [Render thread/INFO]: Running callback for create:flywheel and railways:scorchia_locometal_flywheel
[17:24:28] [Render thread/INFO]: Running callback for create:sliding_door and railways:scorchia_sliding_locometal_door
[17:24:28] [Render thread/INFO]: Running callback for create:sliding_door and railways:scorchia_folding_locometal_door
[17:24:28] [Render thread/INFO]: Running callback for create:flywheel and railways:black_locometal_flywheel
[17:24:28] [Render thread/INFO]: Running callback for create:sliding_door and railways:black_sliding_locometal_door
[17:24:28] [Render thread/INFO]: Running callback for create:sliding_door and railways:black_folding_locometal_door
[17:24:28] [Render thread/INFO]: Running callback for create:track_signal and railways:track_signal_source
[17:24:28] [Render thread/INFO]: Running finalizers
[17:24:28] [Render thread/INFO]: Hello Fabric world!
[17:24:28] [Render thread/INFO]: File exists, reading config for elocindev.rebalance.config.ReBalanceConfig.
[17:24:28] [Render thread/INFO]: Config for elocindev.rebalance.config.ReBalanceConfig read successfully.
[17:24:28] [Render thread/INFO]: Registered synced data key refurbished_furniture:lock_yaw for refurbished_furniture:seat
[17:24:28] [Render thread/INFO]: Loading RPGMANA
[17:24:28] [Render thread/INFO]: Loading [Fabric Seasons] Compat
[17:24:29] [Render thread/INFO]: [Fabric Seasons] Trying to read config file...
[17:24:29] [Render thread/INFO]: [Fabric Seasons] A config file was found, loading it..
[17:24:29] [Render thread/INFO]: [Fabric Seasons] Successfully loaded config file.
[17:24:29] [Render thread/INFO]: [Fabric Seasons] Successfully loaded seasonscroptopiacompat 1.0 for croptopia 2.2.2
[17:24:29] [Render thread/INFO]: [Fabric Seasons] Successfully loaded seasonsdelightcompat 1.0 for farmersdelight 1.3.9
[17:24:29] [Render thread/INFO]: [ServerCore] Loaded V1.5.2+1.20.1!
[17:24:29] [Render thread/INFO]: Shield API initialized!
[17:24:29] [Render thread/INFO]: Registering Config Files for simplymore
[17:24:29] [Render thread/INFO]: Registering Status Effects for simplymore
[17:24:29] [Render thread/INFO]: Registering Entities for simplymore
[17:24:29] [Render thread/ERROR]: No data fixer registered for crow
[17:24:29] [Render thread/ERROR]: No data fixer registered for ghost_falling_block
[17:24:29] [Render thread/INFO]: Registering Items for simplymore
[17:24:29] [Render thread/INFO]: Registering Tags for simplymore
[17:24:29] [Render thread/INFO]: simplymore Initialized Successfully!
[17:24:29] [Render thread/ERROR]: No data fixer registered for battlestandard
[17:24:29] [Render thread/ERROR]: No data fixer registered for battlestandarddark
[17:24:29] [Render thread/ERROR]: No data fixer registered for simplyswords:simplybeeentity
[17:24:29] [Render thread/INFO]: [STDOUT]: C:\Users\Dark\curseforge\minecraft\Instances\DarkRPG - RPG with Magic Origins Quests Adventure (1)\config
[17:24:29] [Render thread/INFO]: Registering Mythic Metals compat Items for simplyswords
[17:24:29] [Render thread/INFO]: Hello Fabric world!
[17:24:29] [Render thread/INFO]: Constructing common components for slotcycler:main
[17:24:30] [Render thread/INFO]: Config initialized!
[17:24:30] [Render thread/INFO]: Successfully initialized Geckolib!
[17:24:30] [Render thread/INFO]: Successfully registered SoulsWeapons content!
[17:24:30] [Render thread/INFO]: Successfully registered built-in 2D model resourcepack!
[17:24:30] [Render thread/INFO]: Successfully registered built-in Legacy 2D Models resourcepack!
[17:24:30] [Render thread/INFO]: Successfully registered built-in Legacy 3D Models resourcepack!
[17:24:30] [Render thread/INFO]: Successfully registered built-in Fresh Animations Compat. resourcepack!
[17:24:30] [Render thread/INFO]: Initializing done, time taken: 353ms
[17:24:30] [Render thread/INFO]: Spell Engine x Open Parties and Claims
[17:24:30] [Render thread/INFO]: Hello Fabric world!
[17:24:30] [Render thread/INFO]: Registering S2C receiver with id structurecredits:structure_name_sync
[17:24:30] [Render thread/INFO]: Initializing Stunning Statues!
[17:24:30] [Render thread/INFO]: Registered region minecraft:overworld to index 0 for type OVERWORLD
[17:24:30] [Render thread/INFO]: Registered region minecraft:nether to index 0 for type NETHER
[17:24:30] [Render thread/INFO]: Registered region batsgalore:main_overworld to index 1 for type OVERWORLD
[17:24:30] [Render thread/INFO]: Registered region clutter:overworld to index 2 for type OVERWORLD
[17:24:30] [Render thread/INFO]: Registered region nyctophobia:biome_provider to index 3 for type OVERWORLD
[17:24:30] [Render thread/INFO]: Registered region regions_unexplored:primary to index 4 for type OVERWORLD
[17:24:30] [Render thread/INFO]: Registered region regions_unexplored:secondary to index 5 for type OVERWORLD
[17:24:30] [Render thread/INFO]: Registered region regions_unexplored:nether to index 1 for type NETHER
[17:24:30] [Render thread/INFO]: Registered region wilderwild:overworld to index 6 for type OVERWORLD
[17:24:30] [Render thread/INFO]: Registered region yungscavebiomes:overworld to index 7 for type OVERWORLD
[17:24:30] [Render thread/INFO]: Initializing Throwable Fluids!
[17:24:30] [Render thread/INFO]: File exists, reading config for elocindev.tierify.config.CommonConfig.
[17:24:30] [Render thread/INFO]: Config for elocindev.tierify.config.CommonConfig read successfully.
[17:24:30] [Render thread/INFO]: Config loaded
[17:24:30] [Render thread/INFO]: Tom's Storage Setup starting
[17:24:30] [Render thread/INFO]: Tom's Trading Network starting
[17:24:31] [Render thread/INFO]: TrackerCompass загружен!
[17:24:31] [Render thread/ERROR]: No data fixer registered for 
[17:24:31] [Render thread/INFO]: Registered the FluidEffect with Unique ID of minecraft:water for Water (Fluid Amount Required: 81000) with the ID 0
[17:24:31] [Render thread/INFO]: Registered the FluidEffect with Unique ID of minecraft:lava for Lava (Fluid Amount Required: 81000) with the ID 1
[17:24:31] [Render thread/INFO]: Registered the FluidEffect with Unique ID of travelersbackpack:potion for block.travelersbackpack.potion_still (Fluid Amount Required: 27000) with the ID 2
[17:24:31] [Render thread/INFO]: Registered the FluidEffect with Unique ID of minecraft:milk for Air (Fluid Amount Required: 81000) with the ID 3
[17:24:31] [Render thread/INFO]: Loaded config tridents_n_stuff:items_config in 8ms
[17:24:31] [Render thread/INFO]: Loaded config tridents_n_stuff:materials_config in 12ms
[17:24:31] [Render thread/INFO]: Loaded config tridents_n_stuff:modifiers_config in 4ms
[17:24:31] [Render thread/INFO]: TriQue API works properly! YUSUF REIS ANNENE SELAMLAR KAR??M <3!
[17:24:31] [Render thread/INFO]: Constructing common components for universalbonemeal:main
[17:24:31] [Render thread/ERROR]: No data fixer registered for vinery:mule
[17:24:31] [Render thread/ERROR]: No data fixer registered for vinery:wandering_winemaker
[17:24:31] [Render thread/ERROR]: No data fixer registered for vinery:chair
[17:24:32] [Render thread/INFO]: [voicechat] Compatibility version 18
[17:24:32] [Render thread/INFO]: [voicechat] Loading plugins
[17:24:32] [Render thread/INFO]: [voicechat] Loaded 2 plugin(s)
[17:24:32] [Render thread/INFO]: [voicechat] Initializing plugins
[17:24:32] [Render thread/INFO]: [voicechat] Initialized 2 plugin(s)
[17:24:32] [Render thread/INFO]: [voicechat] Registering events for 'audioplayer'
[17:24:32] [Render thread/INFO]: [voicechat] Registering events for 'vcinteraction'
[17:24:32] [Render thread/INFO]: Registered walljump config for auto-sync function
[17:24:32] [Render thread/INFO]: Registering Warden Items for wardentools
[17:24:32] [Render thread/INFO]: Registering Warden Blocks for wardentools
[17:24:32] [Render thread/INFO]: Warden Tools works properly! NECO, ANNENE SELAMLAR KARDESIM! <3
[17:24:32] [Render thread/ERROR]: No data fixer registered for waterballoon:thrown_balloon
[17:24:32] [Render thread/INFO]: [STDOUT]: Starting WI Zoom v1.6-MC1.20.1
[17:24:32] [Render thread/INFO]: Applying Minecraft-Version-Based DataFixes for Wilder Wild with Data Version 2
[17:24:32] [Render thread/INFO]: Minecraft-Version-Specific DataFixes for Wilder Wild have been applied
[17:24:32] [Render thread/INFO]: Applying DataFixes for Wilder Wild with Data Version 22
[17:24:32] [Render thread/INFO]: DataFixes for Wilder Wild have been applied
[17:24:32] [Render thread/INFO]: Loading config WWAmbienceAndMiscConfig from wilderwild
[17:24:32] [Render thread/INFO]: Saving config WWAmbienceAndMiscConfig from wilderwild
[17:24:32] [Render thread/INFO]: Adding Music And Ambience To Biomes for wilderwild
[17:24:32] [Render thread/INFO]: Overriding Water Colors for wilderwild
[17:24:32] [Render thread/WARN]: Encountered duplicate API provider registration for block: wilderwild:stone_chest
[17:24:32] [Render thread/INFO]: [WTHIT] Initializing client plugin balm:wthit at net.blay09.mods.balm.common.compat.hudinfo.WTHITModCompat
[17:24:32] [Render thread/INFO]: [WTHIT] Initializing common plugin waila:core at mcp.mobius.waila.plugin.core.CoreCommonPlugin
[17:24:32] [Render thread/INFO]: [WTHIT] Initializing client plugin waila:core at mcp.mobius.waila.plugin.core.CoreClientPlugin
[17:24:32] [Render thread/INFO]: [WTHIT] Initializing common plugin waila:vanilla at mcp.mobius.waila.plugin.vanilla.VanillaCommonPlugin
[17:24:32] [Render thread/INFO]: [WTHIT] Initializing client plugin waila:vanilla at mcp.mobius.waila.plugin.vanilla.VanillaClientPlugin
[17:24:32] [Render thread/INFO]: [WTHIT] Initializing common plugin waila:harvest at mcp.mobius.waila.plugin.harvest.HarvestCommonPlugin
[17:24:32] [Render thread/INFO]: [WTHIT] Initializing client plugin waila:harvest at mcp.mobius.waila.plugin.harvest.HarvestClientPlugin
[17:24:32] [Render thread/INFO]: [WTHIT] Initializing common plugin waila:fabric at mcp.mobius.waila.plugin.fabric.FabricCommonPlugin
[17:24:32] [Render thread/INFO]: [WTHIT] Initializing client plugin waila:fabric at mcp.mobius.waila.plugin.fabric.FabricClientPlugin
[17:24:32] [Render thread/INFO]: [WTHIT] Initializing common plugin waila:team_reborn_energy at mcp.mobius.waila.plugin.trenergy.TeamRebornEnergyCommonPlugin
[17:24:32] [Render thread/INFO]: [WTHIT] Initializing common plugin waila:extra at mcp.mobius.waila.plugin.extra.ExtraPlugin
[17:24:32] [Render thread/INFO]: [WTHIT] Initializing client plugin waila:extra at mcp.mobius.waila.plugin.extra.ExtraPlugin
[17:24:32] [Render thread/INFO]: [WTHIT] Plugin config reloaded
[17:24:32] [Render thread/ERROR]: No data fixer registered for yaf:seat
[17:24:32] [Render thread/INFO]: Reflections took 2 ms to scan 1 urls, producing 1 keys and 4 values
[17:24:32] [Render thread/INFO]: Reflections took 1 ms to scan 1 urls, producing 1 keys and 4 values
[17:24:32] [Render thread/INFO]: Reflections took 1 ms to scan 1 urls, producing 1 keys and 2 values
[17:24:32] [Render thread/INFO]: Reflections took 1 ms to scan 1 urls, producing 1 keys and 2 values
[17:24:33] [Render thread/INFO]: Reflections took 13 ms to scan 1 urls, producing 5 keys and 65 values
[17:24:33] [Render thread/INFO]: Reflections took 16 ms to scan 1 urls, producing 5 keys and 65 values
[17:24:33] [Render thread/INFO]: Loading Effekseer native library at C:\Users\Dark\curseforge\minecraft\Instances\DarkRPG - RPG with Magic Origins Quests Adventure (1)\EffekseerNativeForJava.dll
[17:24:33] [Render thread/INFO]: Registering S2C receiver with id architectury:spawn_entity_packet
[17:24:33] [Render thread/INFO]: oh hi there... :)
[17:24:33] [Render thread/INFO]: I heared you wanted some fancy health/armor bars?
[17:24:34] [Render thread/INFO]: Loaded
[17:24:34] [Render thread/ERROR]: java.io.FileNotFoundException: C:\Users\Dark\curseforge\minecraft\Instances\DarkRPG - RPG with Magic Origins Quests Adventure (1)\config\betteradvancements.json (Не удается найти указанный файл)
[17:24:34] [Render thread/INFO]: Reloading Configs
[17:24:34] [Render thread/INFO]: Constructing client components for completionistsindex:main
[17:24:34] [Render thread/INFO]: Successfully registered: 2640 Blocks and 1790 Crates!
[17:24:34] [Render thread/INFO]: Successfully loaded config provider: net.blay09.mods.balm.fabric.compat.ConfiguredConfigProvider
[17:24:34] [Render thread/INFO]: Successfully loaded config provider: com.mrcrayfish.configured.impl.framework.FrameworkConfigProvider
[17:24:34] [Render thread/INFO]: Successfully loaded config provider: com.mrcrayfish.configured.impl.jei.JeiConfigProvider
[17:24:34] [Render thread/INFO]: Mixing client.MixinJoinMultiplayerScreen from mixins/common/nochatreports.mixins.json into net.minecraft.class_500
[17:24:34] [Render thread/INFO]: Renaming synthetic method lambda$onInit$2()Lnet/minecraft/class_2561; to mdd6a7bc$nochatreports$lambda$onInit$2$0 in mixins/common/nochatreports.mixins.json:client.MixinJoinMultiplayerScreen from mod nochatreports
[17:24:34] [Render thread/INFO]: Renaming synthetic method lambda$onInit$1(Lnet/minecraft/class_4185;)V to mdd6a7bc$nochatreports$lambda$onInit$1$1 in mixins/common/nochatreports.mixins.json:client.MixinJoinMultiplayerScreen from mod nochatreports
[17:24:34] [Render thread/INFO]: Renaming synthetic method lambda$onInit$0(Lnet/minecraft/class_4185;)V to mdd6a7bc$nochatreports$lambda$onInit$0$2 in mixins/common/nochatreports.mixins.json:client.MixinJoinMultiplayerScreen from mod nochatreports
[17:24:34] [Render thread/WARN]: @Final field field_3952:[Lnet/minecraft/class_2960; in mixin/frozenlib.menu.mixins.json:CubeMapMixin from mod frozenlib should be final
[17:24:34] [Render thread/INFO]: File exists, reading config for elocindev.deathknights.config.entries.ClientConfig.
[17:24:34] [Render thread/INFO]: Config for elocindev.deathknights.config.entries.ClientConfig read successfully.
[17:24:34] [Render thread/INFO]: [Dynamic Trim] Initializing Dynamic Trim Client
[17:24:35] [Render thread/INFO]: [Indigo] Different rendering plugin detected; not applying Indigo.
[17:24:35] [Render thread/INFO]: farsight mod initialized
[17:24:35] [Render thread/INFO]: Loaded config fzzy_config:keybinds in 23ms
[17:24:35] [Render thread/INFO]: Geode Plus: Texture Cutouts Rendered
[17:24:35] [Render thread/INFO]: [STDOUT]: Inventory HUD + has been initialized!
[17:24:35] [Render thread/INFO]: Sending ConfigManager...
[17:24:35] [Render thread/INFO]: Sending ConfigManager took 1.237 ms
[17:24:35] [Render thread/INFO]: Krypton is now accelerating your Minecraft client's networking stack ?
[17:24:35] [Render thread/INFO]: Note that Krypton is most effective on servers, not the client.
[17:24:35] [Render thread/INFO]: [LambDynLights] Initializing LambDynamicLights...
[17:24:35] [Render thread/INFO]: [LambDynLights] Configuration loaded.
[17:24:35] [Render thread/INFO]: Loading Medieval Origins Client Resources
[17:24:35] [Render thread/ERROR]: Mod forcecrawl provides a broken implementation of ModMenuApi
net.fabricmc.loader.api.EntrypointException: Exception while loading entries for entrypoint 'modmenu' provided by 'forcecrawl'
	at net.fabricmc.loader.impl.entrypoint.EntrypointContainerImpl.getEntrypoint(EntrypointContainerImpl.java:56) ~[fabric-loader-0.19.2.jar:?]
	at com.terraformersmc.modmenu.ModMenu.lambda$onInitializeClient$1(ModMenu.java:74) ~[modmenu-7.2.2.jar:?]
	at java.util.ArrayList.forEach(Unknown Source) ~[?:?]
	at com.terraformersmc.modmenu.ModMenu.onInitializeClient(ModMenu.java:70) ~[modmenu-7.2.2.jar:?]
	at net.fabricmc.loader.impl.FabricLoaderImpl.invokeEntrypoints(FabricLoaderImpl.java:405) ~[fabric-loader-0.19.2.jar:?]
	at net.fabricmc.loader.impl.game.minecraft.Hooks.startClient(Hooks.java:53) ~[fabric-loader-0.19.2.jar:?]
	at net.minecraft.class_310.<init>(class_310.java:458) ~[client-intermediary.jar:?]
	at net.minecraft.client.main.Main.main(Main.java:211) ~[fabric-loader-0.19.2-1.20.1.jar:?]
	at net.fabricmc.loader.impl.game.minecraft.MinecraftGameProvider.launch(MinecraftGameProvider.java:514) ~[fabric-loader-0.19.2.jar:?]
	at net.fabricmc.loader.impl.launch.knot.Knot.launch(Knot.java:72) ~[fabric-loader-0.19.2.jar:?]
	at net.fabricmc.loader.impl.launch.knot.KnotClient.main(KnotClient.java:23) ~[fabric-loader-0.19.2.jar:?]
Caused by: net.fabricmc.loader.api.LanguageAdapterException: java.lang.ClassNotFoundException: com.fexl.forcecrawl.config.ModMenu
	at net.fabricmc.loader.impl.util.DefaultLanguageAdapter.create(DefaultLanguageAdapter.java:52) ~[fabric-loader-0.19.2.jar:?]
	at net.fabricmc.loader.impl.entrypoint.EntrypointStorage$NewEntry.getOrCreate(EntrypointStorage.java:124) ~[fabric-loader-0.19.2.jar:?]
	at net.fabricmc.loader.impl.entrypoint.EntrypointContainerImpl.getEntrypoint(EntrypointContainerImpl.java:53) ~[fabric-loader-0.19.2.jar:?]
	... 10 more
Caused by: java.lang.ClassNotFoundException: com.fexl.forcecrawl.config.ModMenu
	at jdk.internal.loader.BuiltinClassLoader.loadClass(Unknown Source) ~[?:?]
	at java.lang.ClassLoader.loadClass(Unknown Source) ~[?:?]
	at net.fabricmc.loader.impl.launch.knot.KnotClassDelegate.loadClass(KnotClassDelegate.java:239) ~[fabric-loader-0.19.2.jar:?]
	at net.fabricmc.loader.impl.launch.knot.KnotClassLoader.loadClass(KnotClassLoader.java:119) ~[fabric-loader-0.19.2.jar:?]
	at java.lang.ClassLoader.loadClass(Unknown Source) ~[?:?]
	at java.lang.Class.forName0(Native Method) ~[?:?]
	at java.lang.Class.forName(Unknown Source) ~[?:?]
	at net.fabricmc.loader.impl.util.DefaultLanguageAdapter.create(DefaultLanguageAdapter.java:50) ~[fabric-loader-0.19.2.jar:?]
	at net.fabricmc.loader.impl.entrypoint.EntrypointStorage$NewEntry.getOrCreate(EntrypointStorage.java:124) ~[fabric-loader-0.19.2.jar:?]
	at net.fabricmc.loader.impl.entrypoint.EntrypointContainerImpl.getEntrypoint(EntrypointContainerImpl.java:53) ~[fabric-loader-0.19.2.jar:?]
	... 10 more
[17:24:36] [Render thread/INFO]: Initialized block sets in 32ms
[17:24:36] [Render thread/ERROR]: No data fixer registered for falling_lantern
[17:24:36] [Render thread/ERROR]: No data fixer registered for immersive_weathering:falling_icicle
[17:24:36] [Render thread/ERROR]: No data fixer registered for immersive_weathering:falling_layer
[17:24:36] [Render thread/ERROR]: No data fixer registered for immersive_weathering:falling_propagule
[17:24:36] [Render thread/INFO]: Loaded config fastpaintings-common.json
[17:24:36] [Render thread/INFO]: Initialized color sets in 104ms
[17:24:36] [Render thread/INFO]: [STDOUT]: [Mouse Tweaks] Main.initialize()
[17:24:36] [Render thread/INFO]: [STDOUT]: [Mouse Tweaks] Initialized.
[17:24:36] [Render thread/INFO]: Loading Open Parties and Claims!
[17:24:36] [Render thread/INFO]: Loaded config :particle_core_config in 10ms
[17:24:36] [Render thread/INFO]: Mixing client.MixinOptions from mixins/common/nochatreports.mixins.json into net.minecraft.class_315
[17:24:36] [Render thread/INFO]: Renaming synthetic method lambda$onlyShowSecureChat$0(Ljava/lang/Boolean;)V to mdd6a7bc$nochatreports$lambda$onlyShowSecureChat$0$4 in mixins/common/nochatreports.mixins.json:client.MixinOptions from mod nochatreports
[17:24:36] [Render thread/INFO]: Mixing client.MixinServerData from mixins/common/nochatreports.mixins.json into net.minecraft.class_642
[17:24:37] [Render thread/INFO]: Mixing client.MixinChatListener from mixins/common/nochatreports.mixins.json into net.minecraft.class_7594
[17:24:37] [Render thread/INFO]: Constructing client components for puzzlesapi:iteminteractions
[17:24:37] [Render thread/INFO]: Constructing client components for puzzlesapi:slotcycling
[17:24:37] [Render thread/INFO]: Constructing client components for puzzleslib:main
[17:24:37] [Render thread/INFO]: Constructing client components for slotcycler:main
[17:24:37] [Render thread/INFO]: Registering S2C receiver with id structurecredits:structure_name_sync
[17:24:37] [Render thread/INFO]: Reflections took 1 ms to scan 1 urls, producing 1 keys and 2 values
[17:24:37] [Render thread/INFO]: Reflections took 1 ms to scan 1 urls, producing 1 keys and 2 values
[17:24:37] [Render thread/INFO]: [STDOUT]: [LibGui] Initializing Client...
[17:24:37] [Render thread/INFO]: [voicechat] Using Cloth Config GUI
[17:24:37] [Render thread/INFO]: [voicechat] Loading Opus
[17:24:38] [Render thread/INFO]: Registering common data for channel xaerolib:main!
[17:24:38] [Render thread/INFO]: Registering client data for channel xaerolib:main!
[17:24:38] [Render thread/INFO]: Loading primary common config for channel xaerolib:main!
[17:24:38] [Render thread/INFO]: Loading server config profiles for channel xaerolib:main!
[17:24:38] [Render thread/INFO]: Loading primary client config for channel xaerolib:main!
[17:24:38] [Render thread/INFO]: Loading client config profiles for channel xaerolib:main!
[17:24:38] [Render thread/INFO]: Loading XaeroLib common 1/2!
[17:24:38] [Render thread/INFO]: Loading XaeroLib client 1/2!
[17:24:38] [Render thread/WARN]: io exception while checking patreon: Online mod data expired! Date: Wed May 13 22:37:17 EEST 2026
[17:24:38] [Render thread/INFO]: Registering common data for channel xaeroworldmap:main!
[17:24:38] [Render thread/INFO]: Registering client data for channel xaeroworldmap:main!
[17:24:38] [Render thread/INFO]: Loading primary common config for channel xaeroworldmap:main!
[17:24:38] [Render thread/INFO]: Loading server config profiles for channel xaeroworldmap:main!
[17:24:38] [Render thread/INFO]: Loading primary client config for channel xaeroworldmap:main!
[17:24:38] [Render thread/INFO]: Loading client config profiles for channel xaeroworldmap:main!
[17:24:38] [Render thread/INFO]: Loading Xaero's World Map - Stage 1/2
[17:24:38] [Render thread/INFO]: Registering S2C receiver with id yaf:sync_mailbox_fail
[17:24:38] [Render thread/INFO]: Registering S2C receiver with id yaf:sync_mailbox_text_reset
[17:24:38] [Render thread/INFO]: Deserializing YACLConfig from 'C:\Users\Dark\curseforge\minecraft\Instances\DarkRPG - RPG with Magic Origins Quests Adventure (1)\config\yacl.json5'
[17:24:38] [Render thread/INFO]: Mixing client.MixinChatComponent from mixins/common/nochatreports.mixins.json into net.minecraft.class_338
[17:24:38] [Render thread/INFO]: Renaming synthetic method lambda$modifyGUIMessage$1()V to mdd6a7bc$nochatreports$lambda$modifyGUIMessage$1$0 in mixins/common/nochatreports.mixins.json:client.MixinChatComponent from mod nochatreports
[17:24:38] [Render thread/INFO]: Renaming synthetic method lambda$modifyGUIMessage$0(Lnet/minecraft/class_5348;Lnet/minecraft/class_2561;)V to mdd6a7bc$nochatreports$lambda$modifyGUIMessage$0$1 in mixins/common/nochatreports.mixins.json:client.MixinChatComponent from mod nochatreports
[17:24:38] [Render thread/INFO]: BeforeConstant is searching for constants in method with descriptor (Lnet/minecraft/class_2561;Lnet/minecraft/class_7591;)V
[17:24:38] [Render thread/INFO]: BeforeConstant found STRING constant: value = , stringValue = null
[17:24:38] [Render thread/INFO]: BeforeConstant found a matching constant TYPE at ordinal 0
[17:24:38] [Render thread/INFO]: BeforeConstant found LdcInsn
[17:24:38] [Render thread/INFO]: BeforeConstant found STRING constant: value = \\r, stringValue = null
[17:24:38] [Render thread/INFO]: BeforeConstant found a matching constant TYPE at ordinal 1
[17:24:38] [Render thread/INFO]: BeforeConstant found LdcInsn \\r
[17:24:38] [Render thread/INFO]: BeforeConstant found STRING constant: value = 
, stringValue = null
[17:24:38] [Render thread/INFO]: BeforeConstant found a matching constant TYPE at ordinal 2
[17:24:38] [Render thread/INFO]: BeforeConstant found LdcInsn
[17:24:38] [Render thread/INFO]: BeforeConstant found STRING constant: value = \\n, stringValue = null
[17:24:38] [Render thread/INFO]: BeforeConstant found a matching constant TYPE at ordinal 3
[17:24:38] [Render thread/INFO]: BeforeConstant found LdcInsn \\n
[17:24:38] [Render thread/INFO]: BeforeConstant found CLASS constant: value = Ljava/lang/String;, typeValue = null
[17:24:38] [Render thread/INFO]: BeforeConstant found STRING constant: value = [{}] [CHAT] {}, stringValue = null
[17:24:38] [Render thread/INFO]: BeforeConstant found a matching constant TYPE at ordinal 4
[17:24:38] [Render thread/INFO]: BeforeConstant found LdcInsn [{}] [CHAT] {}
[17:24:38] [Render thread/INFO]: BeforeConstant found STRING constant: value = [CHAT] {}, stringValue = null
[17:24:38] [Render thread/INFO]: BeforeConstant found a matching constant TYPE at ordinal 5
[17:24:38] [Render thread/INFO]: BeforeConstant found LdcInsn [CHAT] {}
[17:24:38] [Render thread/INFO]: Mixing client.MixinGuiMessageTagIcon from mixins/common/nochatreports.mixins.json into net.minecraft.class_7591$class_7592
[17:24:38] [Render thread/INFO]: Renaming @Invoker method create(Ljava/lang/String;IIIII)Lnet/minecraft/class_7591$class_7592; to create$nochatreports_$md$d6a7bc$0 in mixins/common/nochatreports.mixins.json:client.MixinGuiMessageTagIcon from mod nochatreports
[17:24:38] [Render thread/INFO]: Loaded config for: farsight.json
[17:24:38] [Render thread/INFO]: Backend library: LWJGL version 3.3.1 SNAPSHOT
[17:24:38] [Render thread/INFO]: Modifying process environment to apply workarounds for the NVIDIA graphics driver...
[17:24:39] [Render thread/INFO]: OpenGL Vendor: NVIDIA Corporation
[17:24:39] [Render thread/INFO]: OpenGL Renderer: NVIDIA GeForce RTX 4050 Laptop GPU/PCIe/SSE2
[17:24:39] [Render thread/INFO]: OpenGL Version: 3.2.0 NVIDIA 581.60
[17:24:39] [Render thread/INFO]: Modifying OpenGL context to apply workarounds for the NVIDIA graphics driver...
[17:24:39] [Render thread/INFO]: Enabling GL_DEBUG_OUTPUT_SYNCHRONOUS to force the NVIDIA driver to disable threadedcommand submission
[17:24:39] [Render thread/INFO]: Debug functionality is disabled.
[17:24:39] [Render thread/INFO]: ARB_direct_state_access detected, enabling DSA.
[17:24:39] [Render thread/INFO]: Shaders are disabled because enableShaders is set to false in iris.properties
[17:24:40] [Render thread/INFO]: Created 696 recipes which will be injected into the game
[17:24:40] [Render thread/INFO]: Created 15 tags which will be injected into the game
[17:24:40] [Render thread/INFO]: Block minecraft:water_cauldron had its color provider replaced with net.mehvahdjukaar.amendments.AmendmentsClient$$Lambda$27009/0x0000023a4338f870@4afd3272 and will not use per-vertex coloring
[17:24:40] [Render thread/INFO]: Hardware information:
[17:24:40] [Render thread/INFO]: CPU: 16x 13th Gen Intel(R) Core(TM) i7-13620H
[17:24:40] [Render thread/INFO]: GPU: NVIDIA GeForce RTX 4050 Laptop GPU/PCIe/SSE2 (Supports OpenGL 3.2.0 NVIDIA 581.60)
[17:24:40] [Render thread/INFO]: OS: Windows 11 (10.0)
[17:24:40] [Render thread/INFO]: Instancing error handler class com.illusivesoulworks.polymorph.mixin.IntegratedMixinPlugin
[17:24:40] [Render thread/INFO]: Injecting ApppGui instance into Minecraft
[17:24:40] [Render thread/INFO]: [FANCYMENU] Registering resource reload listener..
[17:24:41] [Render thread/INFO]: [FANCYMENU] Initializing screen customization engine! Addons should NOT REGISTER TO REGISTRIES anymore now!
[17:24:41] [Finalizer/WARN]: One or more BufferBuilders have been leaked, ModernFix will attempt to correct this.
[17:24:41] [Render thread/INFO]: Mixing client.MixinConnectScreen from mixins/common/nochatreports.mixins.json into net.minecraft.class_412
[17:24:41] [Render thread/INFO]: fancymenu.mixins.json:client.IMixinRealmsNotificationsScreen from mod fancymenu->@Accessor[FIELD_GETTER]::get_trialAvailable_FancyMenu()Z should be static as its target is
[17:24:41] [Render thread/INFO]: fancymenu.mixins.json:client.IMixinRealmsNotificationsScreen from mod fancymenu->@Accessor[FIELD_GETTER]::get_hasUnreadNews_FancyMenu()Z should be static as its target is
[17:24:41] [Render thread/INFO]: fancymenu.mixins.json:client.IMixinRealmsNotificationsScreen from mod fancymenu->@Accessor[FIELD_GETTER]::get_hasUnseenNotifications()Z should be static as its target is
[17:24:41] [Render thread/INFO]: fancymenu.mixins.json:client.IMixinRealmsNotificationsScreen from mod fancymenu->@Accessor[FIELD_GETTER]::get_validClient_FancyMenu()Z should be static as its target is
[17:24:41] [Render thread/INFO]: Mixing client.MixinChatOptionsScreen from mixins/common/nochatreports.mixins.json into net.minecraft.class_404
[17:24:41] [Render thread/INFO]: Renaming synthetic method lambda$init$0(Lnet/minecraft/class_339;)V to mdd6a7bc$nochatreports$lambda$init$0$0 in mixins/common/nochatreports.mixins.json:client.MixinChatOptionsScreen from mod nochatreports
[17:24:41] [Render thread/INFO]: [FANCYMENU] Minecraft resource reload: STARTING
[17:24:41] [Render thread/INFO]: Reloading ResourceManager: create:dynamic_data, vanilla, fabric (aaa_particles, additionalentityattributes, additionalstructures, adventurez, airchidori, alexsmobs, alloy_forgery, altorigingui, amendments, amethyst_core, amethyst_imbuement, another_furniture, apocalypse_origins, apoli, appleskin, apugli, aquachidori, aquamirae, archeologyplus, archers, armorpointspp, armorstandarms, armourers_workshop, artifacts, aspects, attributefix, autotag, autotag-convention, azure-paxels, azurelib, azurelibarmor, balm, basic-storage, basicweapons, batsgalore, bcc, beautify, bedspreads, berserker-rpg, bestpick, betteradvancements, bettercaves, bettercombat, betterdeserttemples, betterdungeons, betterendisland, betterfortresses, betterjungletemples, betterloot, bettermineshafts, betteroceanmonuments, betterstrongholds, betterthirdperson, bettervillage, betterwitchhuts, bhmenu, bookshelf, bwncr, caffeineconfig, calio, cardinal-components, cardinal-components-base, cardinal-components-block, cardinal-components-chunk, cardinal-components-entity, cardinal-components-item, cardinal-components-level, cardinal-components-scoreboard, cardinal-components-world, carpet, chunky, citadel, clickadv, cloth-config, clumps, clutter, codec-config-api, combatroll, completeconfig-base, completionistsindex, compressedblocks, conditional-mixin, configurable, configured, consularsorigins, controlling, convenient_hitboxes, copperandtuffbackport, copycats, crashexploitfixer, craterlib, create, create_repair, create_ultimate_factory, createaddition, createcobblestone, createcontraptionterminals, createfood, croptopia, croptopiadelight, ctov, cullleaves, cushypillows, darkbindings, darkbosses, darkbread, darkcap, darkchidori, darkfeather, darkglint, darkheads, darkloot, darkmenu, darkmining, darksleep, darksmelting, darksmithing, darkstarter, darktimer, darkzoom, death_knights, doublejumpattribute, dragonloot, dramaticdoors, drippyloadingscreen, dripstone_fluid_lib, druids, dungeons_arise, dungeons_arise_seven_seas, durability101, dynamictrim, elemental_wizards_rpg, emi, emi_loot, emitrades, emotecraft, enchantedtooltips, entityculling, epherolib, eternal_attributes, evs, explorerscompass, expores, extrakeybinds, extraorigins, extraspellattributes, extrasponges, fabric-api, fabric-api-base, fabric-api-lookup-api-v1, fabric-biome-api-v1, fabric-block-api-v1, fabric-block-view-api-v2, fabric-blockrenderlayer-v1, fabric-client-tags-api-v1, fabric-command-api-v1, fabric-command-api-v2, fabric-commands-v0, fabric-containers-v0, fabric-content-registries-v0, fabric-convention-tags-v1, fabric-crash-report-info-v1, fabric-data-attachment-api-v1, fabric-data-generation-api-v1, fabric-dimensions-v1, fabric-entity-events-v1, fabric-events-interaction-v0, fabric-events-lifecycle-v0, fabric-game-rule-api-v1, fabric-item-api-v1, fabric-item-group-api-v1, fabric-key-binding-api-v1, fabric-keybindings-v0, fabric-language-kotlin, fabric-lifecycle-events-v1, fabric-loot-api-v2, fabric-loot-tables-v1, fabric-message-api-v1, fabric-mining-level-api-v1, fabric-model-loading-api-v1, fabric-models-v0, fabric-networking-api-v1, fabric-networking-v0, fabric-object-builder-api-v1, fabric-particles-v1, fabric-recipe-api-v1, fabric-registry-sync-v0, fabric-renderer-api-v1, fabric-renderer-indigo, fabric-renderer-registries-v1, fabric-rendering-data-attachment-v1, fabric-rendering-fluids-v1, fabric-rendering-v0, fabric-rendering-v1, fabric-resource-conditions-api-v1, fabric-resource-loader-v0, fabric-screen-api-v1, fabric-screen-handler-api-v1, fabric-sound-api-v1, fabric-transfer-api-v1, fabric-transitive-access-wideners-v1, fabricloader, fakerlib, fancymenu, fantasy_armor, fantasy_weapons, farmersdelight, farsight, fastpaintings, flywheel, forcecrawl, forcemaster_rpg, forgeconfigapiport, framework, frozenlib, full_slabs, fwaystones, fzzy_config, fzzy_core, gear_core, geckolib, geode_plus, getittogetherdrops, giftsofgiving, goldenberry, graveyard, grindenchantments, handcrafted, held-item-info, imbued_gear, immersive_paintings, immersive_weathering, indium, interiors, inventoryhud, inventorysorter, invoke, iris, ironchests, jains_deserts, jankson, jei, jewelry, kanos_config, kevslibrary, kevstierifymodifiers, keybind_fix, konkrete, krypton, kyrptconfig, lambdynlights, lambdynlights_api, landchidori, lavender, lavender-md, libgui, libraryferret, libz, limitedspawners, litematica, lithium, lne_archers, lne_paladins, lne_rogues, lne_wizards, loadingscreentips, logbegone, loot_n_explore, lootr, magic-particles, magnumtorch, malilib, mcda, mcdar, mcdw, mcwfences, mcwfurnitures, medievalorigins, melius-commands, memorysweep, memoryusagetitle, midnightlib, milk, mm, modernfix, modmenu, moonlight, more_potions, more_rpg_classes, morningglory, mythicmetals, mythicmounts, mythicupgrades, naturescompass, neruina, nethersdelight, nochatreports, notenoughanimations, nyctophobia, nyfsbp, nyfsgenetics, obscure_api, oceansdelight, offlinecommands, omega-config, openpartiesandclaims, origins, origins-classes, origins_deities, owo, packetfixer, paladins, particle_core, patchouli, pehkui, perfectbirbs, perfectplushieapi, perfectplushies, perplayerwanderingtraders, pickablevillagers, playerabilitylib, plushables, plushies, polymorph, ponder, porting_lib_accessors, porting_lib_attributes, porting_lib_base, porting_lib_brewing, porting_lib_client_events, porting_lib_common, porting_lib_config, porting_lib_core, porting_lib_data, porting_lib_entity, porting_lib_extensions, porting_lib_fluids, porting_lib_gametest, porting_lib_gui_utils, porting_lib_lazy_registration, porting_lib_loot, porting_lib_mixin_extensions, porting_lib_model_generators, porting_lib_model_loader, porting_lib_model_materials, porting_lib_models, porting_lib_networking, porting_lib_obj_loader, porting_lib_recipe_book_categories, porting_lib_tags, porting_lib_tool_actions, porting_lib_transfer, porting_lib_utility, presencefootsteps, pride, projectile_damage, puffish_attributes, puzzlesapi, railways, randomblockplacement, ranged_weapon_api, reach-entity-attributes, reeses-sodium-options, refurbished_furniture, regions_unexplored, registrate-fabric, rogues, rpgmana, runes, sculkedmagpie, searchables, seasonhud, seasons, seasonscroptopiacompat, seasonsdelightcompat, seasonsextras, shadowmounts, shield_api, should_i_hit_that, simply_houses, simplymore, simplyswords, sit, skyvillages, slabsandstairs, slotcycler, sodium, sodium-extra, soulsweapons, spell-engine-openpac-compat, spell_engine, spell_power, spellbladenext, spruceui, starlight, statement, statement_vanilla_compatibility, step-height-entity-attribute, structure_pool_api, structurecredits, stunningstatues, styledplayerlist, team_reborn_energy, terrablender, thaumon, things, throwablefluids, tiered, tinypaper, toms_storage, toms_trading_network, tooltipfix, totw_additions, tracker-compass, trade_cycling, transmog, trashslot, travelersbackpack, travelerstitles, trender, tridents_n_stuff, trinkets, triqueapi, vanilla-permissions, variantbarrels, variantbeehives, variantbookshelves, variantchiseledbookshelves, variantcomposters, variantfletchingtables, variantlecterns, variantshields, villagerconfig, vinery, voicechat, walljump, wardentools, waterballoon, wetlands, wi_zoom, wilderwild, winterly, wizards, wthit, xaerolib, xaeroworldmap, yaf, yet_another_config_lib_v3, yigd, yungscavebiomes, zenith_attributes), minecraft:kevstierifymodifiers_mrpgc, seasons:seasonal_lush_caves, variantshields:minecraft, kevslibrary:modifiernames, minecraft:tieredz_mrpgc, kevslibrary:tierifym, Moonlight Mods Dynamic Assets, RPG Resources
[17:24:41] [Render thread/INFO]: [DRIPPY LOADING SCREEN] Initializing fonts for text rendering..
[17:24:41] [Worker-ResourceReload-0/INFO]: Starting runtime resource generation for pack type CLIENT_RESOURCES with generators from mods [amendments, immersive_weathering, immersive_weathering, moonlight]: [net.mehvahdjukaar.amendments.client.ClientResourceGenerator@20be957f, com.ordana.immersive_weathering.dynamicpack.ClientDynamicResourcesHandler@76bfda55, net.mehvahdjukaar.moonlight.core.MoonlightClient$MLDynamicClientResources@35001d8d]
[17:24:41] [Worker-ResourceReload-0/INFO]: Generating runtime assets for pack Moonlight Mods Dynamic Assets (amendments)
[17:24:41] [Render thread/INFO]: [FANCYMENU] ScreenCustomizationLayer registered: drippy_loading_overlay
[17:24:41] [Worker-ResourceReload-0/ERROR]: fromAnimatedImage - Palette mask mythicmetals:item/tools/doge needs to be at least as large as the target image amendments:block/music_discs/music_disc_mask and have the same frame count. You must alter the mask's 16x16 to match the texture size's 32x32
[17:24:41] [Render thread/INFO]: [FANCYMENU] Starting late client initialization phase..
[17:24:41] [Render thread/INFO]: [KONKRETE] Client-side libs ready to use!
[17:24:41] [Render thread/INFO]: [FANCYMENU] ScreenCustomizationLayer registered: title_screen
[17:24:41] [Render thread/INFO]: MC Version: Fabric
[17:24:41] [Render thread/INFO]: Classloader: net.fabricmc.loader.impl.launch.knot.KnotClassLoader@5bcab519
[17:24:41] [Render thread/INFO]: MC Version: Fabric
[17:24:41] [Render thread/INFO]: Classloader: net.fabricmc.loader.impl.launch.knot.KnotClassLoader@5bcab519
[17:24:41] [Render thread/INFO]: MC Version: Fabric
[17:24:41] [Render thread/INFO]: Classloader: net.fabricmc.loader.impl.launch.knot.KnotClassLoader@5bcab519
[17:24:41] [Worker-ResourceReload-0/INFO]: Generated runtime CLIENT_RESOURCES for pack Moonlight Mods Dynamic Assets (amendments) in: 209 ms (multithreaded)
[17:24:41] [Worker-ResourceReload-0/INFO]: Generating runtime assets for pack Moonlight Mods Dynamic Assets (immersive_weathering)
[17:24:41] [Render thread/INFO]: Creating pipeline for dimension minecraft:overworld
[17:24:41] [Worker-ResourceReload-0/INFO]: Generated runtime CLIENT_RESOURCES for pack Moonlight Mods Dynamic Assets (immersive_weathering) in: 105 ms (multithreaded)
[17:24:41] [Worker-ResourceReload-0/INFO]: Generating runtime assets for pack Moonlight Mods Dynamic Assets (moonlight)
[17:24:41] [Worker-ResourceReload-0/INFO]: Generated runtime CLIENT_RESOURCES for pack Moonlight Mods Dynamic Assets (moonlight) in: 6 ms (multithreaded)
[17:24:41] [Worker-ResourceReload-0/INFO]: Finished runtime resources generation for 4 packs in a total of 323 ms
[17:24:42] [Render thread/INFO]: Game entered main loop!
[17:24:42] [Render thread/INFO]: Loaded values for 141 compatible attributes.
[17:24:42] [Render thread/ERROR]: Attribute ID 'bettertrims:swim_speed' does not belong to a known attribute. This entry will be ignored.
[17:24:42] [Render thread/ERROR]: Attribute ID 'bettertrims:moons_blessing' does not belong to a known attribute. This entry will be ignored.
[17:24:42] [Render thread/ERROR]: Attribute ID 'bettertrims:ends_blessing' does not belong to a known attribute. This entry will be ignored.
[17:24:42] [Render thread/ERROR]: Attribute ID 'bettertrims:projectile_damage' does not belong to a known attribute. This entry will be ignored.
[17:24:42] [Render thread/ERROR]: Attribute ID 'witcher_rpg:aard_intensity' does not belong to a known attribute. This entry will be ignored.
[17:24:42] [Render thread/ERROR]: Attribute ID 'witcher_rpg:axii_intensity' does not belong to a known attribute. This entry will be ignored.
[17:24:42] [Render thread/ERROR]: Attribute ID 'bettertrims:projectile_speed' does not belong to a known attribute. This entry will be ignored.
[17:24:42] [Render thread/ERROR]: Attribute ID 'bettertrims:blast_mining' does not belong to a known attribute. This entry will be ignored.
[17:24:42] [Render thread/ERROR]: Attribute ID 'bettertrims:resistance' does not belong to a known attribute. This entry will be ignored.
[17:24:42] [Render thread/ERROR]: Attribute ID 'bettertrims:looting' does not belong to a known attribute. This entry will be ignored.
[17:24:42] [Render thread/ERROR]: Attribute ID 'witcher_rpg:adrenaline_modifier' does not belong to a known attribute. This entry will be ignored.
[17:24:42] [Render thread/ERROR]: Attribute ID 'additionalentityattributes:dig_speed' does not belong to a known attribute. This entry will be ignored.
[17:24:42] [Render thread/ERROR]: Attribute ID 'spell_power:ranged_fire_timing' does not belong to a known attribute. This entry will be ignored.
[17:24:42] [Render thread/ERROR]: Attribute ID 'additionalentityattributes:water_visibility' does not belong to a known attribute. This entry will be ignored.
[17:24:42] [Render thread/ERROR]: Attribute ID 'bettertrims:item_magnet' does not belong to a known attribute. This entry will be ignored.
[17:24:42] [Render thread/ERROR]: Attribute ID 'bettertrims:midas_touch' does not belong to a known attribute. This entry will be ignored.
[17:24:42] [Render thread/ERROR]: Attribute ID 'doggytalents:generic.jump_power' does not belong to a known attribute. This entry will be ignored.
[17:24:42] [Render thread/ERROR]: Attribute ID 'additionalentityattributes:critical_bonus_damage' does not belong to a known attribute. This entry will be ignored.
[17:24:42] [Render thread/ERROR]: Attribute ID 'bettertrims:regeneration' does not belong to a known attribute. This entry will be ignored.
[17:24:42] [Render thread/ERROR]: Attribute ID 'bettertrims:generic_step_height' does not belong to a known attribute. This entry will be ignored.
[17:24:42] [Render thread/ERROR]: Attribute ID 'additionalentityattributes:dropped_experience' does not belong to a known attribute. This entry will be ignored.
[17:24:42] [Render thread/ERROR]: Attribute ID 'spell_power:water_element' does not belong to a known attribute. This entry will be ignored.
[17:24:42] [Render thread/ERROR]: Attribute ID 'bettertrims:generic_oxygen_bonus' does not belong to a known attribute. This entry will be ignored.
[17:24:42] [Render thread/ERROR]: Attribute ID 'bettertrims:electrifying' does not belong to a known attribute. This entry will be ignored.
[17:24:42] [Render thread/ERROR]: Attribute ID 'additionalentityattributes:lava_visibility' does not belong to a known attribute. This entry will be ignored.
[17:24:42] [Render thread/ERROR]: Attribute ID 'doggytalents:forge_swim_speed' does not belong to a known attribute. This entry will be ignored.
[17:24:42] [Render thread/ERROR]: Attribute ID 'bettertrims:dense' does not belong to a known attribute. This entry will be ignored.
[17:24:42] [Render thread/ERROR]: Attribute ID 'bettertrims:walking_furnace' does not belong to a known attribute. This entry will be ignored.
[17:24:42] [Render thread/ERROR]: Attribute ID 'bettertrims:trade_discount' does not belong to a known attribute. This entry will be ignored.
[17:24:42] [Render thread/ERROR]: Attribute ID 'bettertrims:suns_blessing' does not belong to a known attribute. This entry will be ignored.
[17:24:42] [Render thread/ERROR]: Attribute ID 'death_knights:unholy' does not belong to a known attribute. This entry will be ignored.
[17:24:42] [Render thread/ERROR]: Attribute ID 'cleannarsenal:echo' does not belong to a known attribute. This entry will be ignored.
[17:24:42] [Render thread/ERROR]: Attribute ID 'bettertrims:projectile_dodge_chance' does not belong to a known attribute. This entry will be ignored.
[17:24:42] [Render thread/ERROR]: Attribute ID 'witcher_rpg:sign_intensity' does not belong to a known attribute. This entry will be ignored.
[17:24:42] [Render thread/ERROR]: Attribute ID 'additionalentityattributes:water_speed' does not belong to a known attribute. This entry will be ignored.
[17:24:42] [Render thread/ERROR]: Attribute ID 'biomemakeover:projectile_resistance' does not belong to a known attribute. This entry will be ignored.
[17:24:42] [Render thread/ERROR]: Attribute ID 'minecraft:generic.max_stamina' does not belong to a known attribute. This entry will be ignored.
[17:24:42] [Render thread/ERROR]: Attribute ID 'spell_power:sound_element' does not belong to a known attribute. This entry will be ignored.
[17:24:42] [Render thread/ERROR]: Attribute ID 'witcher_rpg:igni_intensity' does not belong to a known attribute. This entry will be ignored.
[17:24:42] [Render thread/ERROR]: Attribute ID 'bettertrims:blast_resistance' does not belong to a known attribute. This entry will be ignored.
[17:24:42] [Render thread/ERROR]: Attribute ID 'bettertrims:player_submerged_mining_speed' does not belong to a known attribute. This entry will be ignored.
[17:24:42] [Render thread/ERROR]: Attribute ID 'bettertrims:enchanters_favour' does not belong to a known attribute. This entry will be ignored.
[17:24:42] [Render thread/ERROR]: Attribute ID 'bettertrims:warriors_of_old' does not belong to a known attribute. This entry will be ignored.
[17:24:42] [Render thread/ERROR]: Attribute ID 'bettertrims:echoing' does not belong to a known attribute. This entry will be ignored.
[17:24:42] [Render thread/ERROR]: Attribute ID 'spell_power:corruption_element' does not belong to a known attribute. This entry will be ignored.
[17:24:42] [Render thread/ERROR]: Attribute ID 'bettertrims:share_effect_radius' does not belong to a known attribute. This entry will be ignored.
[17:24:42] [Render thread/ERROR]: Attribute ID 'bettertrims:holy' does not belong to a known attribute. This entry will be ignored.
[17:24:42] [Render thread/ERROR]: Attribute ID 'bettertrims:light_footed' does not belong to a known attribute. This entry will be ignored.
[17:24:42] [Render thread/ERROR]: Attribute ID 'doggytalents:generic.crit_bonus' does not belong to a known attribute. This entry will be ignored.
[17:24:42] [Render thread/ERROR]: Attribute ID 'bettertrims:fire_resistance' does not belong to a known attribute. This entry will be ignored.
[17:24:42] [Render thread/ERROR]: Attribute ID 'spell_power:wind_element' does not belong to a known attribute. This entry will be ignored.
[17:24:42] [Render thread/ERROR]: Attribute ID 'bettertrims:player_block_break_speed' does not belong to a known attribute. This entry will be ignored.
[17:24:42] [Render thread/ERROR]: Attribute ID 'spell_power:ranged_frost' does not belong to a known attribute. This entry will be ignored.
[17:24:42] [Render thread/ERROR]: Attribute ID 'bettertrims:projectile_deflect_chance' does not belong to a known attribute. This entry will be ignored.
[17:24:42] [Render thread/ERROR]: Attribute ID 'additionalentityattributes:magic_protection' does not belong to a known attribute. This entry will be ignored.
[17:24:42] [Render thread/ERROR]: Attribute ID 'bettertrims:bouncy' does not belong to a known attribute. This entry will be ignored.
[17:24:42] [Render thread/ERROR]: Attribute ID 'additionalentityattributes:bonus_loot_count_rolls' does not belong to a known attribute. This entry will be ignored.
[17:24:42] [Render thread/ERROR]: Attribute ID 'additionalentityattributes:lung_capacity' does not belong to a known attribute. This entry will be ignored.
[17:24:42] [Render thread/ERROR]: Attribute ID 'death_knights:blood' does not belong to a known attribute. This entry will be ignored.
[17:24:42] [Render thread/ERROR]: Attribute ID 'bettertrims:hydrophobic' does not belong to a known attribute. This entry will be ignored.
[17:24:42] [Render thread/ERROR]: Attribute ID 'eldritch_end:corruption_resistance' does not belong to a known attribute. This entry will be ignored.
[17:24:42] [Render thread/ERROR]: Attribute ID 'doggytalents:generic.crit_chance' does not belong to a known attribute. This entry will be ignored.
[17:24:42] [Render thread/ERROR]: Attribute ID 'bettertrims:fire_aspect' does not belong to a known attribute. This entry will be ignored.
[17:24:42] [Render thread/ERROR]: Attribute ID 'doggytalents:forge_entity_gravity' does not belong to a known attribute. This entry will be ignored.
[17:24:42] [Render thread/ERROR]: Attribute ID 'bettertrims:thorns' does not belong to a known attribute. This entry will be ignored.
[17:24:42] [Render thread/ERROR]: Attribute ID 'more_rpg_classes:sign_intensity' does not belong to a known attribute. This entry will be ignored.
[17:24:42] [Render thread/ERROR]: Attribute ID 'bettertrims:firey_thorns' does not belong to a known attribute. This entry will be ignored.
[17:24:42] [Render thread/ERROR]: Attribute ID 'bettertrims:fortune' does not belong to a known attribute. This entry will be ignored.
[17:24:42] [Render thread/ERROR]: Attribute ID 'eldritch_end:corruption' does not belong to a known attribute. This entry will be ignored.
[17:24:42] [Render thread/ERROR]: Attribute ID 'bettertrims:brewers_dream' does not belong to a known attribute. This entry will be ignored.
[17:24:42] [Render thread/ERROR]: Attribute ID 'more_rpg_classes:adrenaline_modifier' does not belong to a known attribute. This entry will be ignored.
[17:24:42] [Render thread/ERROR]: Attribute ID 'bettertrims:cleaving' does not belong to a known attribute. This entry will be ignored.
[17:24:42] [Render thread/ERROR]: Attribute ID 'bettertrims:overgrown' does not belong to a known attribute. This entry will be ignored.
[17:24:42] [Render thread/ERROR]: Attribute ID 'bettertrims:unbreaking' does not belong to a known attribute. This entry will be ignored.
[17:24:42] [Render thread/ERROR]: Attribute ID 'bettertrims:bonus_xp' does not belong to a known attribute. This entry will be ignored.
[17:24:42] [Render thread/ERROR]: Attribute ID 'bettertrims:attack_deflect_chance' does not belong to a known attribute. This entry will be ignored.
[17:24:42] [Render thread/ERROR]: Attribute ID 'spell_power:ranged_fire' does not belong to a known attribute. This entry will be ignored.
[17:24:42] [Render thread/ERROR]: Attribute ID 'bettertrims:dodge_chance' does not belong to a known attribute. This entry will be ignored.
[17:24:42] [Render thread/ERROR]: Attribute ID 'witcher_rpg:quen_intensity' does not belong to a known attribute. This entry will be ignored.
[17:24:42] [Render thread/ERROR]: Attribute ID 'bettertrims:glowing' does not belong to a known attribute. This entry will be ignored.
[17:24:42] [Render thread/ERROR]: Attribute ID 'spell_power:blood_element' does not belong to a known attribute. This entry will be ignored.
[17:24:42] [Render thread/ERROR]: Attribute ID 'witcher_rpg:yrden_intensity' does not belong to a known attribute. This entry will be ignored.
[17:24:42] [Render thread/ERROR]: Attribute ID 'bettertrims:miners_rush' does not belong to a known attribute. This entry will be ignored.
[17:24:42] [Render thread/ERROR]: Attribute ID 'additionalentityattributes:lava_speed' does not belong to a known attribute. This entry will be ignored.
[17:24:42] [Render thread/ERROR]: Attribute ID 'additionalentityattributes:bonus_rare_loot_rolls' does not belong to a known attribute. This entry will be ignored.
[17:24:42] [Render thread/ERROR]: Attribute ID 'bettertrims:hells_blessing' does not belong to a known attribute. This entry will be ignored.
[17:24:42] [Render thread/ERROR]: Attribute ID 'spell_power:nature_element' does not belong to a known attribute. This entry will be ignored.
[17:24:42] [Render thread/INFO]: Loaded 242 values from config.
[17:24:42] [Render thread/INFO]: Saving config file. 242 entries.
[17:24:42] [Render thread/INFO]: Applying changes for 242 attributes.
[17:24:42] [Render thread/INFO]: Loaded config for: clickadv.json
[17:24:42] [Render thread/INFO]: [Quilt DFU API] Clientside DataFixer Registry is about to freeze
[17:24:42] [Render thread/INFO]: [Quilt DFU API] Clientside DataFixer Registry was frozen
[17:24:42] [Render thread/INFO]: Reading config.
[17:24:42] [Render thread/INFO]: Registering Ponder Scenes took 176.7 ms
[17:24:42] [Render thread/INFO]: Registering Ponder Tags took 6.473 ms
[17:24:42] [Render thread/INFO]: Loading config WWWorldgenConfig from wilderwild
[17:24:42] [Render thread/INFO]: Saving config WWWorldgenConfig from wilderwild
[17:24:42] [Render thread/INFO]: Saving config WWMixinsConfig from wilderwild
[17:24:42] [Render thread/INFO]: Saving config WWBlockConfig from wilderwild
[17:24:42] [Render thread/INFO]: Saving config WWEntityConfig from wilderwild
[17:24:42] [Render thread/INFO]: Saving config FrozenLibConfig from frozenlib
[17:24:42] [Render thread/INFO]: Saving config WWAmbienceAndMiscConfig from wilderwild
[17:24:42] [Render thread/INFO]: Saving config WWWorldgenConfig from wilderwild
[17:24:42] [Render thread/INFO]: Loading Xaero's World Map - Stage 2/2
[17:24:42] [Render thread/INFO]: New world map region cache hash code: -672353393
[17:24:43] [Render thread/ERROR]: io exception while checking versions: Online mod data expired! Date: Wed May 13 22:37:17 EEST 2026
[17:24:43] [Render thread/INFO]: Registered player tracker system: map_synced
[17:24:43] [Render thread/INFO]: Registered player tracker system: openpartiesandclaims
[17:24:43] [Render thread/INFO]: Xaero's WorldMap Mod: Open Parties And Claims found!
[17:24:43] [Render thread/INFO]: No Optifine!
[17:24:43] [Render thread/INFO]: Xaero's World Map: No Vivecraft!
[17:24:43] [Render thread/INFO]: Xaero's World Map: Iris found!
[17:24:43] [Worker-ResourceReload-14/INFO]: Found unifont_all_no_pua-15.0.06.hex, loading
[17:24:43] [Render thread/INFO]: [Config.read] Loaded config info from 'C:\Users\Dark\curseforge\minecraft\Instances\DarkRPG - RPG with Magic Origins Quests Adventure (1)\config\memorysweep.json'!
[17:24:43] [Render thread/INFO]: [Config.write] Saved config info to 'C:\Users\Dark\curseforge\minecraft\Instances\DarkRPG - RPG with Magic Origins Quests Adventure (1)\config\memorysweep.json'!
[17:24:43] [Render thread/INFO]: Parsed 384 mod(s) metadata in 122 ms
[17:24:43] [Render thread/INFO]: Modlist saved to config\crash_assistant\modlist.json
[17:24:44] [Worker-Main-10/INFO]: Found unifont_all_no_pua-15.0.06.hex, loading
[17:24:44] [Worker-ResourceReload-6/WARN]: [Dynamic Trim] Item imbued_gear:hunters_leggings's resource could not be built, skipping
[17:24:44] [Worker-ResourceReload-6/WARN]: [Dynamic Trim] Item aquamirae:abyssal_brigantine's resource could not be built, skipping
[17:24:44] [Worker-ResourceReload-6/WARN]: [Dynamic Trim] Item create:copper_diving_helmet's resource could not be built, skipping
[17:24:44] [Worker-ResourceReload-6/WARN]: [Dynamic Trim] Item forcemaster_rpg:phasleb_legs's resource could not be built, skipping
[17:24:44] [Worker-ResourceReload-6/WARN]: [Dynamic Trim] Item imbued_gear:archons_chestplate's resource could not be built, skipping
[17:24:44] [Worker-ResourceReload-6/WARN]: [Dynamic Trim] Item amethyst_imbuement:shimmering_leggings's resource could not be built, skipping
[17:24:44] [Worker-ResourceReload-6/WARN]: [Dynamic Trim] Item mcda:teleportation_robe_boots's resource could not be built, skipping
[17:24:44] [Worker-ResourceReload-6/WARN]: [Dynamic Trim] Item mythicmetals:silver_helmet's resource could not be built, skipping
[17:24:44] [Worker-ResourceReload-6/WARN]: [Dynamic Trim] Item elemental_wizards_rpg:river_chest's resource could not be built, skipping
[17:24:44] [Worker-ResourceReload-6/WARN]: [Dynamic Trim] Item mcda:snow_armor_leggings's resource could not be built, skipping
[17:24:44] [Worker-ResourceReload-6/WARN]: [Dynamic Trim] Item mcda:full_metal_armor_helmet's resource could not be built, skipping
[17:24:44] [Worker-ResourceReload-6/WARN]: [Dynamic Trim] Item mcda:beenest_armor_leggings's resource could not be built, skipping
[17:24:44] [Worker-ResourceReload-6/WARN]: [Dynamic Trim] Item mcda:unstable_robe_chestplate's resource could not be built, skipping
[17:24:44] [Worker-ResourceReload-6/WARN]: [Dynamic Trim] Item mcda:troubadour_armor_chestplate's resource could not be built, skipping
[17:24:44] [Worker-ResourceReload-6/WARN]: [Dynamic Trim] Item mythicmetals:banglum_chestplate's resource could not be built, skipping
[17:24:44] [Worker-ResourceReload-6/WARN]: [Dynamic Trim] Item spellbladenext:gleaming_head's resource could not be built, skipping
[17:24:44] [Worker-ResourceReload-6/WARN]: [Dynamic Trim] Item mcda:grim_armor_leggings's resource could not be built, skipping
[17:24:44] [Worker-ResourceReload-6/WARN]: [Dynamic Trim] Item mcda:evocation_robe_chestplate's resource could not be built, skipping
[17:24:44] [Worker-ResourceReload-6/WARN]: [Dynamic Trim] Item railways:cyan_conductor_cap's resource could not be built, skipping
[17:24:44] [Worker-ResourceReload-6/WARN]: [Dynamic Trim] Item amethyst_imbuement:garnet_helmet's resource could not be built, skipping
[17:24:44] [Worker-ResourceReload-6/WARN]: [Dynamic Trim] Item dragonloot:dragon_boots's resource could not be built, skipping
[17:24:44] [Worker-ResourceReload-6/WARN]: [Dynamic Trim] Item soulsweapons:forlorn_boots's resource could not be built, skipping
[17:24:44] [Worker-ResourceReload-6/WARN]: [Dynamic Trim] Item mcda:sprout_armor_chestplate's resource could not be built, skipping
[17:24:44] [Worker-ResourceReload-6/WARN]: [Dynamic Trim] Item imbued_gear:spellblades_leggings's resource could not be built, skipping
[17:24:44] [Worker-ResourceReload-6/WARN]: [Dynamic Trim] Item rogues:warrior_armor_legs's resource could not be built, skipping
[17:24:44] [Worker-ResourceReload-6/WARN]: [Dynamic Trim] Item paladins:crusader_armor_legs's resource could not be built, skipping
[17:24:44] [Worker-ResourceReload-6/WARN]: [Dynamic Trim] Item mcda:teleportation_robe_helmet's resource could not be built, skipping
[17:24:44] [Worker-ResourceReload-6/WARN]: [Dynamic Trim] Item mcda:full_metal_armor_chestplate's resource could not be built, skipping
[17:24:44] [Worker-ResourceReload-6/WARN]: [Dynamic Trim] Item imbued_gear:warriors_helmet's resource could not be built, skipping
[17:24:44] [Worker-ResourceReload-6/WARN]: [Dynamic Trim] Item mcda:evocation_robe_helmet's resource could not be built, skipping
[17:24:44] [Worker-ResourceReload-6/WARN]: [Dynamic Trim] Item death_knights:initiate_armor_legs's resource could not be built, skipping
[17:24:44] [Worker-ResourceReload-6/WARN]: [Dynamic Trim] Item mythicmetals:osmium_leggings's resource could not be built, skipping
[17:24:44] [Worker-ResourceReload-6/WARN]: [Dynamic Trim] Item mythicmetals:copper_chestplate's resource could not be built, skipping
[17:24:44] [Worker-ResourceReload-6/WARN]: [Dynamic Trim] Item spellbladenext:runegleaming_feet's resource could not be built, skipping
[17:24:44] [Worker-ResourceReload-6/WARN]: [Dynamic Trim] Item alexsmobs:rocky_chestplate's resource could not be built, skipping
[17:24:44] [Worker-ResourceReload-6/WARN]: [Dynamic Trim] Item wizards:wizard_robe_legs's resource could not be built, skipping
[17:24:44] [Worker-ResourceReload-6/WARN]: [Dynamic Trim] Item mythicmetals:carmot_helmet's resource could not be built, skipping
[17:24:44] [Worker-ResourceReload-6/WARN]: [Dynamic Trim] Item elemental_wizards_rpg:dripstone_legs's resource could not be built, skipping
[17:24:44] [Worker-ResourceReload-6/WARN]: [Dynamic Trim] Item mcda:purple_mystery_armor_helmet's resource could not be built, skipping
[17:24:44] [Worker-ResourceReload-6/WARN]: [Dynamic Trim] Item mcda:heros_armor_boots's resource could not be built, skipping
[17:24:44] [Worker-ResourceReload-6/WARN]: [Dynamic Trim] Item mcda:frost_armor_helmet's resource could not be built, skipping
[17:24:44] [Worker-ResourceReload-6/WARN]: [Dynamic Trim] Item imbued_gear:lich_kings_leggings's resource could not be built, skipping
[17:24:44] [Worker-ResourceReload-6/WARN]: [Dynamic Trim] Item soulsweapons:soul_robes_boots's resource could not be built, skipping
[17:24:44] [Worker-ResourceReload-6/WARN]: [Dynamic Trim] Item spellbladenext:magus_chest's resource could not be built, skipping
[17:24:44] [Worker-ResourceReload-6/WARN]: [Dynamic Trim] Item alexsmobs:flying_fish_boots's resource could not be built, skipping
[17:24:44] [Worker-ResourceReload-6/WARN]: [Dynamic Trim] Item rogues:warrior_armor_chest's resource could not be built, skipping
[17:24:44] [Worker-ResourceReload-6/WARN]: [Dynamic Trim] Item create:netherite_backtank's resource could not be built, skipping
[17:24:44] [Worker-ResourceReload-6/WARN]: [Dynamic Trim] Item death_knights:blightbringer_armor_legs's resource could not be built, skipping
[17:24:44] [Worker-ResourceReload-6/WARN]: [Dynamic Trim] Item dragonloot:dragon_helmet's resource could not be built, skipping
[17:24:44] [Worker-ResourceReload-6/WARN]: [Dynamic Trim] Item mcda:heros_armor_chestplate's resource could not be built, skipping
[17:24:44] [Worker-ResourceReload-6/WARN]: [Dynamic Trim] Item amethyst_imbuement:shimmering_helmet's resource could not be built, skipping
[17:24:44] [Worker-ResourceReload-6/WARN]: [Dynamic Trim] Item death_knights:crimson_knight_armor_feet's resource could not be built, skipping
[17:24:44] [Worker-ResourceReload-6/WARN]: [Dynamic Trim] Item mythicmetals:orichalcum_leggings's resource could not be built, skipping
[17:24:44] [Worker-ResourceReload-6/WARN]: [Dynamic Trim] Item mcda:rugged_climbing_gear_leggings's resource could not be built, skipping
[17:24:44] [Worker-ResourceReload-6/WARN]: [Dynamic Trim] Item mcda:cave_crawler_boots's resource could not be built, skipping
[17:24:44] [Worker-ResourceReload-6/WARN]: [Dynamic Trim] Item mcda:spider_armor_boots's resource could not be built, skipping
[17:24:44] [Worker-ResourceReload-6/WARN]: [Dynamic Trim] Item mcda:cauldron_armor_boots's resource could not be built, skipping
[17:24:44] [Worker-ResourceReload-6/WARN]: [Dynamic Trim] Item mcda:cauldron_armor_chestplate's resource could not be built, skipping
[17:24:44] [Worker-ResourceReload-6/WARN]: [Dynamic Trim] Item mythicmetals:kyber_boots's resource could not be built, skipping
[17:24:44] [Worker-ResourceReload-6/WARN]: [Dynamic Trim] Item mythicmetals:metallurgium_helmet's resource could not be built, skipping
[17:24:44] [Worker-ResourceReload-6/WARN]: [Dynamic Trim] Item rogues:warrior_armor_head's resource could not be built, skipping
[17:24:44] [Worker-ResourceReload-6/WARN]: [Dynamic Trim] Item mcda:cauldron_armor_helmet's resource could not be built, skipping
[17:24:44] [Worker-ResourceReload-6/WARN]: [Dynamic Trim] Item paladins:priest_robe_head's resource could not be built, skipping
[17:24:44] [Worker-ResourceReload-6/WARN]: [Dynamic Trim] Item mythicmetals:stormyx_leggings's resource could not be built, skipping
[17:24:44] [Worker-ResourceReload-6/WARN]: [Dynamic Trim] Item alexsmobs:roadrunner_boots's resource could not be built, skipping
[17:24:44] [Worker-ResourceReload-6/WARN]: [Dynamic Trim] Item death_knights:plaguebringer_armor_legs's resource could not be built, skipping
[17:24:44] [Worker-ResourceReload-6/WARN]: [Dynamic Trim] Item mcda:snow_armor_chestplate's resource could not be built, skipping
[17:24:44] [Worker-ResourceReload-6/WARN]: [Dynamic Trim] Item mcda:rugged_climbing_gear_chestplate's resource could not be built, skipping
[17:24:44] [Worker-ResourceReload-6/WARN]: [Dynamic Trim] Item mcda:ember_robe_helmet's resource could not be built, skipping
[17:24:44] [Worker-ResourceReload-6/WARN]: [Dynamic Trim] Item mcda:titans_shroud_leggings's resource could not be built, skipping
[17:24:44] [Worker-ResourceReload-6/WARN]: [Dynamic Trim] Item alexsmobs:emu_leggings's resource could not be built, skipping
[17:24:44] [Worker-ResourceReload-6/WARN]: [Dynamic Trim] Item mcda:splendid_robe_leggings's resource could not be built, skipping
[17:24:44] [Worker-ResourceReload-6/WARN]: [Dynamic Trim] Item mcda:thief_armor_leggings's resource could not be built, skipping
[17:24:44] [Worker-ResourceReload-6/WARN]: [Dynamic Trim] Item mcda:reinforced_mail_helmet's resource could not be built, skipping
[17:24:44] [Worker-ResourceReload-6/WARN]: [Dynamic Trim] Item mcda:goat_gear_helmet's resource could not be built, skipping
[17:24:44] [Worker-ResourceReload-6/WARN]: [Dynamic Trim] Item mythicmetals:silver_leggings's resource could not be built, skipping
[17:24:44] [Worker-ResourceReload-6/WARN]: [Dynamic Trim] Item mcda:ember_robe_leggings's resource could not be built, skipping
[17:24:44] [Worker-ResourceReload-6/WARN]: [Dynamic Trim] Item mythicmetals:durasteel_helmet's resource could not be built, skipping
[17:24:44] [Worker-ResourceReload-6/WARN]: [Dynamic Trim] Item wizards:fire_robe_chest's resource could not be built, skipping
[17:24:44] [Worker-ResourceReload-6/WARN]: [Dynamic Trim] Item rogues:rogue_armor_head's resource could not be built, skipping
[17:24:44] [Worker-ResourceReload-6/WARN]: [Dynamic Trim] Item mcda:cauldron_armor_leggings's resource could not be built, skipping
[17:24:44] [Worker-ResourceReload-6/WARN]: [Dynamic Trim] Item mcda:champions_armor_helmet's resource could not be built, skipping
[17:24:44] [Worker-ResourceReload-6/WARN]: [Dynamic Trim] Item imbued_gear:spellblades_helmet's resource could not be built, skipping
[17:24:44] [Worker-ResourceReload-6/WARN]: [Dynamic Trim] Item mcda:wolf_armor_boots's resource could not be built, skipping
[17:24:44] [Worker-ResourceReload-6/WARN]: [Dynamic Trim] Item amethyst_imbuement:ametrine_chestplate's resource could not be built, skipping
[17:24:44] [Worker-ResourceReload-6/WARN]: [Dynamic Trim] Item mcda:red_mystery_armor_helmet's resource could not be built, skipping
[17:24:44] [Worker-ResourceReload-6/WARN]: [Dynamic Trim] Item mcda:cave_crawler_helmet's resource could not be built, skipping
[17:24:44] [Worker-ResourceReload-6/WARN]: [Dynamic Trim] Item spellbladenext:arcaneherald_feet's resource could not be built, skipping
[17:24:44] [Worker-ResourceReload-6/WARN]: [Dynamic Trim] Item imbued_gear:void_mail_boots's resource could not be built, skipping
[17:24:44] [Worker-ResourceReload-6/WARN]: [Dynamic Trim] Item forcemaster_rpg:phasleb_head's resource could not be built, skipping
[17:24:44] [Worker-ResourceReload-6/WARN]: [Dynamic Trim] Item wizards:frost_robe_legs's resource could not be built, skipping
[17:24:44] [Worker-ResourceReload-6/WARN]: [Dynamic Trim] Item mcda:glow_squid_armor_leggings's resource could not be built, skipping
[17:24:44] [Worker-ResourceReload-6/WARN]: [Dynamic Trim] Item mcda:spelunker_armor_boots's resource could not be built, skipping
[17:24:44] [Worker-ResourceReload-6/WARN]: [Dynamic Trim] Item mythicmetals:aquarium_chestplate's resource could not be built, skipping
[17:24:44] [Worker-ResourceReload-6/WARN]: [Dynamic Trim] Item mythicmetals:legendary_banglum_helmet's resource could not be built, skipping
[17:24:44] [Worker-ResourceReload-6/WARN]: [Dynamic Trim] Item railways:black_conductor_cap's resource could not be built, skipping
[17:24:44] [Worker-ResourceReload-6/WARN]: [Dynamic Trim] Item mcda:white_mystery_armor_leggings's resource could not be built, skipping
[17:24:44] [Worker-ResourceReload-6/WARN]: [Dynamic Trim] Item mythicmetals:mythril_boots's resource could not be built, skipping
[17:24:44] [Worker-ResourceReload-6/WARN]: [Dynamic Trim] Item railways:yellow_conductor_cap's resource could not be built, skipping
[17:24:44] [Worker-ResourceReload-6/WARN]: [Dynamic Trim] Item mythicmetals:midas_gold_chestplate's resource could not be built, skipping
[17:24:44] [Worker-ResourceReload-6/WARN]: [Dynamic Trim] Item mcda:golden_piglin_armor_helmet's resource could not be built, skipping
[17:24:44] [Worker-ResourceReload-6/WARN]: [Dynamic Trim] Item imbued_gear:elementalists_chestplate's resource could not be built, skipping
[17:24:44] [Worker-ResourceReload-6/WARN]: [Dynamic Trim] Item mcda:snow_armor_helmet's resource could not be built, skipping
[17:24:44] [Worker-ResourceReload-6/WARN]: [Dynamic Trim] Item mcda:curious_armor_chestplate's resource could not be built, skipping
[17:24:44] [Worker-ResourceReload-6/WARN]: [Dynamic Trim] Item mcda:white_mystery_armor_chestplate's resource could not be built, skipping
[17:24:44] [Worker-ResourceReload-6/WARN]: [Dynamic Trim] Item mcda:scale_mail_boots's resource could not be built, skipping
[17:24:44] [Worker-ResourceReload-6/WARN]: [Dynamic Trim] Item elemental_wizards_rpg:dripstone_head's resource could not be built, skipping
[17:24:44] [Worker-ResourceReload-6/WARN]: [Dynamic Trim] Item mcda:gourdian_armor_leggings's resource could not be built, skipping
[17:24:44] [Worker-ResourceReload-6/WARN]: [Dynamic Trim] Item mcda:glow_squid_armor_chestplate's resource could not be built, skipping
[17:24:44] [Worker-ResourceReload-6/WARN]: [Dynamic Trim] Item mcda:scale_mail_leggings's resource could not be built, skipping
[17:24:44] [Worker-ResourceReload-6/WARN]: [Dynamic Trim] Item death_knights:initiate_armor_head's resource could not be built, skipping
[17:24:44] [Worker-ResourceReload-6/WARN]: [Dynamic Trim] Item mcda:spider_armor_helmet's resource could not be built, skipping
[17:24:44] [Worker-ResourceReload-6/WARN]: [Dynamic Trim] Item mcda:living_vines_armor_boots's resource could not be built, skipping
[17:24:44] [Worker-ResourceReload-6/WARN]: [Dynamic Trim] Item railways:blue_conductor_cap's resource could not be built, skipping
[17:24:44] [Worker-ResourceReload-6/WARN]: [Dynamic Trim] Item rogues:rogue_armor_chest's resource could not be built, skipping
[17:24:44] [Worker-ResourceReload-6/WARN]: [Dynamic Trim] Item rogues:berserker_armor_feet's resource could not be built, skipping
[17:24:44] [Worker-ResourceReload-6/WARN]: [Dynamic Trim] Item berserker_rpg:northling_feet's resource could not be built, skipping
[17:24:44] [Worker-ResourceReload-6/WARN]: [Dynamic Trim] Item mcda:white_mystery_armor_boots's resource could not be built, skipping
[17:24:44] [Worker-ResourceReload-6/WARN]: [Dynamic Trim] Item mythicmetals:runite_chestplate's resource could not be built, skipping
[17:24:44] [Worker-ResourceReload-6/WARN]: [Dynamic Trim] Item mcda:grim_armor_boots's resource could not be built, skipping
[17:24:44] [Worker-ResourceReload-6/WARN]: [Dynamic Trim] Item mcda:soul_robe_leggings's resource could not be built, skipping
[17:24:44] [Worker-ResourceReload-6/WARN]: [Dynamic Trim] Item mcda:gilded_glory_chestplate's resource could not be built, skipping
[17:24:44] [Worker-ResourceReload-6/WARN]: [Dynamic Trim] Item imbued_gear:celestial_leggings's resource could not be built, skipping
[17:24:44] [Worker-ResourceReload-6/WARN]: [Dynamic Trim] Item imbued_gear:champions_chestplate's resource could not be built, skipping
[17:24:44] [Worker-ResourceReload-6/WARN]: [Dynamic Trim] Item soulsweapons:soul_ingot_chestplate's resource could not be built, skipping
[17:24:44] [Worker-ResourceReload-6/WARN]: [Dynamic Trim] Item mcda:phantom_armor_helmet's resource could not be built, skipping
[17:24:44] [Worker-ResourceReload-6/WARN]: [Dynamic Trim] Item spellbladenext:runeblazing_head's resource could not be built, skipping
[17:24:44] [Worker-ResourceReload-6/WARN]: [Dynamic Trim] Item soulsweapons:soul_ingot_helmet's resource could not be built, skipping
[17:24:44] [Worker-ResourceReload-6/WARN]: [Dynamic Trim] Item mcda:emerald_gear_boots's resource could not be built, skipping
[17:24:44] [Worker-ResourceReload-6/WARN]: [Dynamic Trim] Item mcda:piglin_armor_helmet's resource could not be built, skipping
[17:24:44] [Worker-ResourceReload-6/WARN]: [Dynamic Trim] Item mcda:souldancer_robe_helmet's resource could not be built, skipping
[17:24:44] [Worker-ResourceReload-6/WARN]: [Dynamic Trim] Item death_knights:blightbringer_armor_head's resource could not be built, skipping
[17:24:44] [Worker-ResourceReload-6/WARN]: [Dynamic Trim] Item mcda:ember_robe_chestplate's resource could not be built, skipping
[17:24:44] [Worker-ResourceReload-6/WARN]: [Dynamic Trim] Item mcda:spelunker_armor_chestplate's resource could not be built, skipping
[17:24:44] [Worker-ResourceReload-6/WARN]: [Dynamic Trim] Item mcda:archers_chestplate's resource could not be built, skipping
[17:24:44] [Worker-ResourceReload-6/WARN]: [Dynamic Trim] Item plushables:cap_froglin's resource could not be built, skipping
[17:24:44] [Worker-ResourceReload-6/WARN]: [Dynamic Trim] Item aquamirae:terrible_helmet's resource could not be built, skipping
[17:24:44] [Worker-ResourceReload-6/WARN]: [Dynamic Trim] Item mcda:highland_armor_boots's resource could not be built, skipping
[17:24:44] [Worker-ResourceReload-6/WARN]: [Dynamic Trim] Item mcda:titans_shroud_chestplate's resource could not be built, skipping
[17:24:44] [Worker-ResourceReload-6/WARN]: [Dynamic Trim] Item mcda:heros_armor_leggings's resource could not be built, skipping
[17:24:44] [Worker-ResourceReload-6/WARN]: [Dynamic Trim] Item mcda:rugged_climbing_gear_boots's resource could not be built, skipping
[17:24:44] [Worker-ResourceReload-6/WARN]: [Dynamic Trim] Item wizards:wizard_robe_head's resource could not be built, skipping
[17:24:44] [Worker-ResourceReload-6/WARN]: [Dynamic Trim] Item mcda:squid_armor_boots's resource could not be built, skipping
[17:24:44] [Worker-ResourceReload-6/WARN]: [Dynamic Trim] Item mcda:ghostly_armor_boots's resource could not be built, skipping
[17:24:44] [Worker-ResourceReload-6/WARN]: [Dynamic Trim] Item mythicmetals:runite_boots's resource could not be built, skipping
[17:24:44] [Worker-ResourceReload-6/WARN]: [Dynamic Trim] Item mcda:snow_armor_boots's resource could not be built, skipping
[17:24:44] [Worker-ResourceReload-6/WARN]: [Dynamic Trim] Item mcda:purple_mystery_armor_chestplate's resource could not be built, skipping
[17:24:44] [Worker-ResourceReload-6/WARN]: [Dynamic Trim] Item archers:archer_armor_legs's resource could not be built, skipping
[17:24:44] [Worker-ResourceReload-6/WARN]: [Dynamic Trim] Item paladins:priest_robe_chest's resource could not be built, skipping
[17:24:44] [Worker-ResourceReload-6/WARN]: [Dynamic Trim] Item mythicmetals:bronze_helmet's resource could not be built, skipping
[17:24:44] [Worker-ResourceReload-6/WARN]: [Dynamic Trim] Item death_knights:initiate_armor_feet's resource could not be built, skipping
[17:24:44] [Worker-ResourceReload-6/WARN]: [Dynamic Trim] Item rogues:rogue_armor_legs's resource could not be built, skipping
[17:24:44] [Worker-ResourceReload-6/WARN]: [Dynamic Trim] Item aquamirae:three_bolt_leggings's resource could not be built, skipping
[17:24:44] [Worker-ResourceReload-6/WARN]: [Dynamic Trim] Item mcda:shulker_armor_helmet's resource could not be built, skipping
[17:24:44] [Worker-ResourceReload-6/WARN]: [Dynamic Trim] Item imbued_gear:elementalists_helmet's resource could not be built, skipping
[17:24:44] [Worker-ResourceReload-6/WARN]: [Dynamic Trim] Item mcda:beehive_armor_leggings's resource could not be built, skipping
[17:24:44] [Worker-ResourceReload-6/WARN]: [Dynamic Trim] Item mythicmetals:metallurgium_leggings's resource could not be built, skipping
[17:24:44] [Worker-ResourceReload-6/WARN]: [Dynamic Trim] Item mcda:spider_armor_chestplate's resource could not be built, skipping
[17:24:44] [Worker-ResourceReload-6/WARN]: [Dynamic Trim] Item mythicmetals:orichalcum_chestplate's resource could not be built, skipping
[17:24:44] [Worker-ResourceReload-6/WARN]: [Dynamic Trim] Item mythicmetals:prometheum_chestplate's resource could not be built, skipping
[17:24:44] [Worker-ResourceReload-6/WARN]: [Dynamic Trim] Item mythicmetals:palladium_chestplate's resource could not be built, skipping
[17:24:44] [Worker-ResourceReload-6/WARN]: [Dynamic Trim] Item mythicmetals:orichalcum_helmet's resource could not be built, skipping
[17:24:44] [Worker-ResourceReload-6/WARN]: [Dynamic Trim] Item mythicmetals:durasteel_leggings's resource could not be built, skipping
[17:24:44] [Worker-ResourceReload-6/WARN]: [Dynamic Trim] Item mcda:sweet_tooth_helmet's resource could not be built, skipping
[17:24:44] [Worker-ResourceReload-6/WARN]: [Dynamic Trim] Item paladins:paladin_armor_head's resource could not be built, skipping
[17:24:44] [Worker-ResourceReload-6/WARN]: [Dynamic Trim] Item mythicmetals:tidesinger_chestplate's resource could not be built, skipping
[17:24:44] [Worker-ResourceReload-6/WARN]: [Dynamic Trim] Item railways:brown_conductor_cap's resource could not be built, skipping
[17:24:44] [Worker-ResourceReload-6/WARN]: [Dynamic Trim] Item mcda:verdant_robe_helmet's resource could not be built, skipping
[17:24:44] [Worker-ResourceReload-6/WARN]: [Dynamic Trim] Item mcda:piglin_armor_leggings's resource could not be built, skipping
[17:24:44] [Worker-ResourceReload-6/WARN]: [Dynamic Trim] Item mcda:shulker_armor_leggings's resource could not be built, skipping
[17:24:44] [Worker-ResourceReload-6/WARN]: [Dynamic Trim] Item wizards:wizard_robe_feet's resource could not be built, skipping
[17:24:44] [Worker-ResourceReload-6/WARN]: [Dynamic Trim] Item spellbladenext:runeblazing_chest's resource could not be built, skipping
[17:24:44] [Worker-ResourceReload-6/WARN]: [Dynamic Trim] Item mcda:archers_helmet's resource could not be built, skipping
[17:24:44] [Worker-ResourceReload-6/WARN]: [Dynamic Trim] Item mythicmetals:steel_chestplate's resource could not be built, skipping
[17:24:44] [Worker-ResourceReload-6/WARN]: [Dynamic Trim] Item mythicmetals:banglum_helmet's resource could not be built, skipping
[17:24:44] [Worker-ResourceReload-6/WARN]: [Dynamic Trim] Item mcda:fox_armor_helmet's resource could not be built, skipping
[17:24:44] [Worker-ResourceReload-6/WARN]: [Dynamic Trim] Item mcda:beenest_armor_helmet's resource could not be built, skipping
[17:24:44] [Worker-ResourceReload-6/WARN]: [Dynamic Trim] Item mcda:curious_armor_helmet's resource could not be built, skipping
[17:24:44] [Worker-ResourceReload-6/WARN]: [Dynamic Trim] Item mcda:cave_crawler_chestplate's resource could not be built, skipping
[17:24:44] [Worker-ResourceReload-6/WARN]: [Dynamic Trim] Item imbued_gear:archons_helmet's resource could not be built, skipping
[17:24:44] [Worker-ResourceReload-6/WARN]: [Dynamic Trim] Item aquamirae:three_bolt_suit's resource could not be built, skipping
[17:24:44] [Worker-ResourceReload-6/WARN]: [Dynamic Trim] Item spellbladenext:gleaming_legs's resource could not be built, skipping
[17:24:44] [Worker-ResourceReload-6/WARN]: [Dynamic Trim] Item mythicmetals:star_platinum_boots's resource could not be built, skipping
[17:24:44] [Worker-ResourceReload-6/WARN]: [Dynamic Trim] Item death_knights:blightbringer_armor_feet's resource could not be built, skipping
[17:24:44] [Worker-ResourceReload-6/WARN]: [Dynamic Trim] Item mcda:ghost_kindler_chestplate's resource could not be built, skipping
[17:24:44] [Worker-ResourceReload-6/WARN]: [Dynamic Trim] Item create:copper_backtank's resource could not be built, skipping
[17:24:44] [Worker-ResourceReload-6/WARN]: [Dynamic Trim] Item mcda:soul_robe_chestplate's resource could not be built, skipping
[17:24:44] [Worker-ResourceReload-6/WARN]: [Dynamic Trim] Item alexsmobs:frontier_cap's resource could not be built, skipping
[17:24:45] [Worker-ResourceReload-6/WARN]: [Dynamic Trim] Item death_knights:icebound_knight_armor_head's resource could not be built, skipping
[17:24:45] [Worker-ResourceReload-6/WARN]: [Dynamic Trim] Item elemental_wizards_rpg:dripstone_feet's resource could not be built, skipping
[17:24:45] [Worker-ResourceReload-6/WARN]: [Dynamic Trim] Item mcda:wither_armor_helmet's resource could not be built, skipping
[17:24:45] [Worker-ResourceReload-6/WARN]: [Dynamic Trim] Item mcda:squid_armor_helmet's resource could not be built, skipping
[17:24:45] [Worker-ResourceReload-6/WARN]: [Dynamic Trim] Item berserker_rpg:northling_chest's resource could not be built, skipping
[17:24:45] [Worker-ResourceReload-6/WARN]: [Dynamic Trim] Item mcda:gilded_glory_boots's resource could not be built, skipping
[17:24:45] [Worker-ResourceReload-6/WARN]: [Dynamic Trim] Item paladins:priest_robe_legs's resource could not be built, skipping
[17:24:45] [Worker-ResourceReload-6/WARN]: [Dynamic Trim] Item mythicmetals:carmot_boots's resource could not be built, skipping
[17:24:45] [Worker-ResourceReload-6/WARN]: [Dynamic Trim] Item mcda:archers_leggings's resource could not be built, skipping
[17:24:45] [Worker-ResourceReload-6/WARN]: [Dynamic Trim] Item mcda:guards_armor_helmet's resource could not be built, skipping
[17:24:45] [Worker-ResourceReload-6/WARN]: [Dynamic Trim] Item mcda:shadow_walker_armor_leggings's resource could not be built, skipping
[17:24:45] [Worker-ResourceReload-6/WARN]: [Dynamic Trim] Item mcda:souldancer_robe_chestplate's resource could not be built, skipping
[17:24:45] [Worker-ResourceReload-6/WARN]: [Dynamic Trim] Item imbued_gear:archons_leggings's resource could not be built, skipping
[17:24:45] [Worker-ResourceReload-6/WARN]: [Dynamic Trim] Item imbued_gear:hunters_helmet's resource could not be built, skipping
[17:24:45] [Worker-ResourceReload-6/WARN]: [Dynamic Trim] Item mythicmetals:star_platinum_chestplate's resource could not be built, skipping
[17:24:45] [Worker-ResourceReload-6/WARN]: [Dynamic Trim] Item death_knights:frozen_champion_armor_head's resource could not be built, skipping
[17:24:45] [Worker-ResourceReload-6/WARN]: [Dynamic Trim] Item spellbladenext:runeblazing_legs's resource could not be built, skipping
[17:24:45] [Worker-ResourceReload-6/WARN]: [Dynamic Trim] Item death_knights:initiate_armor_chest's resource could not be built, skipping
[17:24:45] [Worker-ResourceReload-6/WARN]: [Dynamic Trim] Item death_knights:crimson_knight_armor_head's resource could not be built, skipping
[17:24:45] [Worker-ResourceReload-6/WARN]: [Dynamic Trim] Item mcda:grim_armor_helmet's resource could not be built, skipping
[17:24:45] [Worker-ResourceReload-6/WARN]: [Dynamic Trim] Item mythicmetals:metallurgium_chestplate's resource could not be built, skipping
[17:24:45] [Worker-ResourceReload-6/WARN]: [Dynamic Trim] Item mcda:golden_piglin_armor_boots's resource could not be built, skipping
[17:24:45] [Worker-ResourceReload-6/WARN]: [Dynamic Trim] Item amethyst_imbuement:steel_chestplate's resource could not be built, skipping
[17:24:45] [Worker-ResourceReload-6/WARN]: [Dynamic Trim] Item mythicmetals:adamantite_helmet's resource could not be built, skipping
[17:24:45] [Worker-ResourceReload-6/WARN]: [Dynamic Trim] Item mcda:plate_armor_chestplate's resource could not be built, skipping
[17:24:45] [Worker-ResourceReload-6/WARN]: [Dynamic Trim] Item aquamirae:abyssal_heaume's resource could not be built, skipping
[17:24:45] [Worker-ResourceReload-6/WARN]: [Dynamic Trim] Item mcda:vanguard_armor_helmet's resource could not be built, skipping
[17:24:45] [Worker-ResourceReload-6/WARN]: [Dynamic Trim] Item mythicmetals:stormyx_chestplate's resource could not be built, skipping
[17:24:45] [Worker-ResourceReload-6/WARN]: [Dynamic Trim] Item imbued_gear:champions_helmet's resource could not be built, skipping
[17:24:45] [Worker-ResourceReload-6/WARN]: [Dynamic Trim] Item mcda:curious_armor_leggings's resource could not be built, skipping
[17:24:45] [Worker-ResourceReload-6/WARN]: [Dynamic Trim] Item mythicmetals:celestium_leggings's resource could not be built, skipping
[17:24:45] [Worker-ResourceReload-6/WARN]: [Dynamic Trim] Item spellbladenext:ashherald_legs's resource could not be built, skipping
[17:24:45] [Worker-ResourceReload-6/WARN]: [Dynamic Trim] Item forcemaster_rpg:phasleb_chest's resource could not be built, skipping
[17:24:45] [Worker-ResourceReload-6/WARN]: [Dynamic Trim] Item mcda:hunters_chestplate's resource could not be built, skipping
[17:24:45] [Worker-ResourceReload-6/WARN]: [Dynamic Trim] Item soulsweapons:chaos_robes's resource could not be built, skipping
[17:24:45] [Worker-ResourceReload-6/WARN]: [Dynamic Trim] Item imbued_gear:scholars_leggings's resource could not be built, skipping
[17:24:45] [Worker-ResourceReload-6/WARN]: [Dynamic Trim] Item mcda:battle_robe_chestplate's resource could not be built, skipping
[17:24:45] [Worker-ResourceReload-6/WARN]: [Dynamic Trim] Item soulsweapons:soul_robes_leggings's resource could not be built, skipping
[17:24:45] [Worker-ResourceReload-6/WARN]: [Dynamic Trim] Item mcda:sturdy_shulker_armor_chestplate's resource could not be built, skipping
[17:24:45] [Worker-ResourceReload-6/WARN]: [Dynamic Trim] Item mythicmetals:silver_boots's resource could not be built, skipping
[17:24:45] [Worker-ResourceReload-6/WARN]: [Dynamic Trim] Item mcda:sprout_armor_boots's resource could not be built, skipping
[17:24:45] [Worker-ResourceReload-6/WARN]: [Dynamic Trim] Item mcda:climbing_gear_chestplate's resource could not be built, skipping
[17:24:45] [Worker-ResourceReload-6/WARN]: [Dynamic Trim] Item aquamirae:terrible_leggings's resource could not be built, skipping
[17:24:45] [Worker-ResourceReload-6/WARN]: [Dynamic Trim] Item mcda:opulent_armor_boots's resource could not be built, skipping
[17:24:45] [Worker-ResourceReload-6/WARN]: [Dynamic Trim] Item mcda:thief_armor_boots's resource could not be built, skipping
[17:24:45] [Worker-ResourceReload-6/WARN]: [Dynamic Trim] Item vinery:straw_hat's resource could not be built, skipping
[17:24:45] [Worker-ResourceReload-6/WARN]: [Dynamic Trim] Item paladins:priest_robe_feet's resource could not be built, skipping
[17:24:45] [Worker-ResourceReload-6/WARN]: [Dynamic Trim] Item amethyst_imbuement:steel_helmet's resource could not be built, skipping
[17:24:45] [Worker-ResourceReload-6/WARN]: [Dynamic Trim] Item paladins:prior_robe_head's resource could not be built, skipping
[17:24:45] [Worker-ResourceReload-6/WARN]: [Dynamic Trim] Item imbued_gear:elementalists_leggings's resource could not be built, skipping
[17:24:45] [Worker-ResourceReload-6/WARN]: [Dynamic Trim] Item mcda:emerald_gear_leggings's resource could not be built, skipping
[17:24:45] [Worker-ResourceReload-6/WARN]: [Dynamic Trim] Item mcda:titans_shroud_helmet's resource could not be built, skipping
[17:24:45] [Worker-ResourceReload-6/WARN]: [Dynamic Trim] Item mcda:green_mystery_armor_helmet's resource could not be built, skipping
[17:24:45] [Worker-ResourceReload-6/WARN]: [Dynamic Trim] Item mcda:unstable_robe_helmet's resource could not be built, skipping
[17:24:45] [Worker-ResourceReload-6/WARN]: [Dynamic Trim] Item soulsweapons:withered_chest's resource could not be built, skipping
[17:24:45] [Worker-ResourceReload-6/WARN]: [Dynamic Trim] Item death_knights:plaguebringer_armor_chest's resource could not be built, skipping
[17:24:45] [Worker-ResourceReload-6/WARN]: [Dynamic Trim] Item create:netherite_diving_boots's resource could not be built, skipping
[17:24:45] [Worker-ResourceReload-6/WARN]: [Dynamic Trim] Item druids:primalist_legs's resource could not be built, skipping
[17:24:45] [Worker-ResourceReload-6/WARN]: [Dynamic Trim] Item paladins:crusader_armor_feet's resource could not be built, skipping
[17:24:45] [Worker-ResourceReload-6/WARN]: [Dynamic Trim] Item druids:primalist_chest's resource could not be built, skipping
[17:24:45] [Worker-ResourceReload-6/WARN]: [Dynamic Trim] Item archers:archer_armor_head's resource could not be built, skipping
[17:24:45] [Worker-ResourceReload-6/WARN]: [Dynamic Trim] Item plushables:cap_unicorn's resource could not be built, skipping
[17:24:45] [Worker-ResourceReload-6/WARN]: [Dynamic Trim] Item imbued_gear:scholars_chestplate's resource could not be built, skipping
[17:24:45] [Worker-ResourceReload-6/WARN]: [Dynamic Trim] Item mcda:curious_armor_boots's resource could not be built, skipping
[17:24:45] [Worker-ResourceReload-6/WARN]: [Dynamic Trim] Item mcda:white_mystery_armor_helmet's resource could not be built, skipping
[17:24:45] [Worker-ResourceReload-6/WARN]: [Dynamic Trim] Item mcda:ghost_kindler_boots's resource could not be built, skipping
[17:24:45] [Worker-ResourceReload-6/WARN]: [Dynamic Trim] Item mcda:nimble_turtle_armor_helmet's resource could not be built, skipping
[17:24:45] [Worker-ResourceReload-6/WARN]: [Dynamic Trim] Item mcda:fox_armor_boots's resource could not be built, skipping
[17:24:45] [Worker-ResourceReload-6/WARN]: [Dynamic Trim] Item mcda:turtle_armor_helmet's resource could not be built, skipping
[17:24:45] [Worker-ResourceReload-6/WARN]: [Dynamic Trim] Item spellbladenext:ashherald_head's resource could not be built, skipping
[17:24:45] [Worker-ResourceReload-6/WARN]: [Dynamic Trim] Item wizards:arcane_robe_legs's resource could not be built, skipping
[17:24:45] [Worker-ResourceReload-6/WARN]: [Dynamic Trim] Item elemental_wizards_rpg:elemental_head's resource could not be built, skipping
[17:24:45] [Worker-ResourceReload-6/WARN]: [Dynamic Trim] Item spellbladenext:arcaneherald_legs's resource could not be built, skipping
[17:24:45] [Worker-ResourceReload-6/WARN]: [Dynamic Trim] Item mcda:red_mystery_armor_leggings's resource could not be built, skipping
[17:24:45] [Worker-ResourceReload-6/WARN]: [Dynamic Trim] Item death_knights:crimson_knight_armor_legs's resource could not be built, skipping
[17:24:45] [Worker-ResourceReload-6/WARN]: [Dynamic Trim] Item amethyst_imbuement:garnet_chestplate's resource could not be built, skipping
[17:24:45] [Worker-ResourceReload-6/WARN]: [Dynamic Trim] Item mythicmetals:celestium_boots's resource could not be built, skipping
[17:24:45] [Worker-ResourceReload-6/WARN]: [Dynamic Trim] Item rogues:assassin_armor_legs's resource could not be built, skipping
[17:24:45] [Worker-ResourceReload-6/WARN]: [Dynamic Trim] Item mcda:phantom_armor_chestplate's resource could not be built, skipping
[17:24:45] [Worker-ResourceReload-6/WARN]: [Dynamic Trim] Item mythicmetals:banglum_boots's resource could not be built, skipping
[17:24:45] [Worker-ResourceReload-6/WARN]: [Dynamic Trim] Item soulsweapons:soul_ingot_boots's resource could not be built, skipping
[17:24:45] [Worker-ResourceReload-6/WARN]: [Dynamic Trim] Item aquamirae:three_bolt_helmet's resource could not be built, skipping
[17:24:45] [Worker-ResourceReload-6/WARN]: [Dynamic Trim] Item mcda:red_mystery_armor_boots's resource could not be built, skipping
[17:24:45] [Worker-ResourceReload-6/WARN]: [Dynamic Trim] Item forcemaster_rpg:oriene_feet's resource could not be built, skipping
[17:24:45] [Worker-ResourceReload-6/WARN]: [Dynamic Trim] Item mcda:golden_piglin_armor_leggings's resource could not be built, skipping
[17:24:45] [Worker-ResourceReload-6/WARN]: [Dynamic Trim] Item imbued_gear:celestial_helmet's resource could not be built, skipping
[17:24:45] [Worker-ResourceReload-6/WARN]: [Dynamic Trim] Item mythicmetals:hallowed_boots's resource could not be built, skipping
[17:24:45] [Worker-ResourceReload-6/WARN]: [Dynamic Trim] Item wizards:frost_robe_chest's resource could not be built, skipping
[17:24:45] [Worker-ResourceReload-6/WARN]: [Dynamic Trim] Item railways:magenta_conductor_cap's resource could not be built, skipping
[17:24:45] [Worker-ResourceReload-6/WARN]: [Dynamic Trim] Item mcda:gourdian_armor_boots's resource could not be built, skipping
[17:24:45] [Worker-ResourceReload-6/WARN]: [Dynamic Trim] Item mcda:renegade_armor_helmet's resource could not be built, skipping
[17:24:45] [Worker-ResourceReload-6/WARN]: [Dynamic Trim] Item imbued_gear:archons_boots's resource could not be built, skipping
[17:24:45] [Worker-ResourceReload-6/WARN]: [Dynamic Trim] Item amethyst_imbuement:glowing_leggings's resource could not be built, skipping
[17:24:45] [Worker-ResourceReload-6/WARN]: [Dynamic Trim] Item amethyst_imbuement:shimmering_boots's resource could not be built, skipping
[17:24:45] [Worker-ResourceReload-6/WARN]: [Dynamic Trim] Item mcda:frost_armor_boots's resource could not be built, skipping
[17:24:45] [Worker-ResourceReload-6/WARN]: [Dynamic Trim] Item mcda:arctic_fox_armor_boots's resource could not be built, skipping
[17:24:45] [Worker-ResourceReload-6/WARN]: [Dynamic Trim] Item create:copper_diving_boots's resource could not be built, skipping
[17:24:45] [Worker-ResourceReload-6/WARN]: [Dynamic Trim] Item railways:gray_conductor_cap's resource could not be built, skipping
[17:24:45] [Worker-ResourceReload-6/WARN]: [Dynamic Trim] Item archers:archer_armor_feet's resource could not be built, skipping
[17:24:45] [Worker-ResourceReload-6/WARN]: [Dynamic Trim] Item aquamirae:terrible_chestplate's resource could not be built, skipping
[17:24:45] [Worker-ResourceReload-6/WARN]: [Dynamic Trim] Item mcda:troubadour_armor_helmet's resource could not be built, skipping
[17:24:45] [Worker-ResourceReload-6/WARN]: [Dynamic Trim] Item mcda:teleportation_robe_leggings's resource could not be built, skipping
[17:24:45] [Worker-ResourceReload-6/WARN]: [Dynamic Trim] Item spellbladenext:arcaneherald_chest's resource could not be built, skipping
[17:24:45] [Worker-ResourceReload-6/WARN]: [Dynamic Trim] Item aquamirae:terrible_boots's resource could not be built, skipping
[17:24:45] [Worker-ResourceReload-6/WARN]: [Dynamic Trim] Item dragonloot:upgraded_dragon_chestplate's resource could not be built, skipping
[17:24:45] [Worker-ResourceReload-6/WARN]: [Dynamic Trim] Item rogues:assassin_armor_feet's resource could not be built, skipping
[17:24:45] [Worker-ResourceReload-6/WARN]: [Dynamic Trim] Item mythicmetals:bronze_chestplate's resource could not be built, skipping
[17:24:45] [Worker-ResourceReload-6/WARN]: [Dynamic Trim] Item elemental_wizards_rpg:river_legs's resource could not be built, skipping
[17:24:45] [Worker-ResourceReload-6/WARN]: [Dynamic Trim] Item mcda:arctic_fox_armor_leggings's resource could not be built, skipping
[17:24:45] [Worker-ResourceReload-6/WARN]: [Dynamic Trim] Item spellbladenext:runefrosted_head's resource could not be built, skipping
[17:24:45] [Worker-ResourceReload-6/WARN]: [Dynamic Trim] Item mythicmetals:palladium_helmet's resource could not be built, skipping
[17:24:45] [Worker-ResourceReload-6/WARN]: [Dynamic Trim] Item mcda:entertainer_garb_chestplate's resource could not be built, skipping
[17:24:45] [Worker-ResourceReload-6/WARN]: [Dynamic Trim] Item mcda:highland_armor_chestplate's resource could not be built, skipping
[17:24:45] [Worker-ResourceReload-6/WARN]: [Dynamic Trim] Item vinery:winemaker_boots's resource could not be built, skipping
[17:24:45] [Worker-ResourceReload-6/WARN]: [Dynamic Trim] Item mcda:heros_armor_helmet's resource could not be built, skipping
[17:24:45] [Worker-ResourceReload-6/WARN]: [Dynamic Trim] Item wizards:arcane_robe_feet's resource could not be built, skipping
[17:24:45] [Worker-ResourceReload-6/WARN]: [Dynamic Trim] Item mythicmetals:kyber_leggings's resource could not be built, skipping
[17:24:45] [Worker-ResourceReload-6/WARN]: [Dynamic Trim] Item spellbladenext:gleaming_chest's resource could not be built, skipping
[17:24:45] [Worker-ResourceReload-6/WARN]: [Dynamic Trim] Item mythicmetals:aquarium_helmet's resource could not be built, skipping
[17:24:45] [Worker-ResourceReload-6/WARN]: [Dynamic Trim] Item elemental_wizards_rpg:river_feet's resource could not be built, skipping
[17:24:45] [Worker-ResourceReload-6/WARN]: [Dynamic Trim] Item railways:red_conductor_cap's resource could not be built, skipping
[17:24:45] [Worker-ResourceReload-6/WARN]: [Dynamic Trim] Item mcda:climbing_gear_leggings's resource could not be built, skipping
[17:24:45] [Worker-ResourceReload-6/WARN]: [Dynamic Trim] Item mcda:wither_armor_chestplate's resource could not be built, skipping
[17:24:45] [Worker-ResourceReload-6/WARN]: [Dynamic Trim] Item imbued_gear:hunters_boots's resource could not be built, skipping
[17:24:45] [Worker-ResourceReload-6/WARN]: [Dynamic Trim] Item alexsmobs:novelty_hat's resource could not be built, skipping
[17:24:45] [Worker-ResourceReload-6/WARN]: [Dynamic Trim] Item alexsmobs:unsettling_kimono's resource could not be built, skipping
[17:24:45] [Worker-ResourceReload-6/WARN]: [Dynamic Trim] Item druids:primalist_feet's resource could not be built, skipping
[17:24:45] [Worker-ResourceReload-6/WARN]: [Dynamic Trim] Item mythicmetals:durasteel_boots's resource could not be built, skipping
[17:24:45] [Worker-ResourceReload-6/WARN]: [Dynamic Trim] Item mythicmetals:runite_leggings's resource could not be built, skipping
[17:24:45] [Worker-ResourceReload-6/WARN]: [Dynamic Trim] Item paladins:prior_robe_legs's resource could not be built, skipping
[17:24:45] [Worker-ResourceReload-6/WARN]: [Dynamic Trim] Item druids:primalist_head's resource could not be built, skipping
[17:24:45] [Worker-ResourceReload-6/WARN]: [Dynamic Trim] Item rogues:rogue_armor_feet's resource could not be built, skipping
[17:24:45] [Worker-ResourceReload-6/WARN]: [Dynamic Trim] Item mcda:ocelot_armor_chestplate's resource could not be built, skipping
[17:24:45] [Worker-ResourceReload-6/WARN]: [Dynamic Trim] Item imbued_gear:void_mail_helmet's resource could not be built, skipping
[17:24:45] [Worker-ResourceReload-6/WARN]: [Dynamic Trim] Item mcda:green_mystery_armor_chestplate's resource could not be built, skipping
[17:24:45] [Worker-ResourceReload-6/WARN]: [Dynamic Trim] Item paladins:crusader_armor_head's resource could not be built, skipping
[17:24:45] [Worker-ResourceReload-6/WARN]: [Dynamic Trim] Item mcda:stalwart_armor_chestplate's resource could not be built, skipping
[17:24:45] [Worker-ResourceReload-6/WARN]: [Dynamic Trim] Item mcda:dark_armor_leggings's resource could not be built, skipping
[17:24:45] [Worker-ResourceReload-6/WARN]: [Dynamic Trim] Item mcda:champions_armor_chestplate's resource could not be built, skipping
[17:24:45] [Worker-ResourceReload-6/WARN]: [Dynamic Trim] Item death_knights:frozen_champion_armor_legs's resource could not be built, skipping
[17:24:45] [Worker-ResourceReload-6/WARN]: [Dynamic Trim] Item death_knights:icebound_knight_armor_chest's resource could not be built, skipping
[17:24:45] [Worker-ResourceReload-6/WARN]: [Dynamic Trim] Item mcda:opulent_armor_chestplate's resource could not be built, skipping
[17:24:45] [Worker-ResourceReload-6/WARN]: [Dynamic Trim] Item mcda:goat_gear_chestplate's resource could not be built, skipping
[17:24:45] [Worker-ResourceReload-6/WARN]: [Dynamic Trim] Item spellbladenext:runefrosted_feet's resource could not be built, skipping
[17:24:45] [Worker-ResourceReload-6/WARN]: [Dynamic Trim] Item mythicmetals:runite_helmet's resource could not be built, skipping
[17:24:45] [Worker-ResourceReload-6/WARN]: [Dynamic Trim] Item mcda:turtle_armor_leggings's resource could not be built, skipping
[17:24:45] [Worker-ResourceReload-6/WARN]: [Dynamic Trim] Item mcda:gilded_glory_helmet's resource could not be built, skipping
[17:24:45] [Worker-ResourceReload-6/WARN]: [Dynamic Trim] Item mcda:emerald_gear_helmet's resource could not be built, skipping
[17:24:45] [Worker-ResourceReload-6/WARN]: [Dynamic Trim] Item mcda:living_vines_armor_helmet's resource could not be built, skipping
[17:24:45] [Worker-ResourceReload-6/WARN]: [Dynamic Trim] Item wizards:arcane_robe_head's resource could not be built, skipping
[17:24:45] [Worker-ResourceReload-6/WARN]: [Dynamic Trim] Item adventurez:gilded_netherite_helmet's resource could not be built, skipping
[17:24:45] [Worker-ResourceReload-6/WARN]: [Dynamic Trim] Item mythicmetals:mythril_chestplate's resource could not be built, skipping
[17:24:45] [Worker-ResourceReload-6/WARN]: [Dynamic Trim] Item imbued_gear:elementalists_boots's resource could not be built, skipping
[17:24:45] [Worker-ResourceReload-6/WARN]: [Dynamic Trim] Item spellbladenext:arcaneherald_head's resource could not be built, skipping
[17:24:45] [Worker-ResourceReload-6/WARN]: [Dynamic Trim] Item amethyst_imbuement:ametrine_leggings's resource could not be built, skipping
[17:24:45] [Worker-ResourceReload-6/WARN]: [Dynamic Trim] Item elemental_wizards_rpg:elemental_legs's resource could not be built, skipping
[17:24:45] [Worker-ResourceReload-6/WARN]: [Dynamic Trim] Item paladins:paladin_armor_chest's resource could not be built, skipping
[17:24:45] [Worker-ResourceReload-6/WARN]: [Dynamic Trim] Item adventurez:gilded_netherite_chestplate's resource could not be built, skipping
[17:24:45] [Worker-ResourceReload-6/WARN]: [Dynamic Trim] Item soulsweapons:forlorn_chestplate's resource could not be built, skipping
[17:24:45] [Worker-ResourceReload-6/WARN]: [Dynamic Trim] Item forcemaster_rpg:phasleb_feet's resource could not be built, skipping
[17:24:45] [Worker-ResourceReload-6/WARN]: [Dynamic Trim] Item rogues:assassin_armor_head's resource could not be built, skipping
[17:24:45] [Worker-ResourceReload-6/WARN]: [Dynamic Trim] Item imbued_gear:champions_leggings's resource could not be built, skipping
[17:24:45] [Worker-ResourceReload-6/WARN]: [Dynamic Trim] Item death_knights:crimson_guard_armor_feet's resource could not be built, skipping
[17:24:45] [Worker-ResourceReload-6/WARN]: [Dynamic Trim] Item spellbladenext:runegleaming_chest's resource could not be built, skipping
[17:24:45] [Worker-ResourceReload-6/WARN]: [Dynamic Trim] Item dragonloot:dragon_leggings's resource could not be built, skipping
[17:24:45] [Worker-ResourceReload-6/WARN]: [Dynamic Trim] Item mcda:phantom_armor_boots's resource could not be built, skipping
[17:24:45] [Worker-ResourceReload-6/WARN]: [Dynamic Trim] Item mythicmetals:bronze_boots's resource could not be built, skipping
[17:24:45] [Worker-ResourceReload-6/WARN]: [Dynamic Trim] Item mcda:ocelot_armor_boots's resource could not be built, skipping
[17:24:45] [Worker-ResourceReload-6/WARN]: [Dynamic Trim] Item mythicmetals:carmot_leggings's resource could not be built, skipping
[17:24:45] [Worker-ResourceReload-6/WARN]: [Dynamic Trim] Item mythicmetals:palladium_boots's resource could not be built, skipping
[17:24:45] [Worker-ResourceReload-6/WARN]: [Dynamic Trim] Item berserker_rpg:northling_legs's resource could not be built, skipping
[17:24:45] [Worker-ResourceReload-6/WARN]: [Dynamic Trim] Item mcda:blue_mystery_armor_chestplate's resource could not be built, skipping
[17:24:45] [Worker-ResourceReload-6/WARN]: [Dynamic Trim] Item mcda:frost_bite_armor_leggings's resource could not be built, skipping
[17:24:45] [Worker-ResourceReload-6/WARN]: [Dynamic Trim] Item mcda:goat_gear_leggings's resource could not be built, skipping
[17:24:45] [Worker-ResourceReload-6/WARN]: [Dynamic Trim] Item vinery:winemaker_apron's resource could not be built, skipping
[17:24:45] [Worker-ResourceReload-6/WARN]: [Dynamic Trim] Item mcda:troubadour_armor_leggings's resource could not be built, skipping
[17:24:45] [Worker-ResourceReload-6/WARN]: [Dynamic Trim] Item mcda:wither_armor_leggings's resource could not be built, skipping
[17:24:45] [Worker-ResourceReload-6/WARN]: [Dynamic Trim] Item elemental_wizards_rpg:river_head's resource could not be built, skipping
[17:24:45] [Worker-ResourceReload-6/WARN]: [Dynamic Trim] Item mcda:piglin_armor_chestplate's resource could not be built, skipping
[17:24:45] [Worker-ResourceReload-6/WARN]: [Dynamic Trim] Item mythicmetals:star_platinum_leggings's resource could not be built, skipping
[17:24:45] [Worker-ResourceReload-6/WARN]: [Dynamic Trim] Item spellbladenext:ashherald_chest's resource could not be built, skipping
[17:24:45] [Worker-ResourceReload-6/WARN]: [Dynamic Trim] Item mythicmetals:legendary_banglum_chestplate's resource could not be built, skipping
[17:24:45] [Worker-ResourceReload-6/WARN]: [Dynamic Trim] Item mcda:unstable_robe_boots's resource could not be built, skipping
[17:24:45] [Worker-ResourceReload-6/WARN]: [Dynamic Trim] Item mythicmetals:adamantite_leggings's resource could not be built, skipping
[17:24:45] [Worker-ResourceReload-6/WARN]: [Dynamic Trim] Item imbued_gear:celestial_chestplate's resource could not be built, skipping
[17:24:45] [Worker-ResourceReload-6/WARN]: [Dynamic Trim] Item imbued_gear:lich_kings_chestplate's resource could not be built, skipping
[17:24:45] [Worker-ResourceReload-6/WARN]: [Dynamic Trim] Item mcda:entertainer_garb_boots's resource could not be built, skipping
[17:24:45] [Worker-ResourceReload-6/WARN]: [Dynamic Trim] Item mcda:arctic_fox_armor_helmet's resource could not be built, skipping
[17:24:45] [Worker-ResourceReload-6/WARN]: [Dynamic Trim] Item railways:light_gray_conductor_cap's resource could not be built, skipping
[17:24:45] [Worker-ResourceReload-6/WARN]: [Dynamic Trim] Item mcda:champions_armor_leggings's resource could not be built, skipping
[17:24:45] [Worker-ResourceReload-6/WARN]: [Dynamic Trim] Item spellbladenext:ashherald_feet's resource could not be built, skipping
[17:24:45] [Worker-ResourceReload-6/WARN]: [Dynamic Trim] Item alexsmobs:spiked_turtle_shell's resource could not be built, skipping
[17:24:45] [Worker-ResourceReload-6/WARN]: [Dynamic Trim] Item elemental_wizards_rpg:kelp_chest's resource could not be built, skipping
[17:24:45] [Worker-ResourceReload-6/WARN]: [Dynamic Trim] Item railways:lime_conductor_cap's resource could not be built, skipping
[17:24:45] [Worker-ResourceReload-6/WARN]: [Dynamic Trim] Item mythicmetals:hallowed_chestplate's resource could not be built, skipping
[17:24:45] [Worker-ResourceReload-6/WARN]: [Dynamic Trim] Item mcda:nimble_turtle_armor_chestplate's resource could not be built, skipping
[17:24:45] [Worker-ResourceReload-6/WARN]: [Dynamic Trim] Item mcda:reinforced_mail_chestplate's resource could not be built, skipping
[17:24:45] [Worker-ResourceReload-6/WARN]: [Dynamic Trim] Item mythicmetals:banglum_leggings's resource could not be built, skipping
[17:24:45] [Worker-ResourceReload-6/WARN]: [Dynamic Trim] Item mcda:full_metal_armor_leggings's resource could not be built, skipping
[17:24:45] [Worker-ResourceReload-6/WARN]: [Dynamic Trim] Item mcda:piglin_armor_boots's resource could not be built, skipping
[17:24:45] [Worker-ResourceReload-6/WARN]: [Dynamic Trim] Item amethyst_imbuement:garnet_leggings's resource could not be built, skipping
[17:24:45] [Worker-ResourceReload-6/WARN]: [Dynamic Trim] Item mcda:beenest_armor_boots's resource could not be built, skipping
[17:24:45] [Worker-ResourceReload-6/WARN]: [Dynamic Trim] Item aquamirae:abyssal_boots's resource could not be built, skipping
[17:24:45] [Worker-ResourceReload-6/WARN]: [Dynamic Trim] Item mcda:wither_armor_boots's resource could not be built, skipping
[17:24:45] [Worker-ResourceReload-6/WARN]: [Dynamic Trim] Item mcda:vanguard_armor_leggings's resource could not be built, skipping
[17:24:45] [Worker-ResourceReload-6/WARN]: [Dynamic Trim] Item mcda:archers_boots's resource could not be built, skipping
[17:24:45] [Worker-ResourceReload-6/WARN]: [Dynamic Trim] Item mcda:black_wolf_armor_helmet's resource could not be built, skipping
[17:24:45] [Worker-ResourceReload-6/WARN]: [Dynamic Trim] Item elemental_wizards_rpg:kelp_legs's resource could not be built, skipping
[17:24:45] [Worker-ResourceReload-6/WARN]: [Dynamic Trim] Item alexsmobs:crocodile_chestplate's resource could not be built, skipping
[17:24:45] [Worker-ResourceReload-6/WARN]: [Dynamic Trim] Item spellbladenext:runefrosted_legs's resource could not be built, skipping
[17:24:45] [Worker-ResourceReload-6/WARN]: [Dynamic Trim] Item mcda:phantom_armor_leggings's resource could not be built, skipping
[17:24:45] [Worker-ResourceReload-6/WARN]: [Dynamic Trim] Item paladins:paladin_armor_feet's resource could not be built, skipping
[17:24:45] [Worker-ResourceReload-6/WARN]: [Dynamic Trim] Item wizards:wizard_robe_chest's resource could not be built, skipping
[17:24:45] [Worker-ResourceReload-6/WARN]: [Dynamic Trim] Item imbued_gear:spellblades_chestplate's resource could not be built, skipping
[17:24:45] [Worker-ResourceReload-6/WARN]: [Dynamic Trim] Item wizards:fire_robe_head's resource could not be built, skipping
[17:24:45] [Worker-ResourceReload-6/WARN]: [Dynamic Trim] Item rogues:berserker_armor_head's resource could not be built, skipping
[17:24:45] [Worker-ResourceReload-6/WARN]: [Dynamic Trim] Item mcda:souldancer_robe_leggings's resource could not be built, skipping
[17:24:45] [Worker-ResourceReload-6/WARN]: [Dynamic Trim] Item mcda:shadow_walker_armor_helmet's resource could not be built, skipping
[17:24:45] [Worker-ResourceReload-6/WARN]: [Dynamic Trim] Item death_knights:icebound_knight_armor_feet's resource could not be built, skipping
[17:24:45] [Worker-ResourceReload-6/WARN]: [Dynamic Trim] Item mcda:blue_mystery_armor_boots's resource could not be built, skipping
[17:24:45] [Worker-ResourceReload-6/WARN]: [Dynamic Trim] Item mcda:gourdian_armor_helmet's resource could not be built, skipping
[17:24:45] [Worker-ResourceReload-6/WARN]: [Dynamic Trim] Item mcda:turtle_armor_chestplate's resource could not be built, skipping
[17:24:45] [Worker-ResourceReload-6/WARN]: [Dynamic Trim] Item mcda:mercenary_armor_boots's resource could not be built, skipping
[17:24:45] [Worker-ResourceReload-6/WARN]: [Dynamic Trim] Item soulsweapons:forlorn_helmet's resource could not be built, skipping
[17:24:45] [Worker-ResourceReload-6/WARN]: [Dynamic Trim] Item imbued_gear:void_mail_leggings's resource could not be built, skipping
[17:24:45] [Worker-ResourceReload-6/WARN]: [Dynamic Trim] Item spellbladenext:runeblazing_feet's resource could not be built, skipping
[17:24:45] [Worker-ResourceReload-6/WARN]: [Dynamic Trim] Item mcda:black_wolf_armor_leggings's resource could not be built, skipping
[17:24:45] [Worker-ResourceReload-6/WARN]: [Dynamic Trim] Item mcda:entertainer_garb_helmet's resource could not be built, skipping
[17:24:45] [Worker-ResourceReload-6/WARN]: [Dynamic Trim] Item mcda:grim_armor_chestplate's resource could not be built, skipping
[17:24:45] [Worker-ResourceReload-6/WARN]: [Dynamic Trim] Item mcda:ghostly_armor_helmet's resource could not be built, skipping
[17:24:45] [Worker-ResourceReload-6/WARN]: [Dynamic Trim] Item mcda:sweet_tooth_chestplate's resource could not be built, skipping
[17:24:45] [Worker-ResourceReload-6/WARN]: [Dynamic Trim] Item forcemaster_rpg:oriene_legs's resource could not be built, skipping
[17:24:45] [Worker-ResourceReload-6/WARN]: [Dynamic Trim] Item mythicmetals:adamantite_boots's resource could not be built, skipping
[17:24:45] [Worker-ResourceReload-6/WARN]: [Dynamic Trim] Item amethyst_imbuement:steel_leggings's resource could not be built, skipping
[17:24:45] [Worker-ResourceReload-6/WARN]: [Dynamic Trim] Item mcda:sturdy_shulker_armor_leggings's resource could not be built, skipping
[17:24:45] [Worker-ResourceReload-6/WARN]: [Dynamic Trim] Item mcda:cave_crawler_leggings's resource could not be built, skipping
[17:24:45] [Worker-ResourceReload-6/WARN]: [Dynamic Trim] Item mcda:teleportation_robe_chestplate's resource could not be built, skipping
[17:24:45] [Worker-ResourceReload-6/WARN]: [Dynamic Trim] Item doublejumpattribute:jump_boots's resource could not be built, skipping
[17:24:45] [Worker-ResourceReload-6/WARN]: [Dynamic Trim] Item mcda:plate_armor_boots's resource could not be built, skipping
[17:24:45] [Worker-ResourceReload-6/WARN]: [Dynamic Trim] Item mcda:ocelot_armor_leggings's resource could not be built, skipping
[17:24:45] [Worker-ResourceReload-6/WARN]: [Dynamic Trim] Item mcda:nimble_turtle_armor_boots's resource could not be built, skipping
[17:24:45] [Worker-ResourceReload-6/WARN]: [Dynamic Trim] Item imbued_gear:warriors_chestplate's resource could not be built, skipping
[17:24:45] [Worker-ResourceReload-6/WARN]: [Dynamic Trim] Item mcda:purple_mystery_armor_boots's resource could not be built, skipping
[17:24:45] [Worker-ResourceReload-6/WARN]: [Dynamic Trim] Item railways:light_blue_conductor_cap's resource could not be built, skipping
[17:24:45] [Worker-ResourceReload-6/WARN]: [Dynamic Trim] Item mcda:blue_mystery_armor_helmet's resource could not be built, skipping
[17:24:45] [Worker-ResourceReload-6/WARN]: [Dynamic Trim] Item death_knights:crimson_guard_armor_head's resource could not be built, skipping
[17:24:45] [Worker-ResourceReload-6/WARN]: [Dynamic Trim] Item mcda:guards_armor_chestplate's resource could not be built, skipping
[17:24:45] [Worker-ResourceReload-6/WARN]: [Dynamic Trim] Item archers:ranger_armor_chest's resource could not be built, skipping
[17:24:45] [Worker-ResourceReload-6/WARN]: [Dynamic Trim] Item mcda:scale_mail_chestplate's resource could not be built, skipping
[17:24:45] [Worker-ResourceReload-6/WARN]: [Dynamic Trim] Item mcda:nimble_turtle_armor_leggings's resource could not be built, skipping
[17:24:45] [Worker-ResourceReload-6/WARN]: [Dynamic Trim] Item spellbladenext:magus_feet's resource could not be built, skipping
[17:24:45] [Worker-ResourceReload-6/WARN]: [Dynamic Trim] Item mcda:squid_armor_leggings's resource could not be built, skipping
[17:24:45] [Worker-ResourceReload-6/WARN]: [Dynamic Trim] Item mcda:renegade_armor_boots's resource could not be built, skipping
[17:24:45] [Worker-ResourceReload-6/WARN]: [Dynamic Trim] Item mythicmetals:metallurgium_boots's resource could not be built, skipping
[17:24:45] [Worker-ResourceReload-6/WARN]: [Dynamic Trim] Item mcda:ghostly_armor_chestplate's resource could not be built, skipping
[17:24:45] [Worker-ResourceReload-6/WARN]: [Dynamic Trim] Item mcda:plate_armor_leggings's resource could not be built, skipping
[17:24:45] [Worker-ResourceReload-6/WARN]: [Dynamic Trim] Item amethyst_imbuement:steel_boots's resource could not be built, skipping
[17:24:45] [Worker-ResourceReload-6/WARN]: [Dynamic Trim] Item mythicmetals:stormyx_helmet's resource could not be built, skipping
[17:24:45] [Worker-ResourceReload-6/WARN]: [Dynamic Trim] Item amethyst_imbuement:soulwoven_leggings's resource could not be built, skipping
[17:24:45] [Worker-ResourceReload-6/WARN]: [Dynamic Trim] Item imbued_gear:warriors_boots's resource could not be built, skipping
[17:24:45] [Worker-ResourceReload-6/WARN]: [Dynamic Trim] Item mcda:beenest_armor_chestplate's resource could not be built, skipping
[17:24:45] [Worker-ResourceReload-6/WARN]: [Dynamic Trim] Item amethyst_imbuement:ametrine_helmet's resource could not be built, skipping
[17:24:45] [Worker-ResourceReload-6/WARN]: [Dynamic Trim] Item spellbladenext:blazing_chest's resource could not be built, skipping
[17:24:45] [Worker-ResourceReload-6/WARN]: [Dynamic Trim] Item berserker_rpg:wildling_head's resource could not be built, skipping
[17:24:45] [Worker-ResourceReload-6/WARN]: [Dynamic Trim] Item mcda:black_wolf_armor_chestplate's resource could not be built, skipping
[17:24:45] [Worker-ResourceReload-6/WARN]: [Dynamic Trim] Item mcda:fox_armor_chestplate's resource could not be built, skipping
[17:24:45] [Worker-ResourceReload-6/WARN]: [Dynamic Trim] Item mythicmetals:steel_helmet's resource could not be built, skipping
[17:24:45] [Worker-ResourceReload-6/WARN]: [Dynamic Trim] Item adventurez:gilded_netherite_boots's resource could not be built, skipping
[17:24:45] [Worker-ResourceReload-6/WARN]: [Dynamic Trim] Item mcda:wolf_armor_chestplate's resource could not be built, skipping
[17:24:45] [Worker-ResourceReload-6/WARN]: [Dynamic Trim] Item mythicmetals:bronze_leggings's resource could not be built, skipping
[17:24:45] [Worker-ResourceReload-6/WARN]: [Dynamic Trim] Item berserker_rpg:northling_head's resource could not be built, skipping
[17:24:45] [Worker-ResourceReload-6/WARN]: [Dynamic Trim] Item soulsweapons:soul_robes_chestplate's resource could not be built, skipping
[17:24:45] [Worker-ResourceReload-6/WARN]: [Dynamic Trim] Item mcda:gilded_glory_leggings's resource could not be built, skipping
[17:24:45] [Worker-ResourceReload-6/WARN]: [Dynamic Trim] Item aquamirae:three_bolt_boots's resource could not be built, skipping
[17:24:45] [Worker-ResourceReload-6/WARN]: [Dynamic Trim] Item mcda:spider_armor_leggings's resource could not be built, skipping
[17:24:45] [Worker-ResourceReload-6/WARN]: [Dynamic Trim] Item wizards:fire_robe_legs's resource could not be built, skipping
[17:24:45] [Worker-ResourceReload-6/WARN]: [Dynamic Trim] Item paladins:prior_robe_feet's resource could not be built, skipping
[17:24:45] [Worker-ResourceReload-6/WARN]: [Dynamic Trim] Item railways:purple_conductor_cap's resource could not be built, skipping
[17:24:45] [Worker-ResourceReload-6/WARN]: [Dynamic Trim] Item amethyst_imbuement:ametrine_boots's resource could not be built, skipping
[17:24:45] [Worker-ResourceReload-6/WARN]: [Dynamic Trim] Item mythicmetals:prometheum_leggings's resource could not be built, skipping
[17:24:45] [Worker-ResourceReload-6/WARN]: [Dynamic Trim] Item mythicmetals:tidesinger_leggings's resource could not be built, skipping
[17:24:45] [Worker-ResourceReload-6/WARN]: [Dynamic Trim] Item berserker_rpg:wildling_chest's resource could not be built, skipping
[17:24:45] [Worker-ResourceReload-6/WARN]: [Dynamic Trim] Item mcda:champions_armor_boots's resource could not be built, skipping
[17:24:45] [Worker-ResourceReload-6/WARN]: [Dynamic Trim] Item elemental_wizards_rpg:kelp_head's resource could not be built, skipping
[17:24:45] [Worker-ResourceReload-6/WARN]: [Dynamic Trim] Item mcda:soul_robe_boots's resource could not be built, skipping
[17:24:45] [Worker-ResourceReload-6/WARN]: [Dynamic Trim] Item mcda:plate_armor_helmet's resource could not be built, skipping
[17:24:45] [Worker-ResourceReload-6/WARN]: [Dynamic Trim] Item mcda:stalwart_armor_boots's resource could not be built, skipping
[17:24:45] [Worker-ResourceReload-6/WARN]: [Dynamic Trim] Item mcda:golden_piglin_armor_chestplate's resource could not be built, skipping
[17:24:45] [Worker-ResourceReload-6/WARN]: [Dynamic Trim] Item mcda:reinforced_mail_leggings's resource could not be built, skipping
[17:24:45] [Worker-ResourceReload-6/WARN]: [Dynamic Trim] Item spellbladenext:frostherald_chest's resource could not be built, skipping
[17:24:45] [Worker-ResourceReload-6/WARN]: [Dynamic Trim] Item death_knights:crimson_guard_armor_chest's resource could not be built, skipping
[17:24:45] [Worker-ResourceReload-6/WARN]: [Dynamic Trim] Item mcda:battle_robe_leggings's resource could not be built, skipping
[17:24:45] [Worker-ResourceReload-6/WARN]: [Dynamic Trim] Item spellbladenext:frozen_feet's resource could not be built, skipping
[17:24:45] [Worker-ResourceReload-6/WARN]: [Dynamic Trim] Item mcda:beehive_armor_helmet's resource could not be built, skipping
[17:24:45] [Worker-ResourceReload-6/WARN]: [Dynamic Trim] Item mythicmetals:aquarium_leggings's resource could not be built, skipping
[17:24:45] [Worker-ResourceReload-6/WARN]: [Dynamic Trim] Item elemental_wizards_rpg:dripstone_chest's resource could not be built, skipping
[17:24:45] [Worker-ResourceReload-6/WARN]: [Dynamic Trim] Item forcemaster_rpg:oriene_head's resource could not be built, skipping
[17:24:45] [Worker-ResourceReload-6/WARN]: [Dynamic Trim] Item mcda:soul_robe_helmet's resource could not be built, skipping
[17:24:45] [Worker-ResourceReload-6/WARN]: [Dynamic Trim] Item mythicmetals:osmium_chainmail_leggings's resource could not be built, skipping
[17:24:45] [Worker-ResourceReload-6/WARN]: [Dynamic Trim] Item spellbladenext:magus_legs's resource could not be built, skipping
[17:24:45] [Worker-ResourceReload-6/WARN]: [Dynamic Trim] Item mcda:sweet_tooth_leggings's resource could not be built, skipping
[17:24:45] [Worker-ResourceReload-6/WARN]: [Dynamic Trim] Item mythicmetals:kyber_helmet's resource could not be built, skipping
[17:24:45] [Worker-ResourceReload-6/WARN]: [Dynamic Trim] Item alexsmobs:froststalker_helmet's resource could not be built, skipping
[17:24:45] [Worker-ResourceReload-6/WARN]: [Dynamic Trim] Item imbued_gear:scholars_helmet's resource could not be built, skipping
[17:24:45] [Worker-ResourceReload-6/WARN]: [Dynamic Trim] Item mythicmetals:mythril_helmet's resource could not be built, skipping
[17:24:45] [Worker-ResourceReload-6/WARN]: [Dynamic Trim] Item mcda:evocation_robe_leggings's resource could not be built, skipping
[17:24:45] [Worker-ResourceReload-6/WARN]: [Dynamic Trim] Item mythicmetals:prometheum_helmet's resource could not be built, skipping
[17:24:45] [Worker-ResourceReload-6/WARN]: [Dynamic Trim] Item elemental_wizards_rpg:elemental_feet's resource could not be built, skipping
[17:24:45] [Worker-ResourceReload-6/WARN]: [Dynamic Trim] Item mythicmetals:hallowed_leggings's resource could not be built, skipping
[17:24:45] [Worker-ResourceReload-6/WARN]: [Dynamic Trim] Item amethyst_imbuement:shimmering_chestplate's resource could not be built, skipping
[17:24:45] [Worker-ResourceReload-6/WARN]: [Dynamic Trim] Item mythicmetals:osmium_chainmail_boots's resource could not be built, skipping
[17:24:45] [Worker-ResourceReload-6/WARN]: [Dynamic Trim] Item mcda:renegade_armor_leggings's resource could not be built, skipping
[17:24:45] [Worker-ResourceReload-6/WARN]: [Dynamic Trim] Item mcda:thief_armor_chestplate's resource could not be built, skipping
[17:24:45] [Worker-ResourceReload-6/WARN]: [Dynamic Trim] Item mcda:beehive_armor_boots's resource could not be built, skipping
[17:24:45] [Worker-ResourceReload-6/WARN]: [Dynamic Trim] Item death_knights:crimson_guard_armor_legs's resource could not be built, skipping
[17:24:45] [Worker-ResourceReload-6/WARN]: [Dynamic Trim] Item soulsweapons:enhanced_withered_chest's resource could not be built, skipping
[17:24:45] [Worker-ResourceReload-6/WARN]: [Dynamic Trim] Item mcda:turtle_armor_boots's resource could not be built, skipping
[17:24:45] [Worker-ResourceReload-6/WARN]: [Dynamic Trim] Item death_knights:frozen_champion_armor_feet's resource could not be built, skipping
[17:24:45] [Worker-ResourceReload-6/WARN]: [Dynamic Trim] Item imbued_gear:warriors_leggings's resource could not be built, skipping
[17:24:45] [Worker-ResourceReload-6/WARN]: [Dynamic Trim] Item amethyst_imbuement:soulwoven_helmet's resource could not be built, skipping
[17:24:45] [Worker-ResourceReload-6/WARN]: [Dynamic Trim] Item plushables:cap_truffles's resource could not be built, skipping
[17:24:45] [Worker-ResourceReload-6/WARN]: [Dynamic Trim] Item spellbladenext:frostherald_legs's resource could not be built, skipping
[17:24:45] [Worker-ResourceReload-6/WARN]: [Dynamic Trim] Item archers:ranger_armor_feet's resource could not be built, skipping
[17:24:45] [Worker-ResourceReload-6/WARN]: [Dynamic Trim] Item mcda:stalwart_armor_helmet's resource could not be built, skipping
[17:24:45] [Worker-ResourceReload-6/WARN]: [Dynamic Trim] Item mcda:stalwart_armor_leggings's resource could not be built, skipping
[17:24:45] [Worker-ResourceReload-6/WARN]: [Dynamic Trim] Item spellbladenext:blazing_legs's resource could not be built, skipping
[17:24:45] [Worker-ResourceReload-6/WARN]: [Dynamic Trim] Item alexsmobs:moose_headgear's resource could not be built, skipping
[17:24:45] [Worker-ResourceReload-6/WARN]: [Dynamic Trim] Item mythicmetals:hallowed_helmet's resource could not be built, skipping
[17:24:45] [Worker-ResourceReload-6/WARN]: [Dynamic Trim] Item spellbladenext:runefrosted_chest's resource could not be built, skipping
[17:24:45] [Worker-ResourceReload-6/WARN]: [Dynamic Trim] Item imbued_gear:eternity_boots's resource could not be built, skipping
[17:24:45] [Worker-ResourceReload-6/WARN]: [Dynamic Trim] Item mcda:mercenary_armor_chestplate's resource could not be built, skipping
[17:24:45] [Worker-ResourceReload-6/WARN]: [Dynamic Trim] Item spellbladenext:frozen_chest's resource could not be built, skipping
[17:24:45] [Worker-ResourceReload-6/WARN]: [Dynamic Trim] Item soulsweapons:forlorn_leggings's resource could not be built, skipping
[17:24:45] [Worker-ResourceReload-6/WARN]: [Dynamic Trim] Item mythicmetals:legendary_banglum_boots's resource could not be built, skipping
[17:24:45] [Worker-ResourceReload-6/WARN]: [Dynamic Trim] Item mcda:dark_armor_helmet's resource could not be built, skipping
[17:24:45] [Worker-ResourceReload-6/WARN]: [Dynamic Trim] Item spellbladenext:runegleaming_head's resource could not be built, skipping
[17:24:45] [Worker-ResourceReload-6/WARN]: [Dynamic Trim] Item alexsmobs:fedora's resource could not be built, skipping
[17:24:45] [Worker-ResourceReload-6/WARN]: [Dynamic Trim] Item mcda:climbing_gear_helmet's resource could not be built, skipping
[17:24:45] [Worker-ResourceReload-6/WARN]: [Dynamic Trim] Item mcda:royal_guard_armor_helmet's resource could not be built, skipping
[17:24:45] [Worker-ResourceReload-6/WARN]: [Dynamic Trim] Item mcda:glow_squid_armor_boots's resource could not be built, skipping
[17:24:45] [Worker-ResourceReload-6/WARN]: [Dynamic Trim] Item berserker_rpg:wildling_legs's resource could not be built, skipping
[17:24:45] [Worker-ResourceReload-6/WARN]: [Dynamic Trim] Item amethyst_imbuement:glowing_helmet's resource could not be built, skipping
[17:24:45] [Worker-ResourceReload-6/WARN]: [Dynamic Trim] Item mcda:reinforced_mail_boots's resource could not be built, skipping
[17:24:45] [Worker-ResourceReload-6/WARN]: [Dynamic Trim] Item mcda:shadow_walker_armor_chestplate's resource could not be built, skipping
[17:24:45] [Worker-ResourceReload-6/WARN]: [Dynamic Trim] Item mcda:troubadour_armor_boots's resource could not be built, skipping
[17:24:45] [Worker-ResourceReload-6/WARN]: [Dynamic Trim] Item death_knights:icebound_knight_armor_legs's resource could not be built, skipping
[17:24:45] [Worker-ResourceReload-6/WARN]: [Dynamic Trim] Item mcda:unstable_robe_leggings's resource could not be built, skipping
[17:24:45] [Worker-ResourceReload-6/WARN]: [Dynamic Trim] Item soulsweapons:soul_robes_helmet's resource could not be built, skipping
[17:24:45] [Worker-ResourceReload-6/WARN]: [Dynamic Trim] Item imbued_gear:champions_boots's resource could not be built, skipping
[17:24:45] [Worker-ResourceReload-6/WARN]: [Dynamic Trim] Item mcda:hungry_horror_leggings's resource could not be built, skipping
[17:24:45] [Worker-ResourceReload-6/WARN]: [Dynamic Trim] Item mythicmetals:mythril_leggings's resource could not be built, skipping
[17:24:45] [Worker-ResourceReload-6/WARN]: [Dynamic Trim] Item mythicmetals:steel_boots's resource could not be built, skipping
[17:24:45] [Worker-ResourceReload-6/WARN]: [Dynamic Trim] Item mcda:glow_squid_armor_helmet's resource could not be built, skipping
[17:24:45] [Worker-ResourceReload-6/WARN]: [Dynamic Trim] Item amethyst_imbuement:garnet_boots's resource could not be built, skipping
[17:24:45] [Worker-ResourceReload-6/WARN]: [Dynamic Trim] Item rogues:warrior_armor_feet's resource could not be built, skipping
[17:24:45] [Worker-ResourceReload-6/WARN]: [Dynamic Trim] Item mythicmetals:silver_chestplate's resource could not be built, skipping
[17:24:45] [Worker-ResourceReload-6/WARN]: [Dynamic Trim] Item mcda:sprout_armor_helmet's resource could not be built, skipping
[17:24:45] [Worker-ResourceReload-6/WARN]: [Dynamic Trim] Item spellbladenext:magus_head's resource could not be built, skipping
[17:24:45] [Worker-ResourceReload-6/WARN]: [Dynamic Trim] Item imbued_gear:hunters_chestplate's resource could not be built, skipping
[17:24:45] [Worker-ResourceReload-6/WARN]: [Dynamic Trim] Item mcda:frost_armor_chestplate's resource could not be built, skipping
[17:24:45] [Worker-ResourceReload-6/WARN]: [Dynamic Trim] Item soulsweapons:arkenplate's resource could not be built, skipping
[17:24:45] [Worker-ResourceReload-6/WARN]: [Dynamic Trim] Item mythicmetals:adamantite_chestplate's resource could not be built, skipping
[17:24:45] [Worker-ResourceReload-6/WARN]: [Dynamic Trim] Item death_knights:crimson_knight_armor_chest's resource could not be built, skipping
[17:24:45] [Worker-ResourceReload-6/WARN]: [Dynamic Trim] Item wizards:arcane_robe_chest's resource could not be built, skipping
[17:24:45] [Worker-ResourceReload-6/WARN]: [Dynamic Trim] Item imbued_gear:lich_kings_boots's resource could not be built, skipping
[17:24:45] [Worker-ResourceReload-6/WARN]: [Dynamic Trim] Item mythicmetals:copper_helmet's resource could not be built, skipping
[17:24:45] [Worker-ResourceReload-6/WARN]: [Dynamic Trim] Item mythicmetals:osmium_chestplate's resource could not be built, skipping
[17:24:45] [Worker-ResourceReload-6/WARN]: [Dynamic Trim] Item amethyst_imbuement:soulwoven_boots's resource could not be built, skipping
[17:24:45] [Worker-ResourceReload-6/WARN]: [Dynamic Trim] Item mcda:spelunker_armor_helmet's resource could not be built, skipping
[17:24:45] [Worker-ResourceReload-6/WARN]: [Dynamic Trim] Item mcda:sprout_armor_leggings's resource could not be built, skipping
[17:24:45] [Worker-ResourceReload-6/WARN]: [Dynamic Trim] Item mcda:green_mystery_armor_leggings's resource could not be built, skipping
[17:24:45] [Worker-ResourceReload-6/WARN]: [Dynamic Trim] Item mcda:shulker_armor_boots's resource could not be built, skipping
[17:24:45] [Worker-ResourceReload-6/WARN]: [Dynamic Trim] Item mcda:highland_armor_helmet's resource could not be built, skipping
[17:24:45] [Worker-ResourceReload-6/WARN]: [Dynamic Trim] Item mcda:dark_armor_chestplate's resource could not be built, skipping
[17:24:45] [Worker-ResourceReload-6/WARN]: [Dynamic Trim] Item rogues:berserker_armor_chest's resource could not be built, skipping
[17:24:45] [Worker-ResourceReload-6/WARN]: [Dynamic Trim] Item elemental_wizards_rpg:kelp_feet's resource could not be built, skipping
[17:24:45] [Worker-ResourceReload-6/WARN]: [Dynamic Trim] Item mcda:ocelot_armor_helmet's resource could not be built, skipping
[17:24:45] [Worker-ResourceReload-6/WARN]: [Dynamic Trim] Item mythicmetals:tidesinger_helmet's resource could not be built, skipping
[17:24:45] [Worker-ResourceReload-6/WARN]: [Dynamic Trim] Item vinery:winemaker_leggings's resource could not be built, skipping
[17:24:45] [Worker-ResourceReload-6/WARN]: [Dynamic Trim] Item plushables:cap_beaux's resource could not be built, skipping
[17:24:45] [Worker-ResourceReload-6/WARN]: [Dynamic Trim] Item mcda:highland_armor_leggings's resource could not be built, skipping
[17:24:45] [Worker-ResourceReload-6/WARN]: [Dynamic Trim] Item mcda:blue_mystery_armor_leggings's resource could not be built, skipping
[17:24:45] [Worker-ResourceReload-6/WARN]: [Dynamic Trim] Item adventurez:gilded_netherite_leggings's resource could not be built, skipping
[17:24:45] [Worker-ResourceReload-6/WARN]: [Dynamic Trim] Item berserker_rpg:wildling_feet's resource could not be built, skipping
[17:24:45] [Worker-ResourceReload-6/WARN]: [Dynamic Trim] Item spellbladenext:frozen_head's resource could not be built, skipping
[17:24:45] [Worker-ResourceReload-6/WARN]: [Dynamic Trim] Item mcda:frost_bite_armor_helmet's resource could not be built, skipping
[17:24:45] [Worker-ResourceReload-6/WARN]: [Dynamic Trim] Item forcemaster_rpg:oriene_chest's resource could not be built, skipping
[17:24:45] [Worker-ResourceReload-6/WARN]: [Dynamic Trim] Item mcda:full_metal_armor_boots's resource could not be built, skipping
[17:24:45] [Worker-ResourceReload-6/WARN]: [Dynamic Trim] Item archers:archer_armor_chest's resource could not be built, skipping
[17:24:45] [Worker-ResourceReload-6/WARN]: [Dynamic Trim] Item mythicmetals:prometheum_boots's resource could not be built, skipping
[17:24:45] [Worker-ResourceReload-6/WARN]: [Dynamic Trim] Item mcda:sturdy_shulker_armor_helmet's resource could not be built, skipping
[17:24:45] [Worker-ResourceReload-6/WARN]: [Dynamic Trim] Item paladins:prior_robe_chest's resource could not be built, skipping
[17:24:45] [Worker-ResourceReload-6/WARN]: [Dynamic Trim] Item mythicmetals:star_platinum_helmet's resource could not be built, skipping
[17:24:45] [Worker-ResourceReload-6/WARN]: [Dynamic Trim] Item plushables:cap_mushroom's resource could not be built, skipping
[17:24:45] [Worker-ResourceReload-6/WARN]: [Dynamic Trim] Item wizards:frost_robe_feet's resource could not be built, skipping
[17:24:45] [Worker-ResourceReload-6/WARN]: [Dynamic Trim] Item mythicmetals:kyber_chestplate's resource could not be built, skipping
[17:24:45] [Worker-ResourceReload-6/WARN]: [Dynamic Trim] Item railways:green_conductor_cap's resource could not be built, skipping
[17:24:45] [Worker-ResourceReload-6/WARN]: [Dynamic Trim] Item mcda:dark_armor_boots's resource could not be built, skipping
[17:24:45] [Worker-ResourceReload-6/WARN]: [Dynamic Trim] Item mcda:royal_guard_armor_chestplate's resource could not be built, skipping
[17:24:45] [Worker-ResourceReload-6/WARN]: [Dynamic Trim] Item paladins:paladin_armor_legs's resource could not be built, skipping
[17:24:45] [Worker-ResourceReload-6/WARN]: [Dynamic Trim] Item spellbladenext:blazing_head's resource could not be built, skipping
[17:24:45] [Worker-ResourceReload-6/WARN]: [Dynamic Trim] Item imbued_gear:scholars_boots's resource could not be built, skipping
[17:24:45] [Worker-ResourceReload-6/WARN]: [Dynamic Trim] Item mcda:purple_mystery_armor_leggings's resource could not be built, skipping
[17:24:45] [Worker-ResourceReload-6/WARN]: [Dynamic Trim] Item mcda:titans_shroud_boots's resource could not be built, skipping
[17:24:45] [Worker-ResourceReload-6/WARN]: [Dynamic Trim] Item mythicmetals:osmium_helmet's resource could not be built, skipping
[17:24:45] [Worker-ResourceReload-6/WARN]: [Dynamic Trim] Item spellbladenext:frostherald_head's resource could not be built, skipping
[17:24:45] [Worker-ResourceReload-6/WARN]: [Dynamic Trim] Item mcda:red_mystery_armor_chestplate's resource could not be built, skipping
[17:24:45] [Worker-ResourceReload-6/WARN]: [Dynamic Trim] Item mythicmetals:stormyx_boots's resource could not be built, skipping
[17:24:45] [Worker-ResourceReload-6/WARN]: [Dynamic Trim] Item soulsweapons:soul_ingot_leggings's resource could not be built, skipping
[17:24:45] [Worker-ResourceReload-6/WARN]: [Dynamic Trim] Item mcda:living_vines_armor_leggings's resource could not be built, skipping
[17:24:45] [Worker-ResourceReload-6/WARN]: [Dynamic Trim] Item mcda:mercenary_armor_leggings's resource could not be built, skipping
[17:24:45] [Worker-ResourceReload-6/WARN]: [Dynamic Trim] Item imbued_gear:void_mail_chestplate's resource could not be built, skipping
[17:24:45] [Worker-ResourceReload-6/WARN]: [Dynamic Trim] Item imbued_gear:lich_kings_helmet's resource could not be built, skipping
[17:24:45] [Worker-ResourceReload-6/WARN]: [Dynamic Trim] Item archers:ranger_armor_head's resource could not be built, skipping
[17:24:45] [Worker-ResourceReload-6/WARN]: [Dynamic Trim] Item mcda:fox_armor_leggings's resource could not be built, skipping
[17:24:45] [Worker-ResourceReload-6/WARN]: [Dynamic Trim] Item mcda:vanguard_armor_chestplate's resource could not be built, skipping
[17:24:45] [Worker-ResourceReload-6/WARN]: [Dynamic Trim] Item death_knights:plaguebringer_armor_feet's resource could not be built, skipping
[17:24:45] [Worker-ResourceReload-6/WARN]: [Dynamic Trim] Item mythicmetals:palladium_leggings's resource could not be built, skipping
[17:24:45] [Worker-ResourceReload-6/WARN]: [Dynamic Trim] Item mcda:wolf_armor_leggings's resource could not be built, skipping
[17:24:45] [Worker-ResourceReload-6/WARN]: [Dynamic Trim] Item death_knights:blightbringer_armor_chest's resource could not be built, skipping
[17:24:45] [Worker-ResourceReload-6/WARN]: [Dynamic Trim] Item mcda:goat_gear_boots's resource could not be built, skipping
[17:24:45] [Worker-ResourceReload-6/WARN]: [Dynamic Trim] Item mcda:sweet_tooth_boots's resource could not be built, skipping
[17:24:45] [Worker-ResourceReload-6/WARN]: [Dynamic Trim] Item imbued_gear:eternity_chestplate's resource could not be built, skipping
[17:24:45] [Worker-ResourceReload-6/WARN]: [Dynamic Trim] Item mcda:opulent_armor_leggings's resource could not be built, skipping
[17:24:45] [Worker-ResourceReload-6/WARN]: [Dynamic Trim] Item mcda:ghost_kindler_leggings's resource could not be built, skipping
[17:24:45] [Worker-ResourceReload-6/WARN]: [Dynamic Trim] Item mythicmetals:tidesinger_boots's resource could not be built, skipping
[17:24:45] [Worker-ResourceReload-6/WARN]: [Dynamic Trim] Item death_knights:frozen_champion_armor_chest's resource could not be built, skipping
[17:24:45] [Worker-ResourceReload-6/WARN]: [Dynamic Trim] Item mythicmetals:legendary_banglum_leggings's resource could not be built, skipping
[17:24:45] [Worker-ResourceReload-6/WARN]: [Dynamic Trim] Item mcda:frost_armor_leggings's resource could not be built, skipping
[17:24:45] [Worker-ResourceReload-6/WARN]: [Dynamic Trim] Item mcda:beehive_armor_chestplate's resource could not be built, skipping
[17:24:45] [Worker-ResourceReload-6/WARN]: [Dynamic Trim] Item create:netherite_diving_helmet's resource could not be built, skipping
[17:24:45] [Worker-ResourceReload-6/WARN]: [Dynamic Trim] Item railways:pink_conductor_cap's resource could not be built, skipping
[17:24:45] [Worker-ResourceReload-6/WARN]: [Dynamic Trim] Item mythicmetals:steel_leggings's resource could not be built, skipping
[17:24:45] [Worker-ResourceReload-6/WARN]: [Dynamic Trim] Item mcda:souldancer_robe_boots's resource could not be built, skipping
[17:24:45] [Worker-ResourceReload-6/WARN]: [Dynamic Trim] Item spellbladenext:runegleaming_legs's resource could not be built, skipping
[17:24:45] [Worker-ResourceReload-6/WARN]: [Dynamic Trim] Item mcda:mercenary_armor_helmet's resource could not be built, skipping
[17:24:45] [Worker-ResourceReload-6/WARN]: [Dynamic Trim] Item soulsweapons:chaos_helmet's resource could not be built, skipping
[17:24:45] [Worker-ResourceReload-6/WARN]: [Dynamic Trim] Item mythicmetals:celestium_chestplate's resource could not be built, skipping
[17:24:45] [Worker-ResourceReload-6/WARN]: [Dynamic Trim] Item mcda:verdant_robe_leggings's resource could not be built, skipping
[17:24:45] [Worker-ResourceReload-6/WARN]: [Dynamic Trim] Item mythicmetals:osmium_chainmail_helmet's resource could not be built, skipping
[17:24:45] [Worker-ResourceReload-6/WARN]: [Dynamic Trim] Item alexsmobs:centipede_leggings's resource could not be built, skipping
[17:24:45] [Worker-ResourceReload-6/WARN]: [Dynamic Trim] Item mythicmetals:midas_gold_leggings's resource could not be built, skipping
[17:24:45] [Worker-ResourceReload-6/WARN]: [Dynamic Trim] Item imbued_gear:celestial_boots's resource could not be built, skipping
[17:24:45] [Worker-ResourceReload-6/WARN]: [Dynamic Trim] Item mcda:ghostly_armor_leggings's resource could not be built, skipping
[17:24:45] [Worker-ResourceReload-6/WARN]: [Dynamic Trim] Item wizards:frost_robe_head's resource could not be built, skipping
[17:24:45] [Worker-ResourceReload-6/WARN]: [Dynamic Trim] Item paladins:crusader_armor_chest's resource could not be built, skipping
[17:24:45] [Worker-ResourceReload-6/WARN]: [Dynamic Trim] Item mcda:shulker_armor_chestplate's resource could not be built, skipping
[17:24:45] [Worker-ResourceReload-6/WARN]: [Dynamic Trim] Item mcda:thief_armor_helmet's resource could not be built, skipping
[17:24:45] [Worker-ResourceReload-6/WARN]: [Dynamic Trim] Item mcda:frost_bite_armor_chestplate's resource could not be built, skipping
[17:24:45] [Worker-ResourceReload-6/WARN]: [Dynamic Trim] Item mythicmetals:carmot_chestplate's resource could not be built, skipping
[17:24:45] [Worker-ResourceReload-6/WARN]: [Dynamic Trim] Item rogues:assassin_armor_chest's resource could not be built, skipping
[17:24:45] [Worker-ResourceReload-6/WARN]: [Dynamic Trim] Item rogues:berserker_armor_legs's resource could not be built, skipping
[17:24:45] [Worker-ResourceReload-6/WARN]: [Dynamic Trim] Item amethyst_imbuement:glowing_boots's resource could not be built, skipping
[17:24:45] [Worker-ResourceReload-6/WARN]: [Dynamic Trim] Item spellbladenext:frozen_legs's resource could not be built, skipping
[17:24:45] [Worker-ResourceReload-6/WARN]: [Dynamic Trim] Item mcda:living_vines_armor_chestplate's resource could not be built, skipping
[17:24:45] [Worker-ResourceReload-6/WARN]: [Dynamic Trim] Item mcda:royal_guard_armor_boots's resource could not be built, skipping
[17:24:45] [Worker-ResourceReload-6/WARN]: [Dynamic Trim] Item wizards:fire_robe_feet's resource could not be built, skipping
[17:24:45] [Worker-ResourceReload-6/WARN]: [Dynamic Trim] Item mythicmetals:osmium_chainmail_chestplate's resource could not be built, skipping
[17:24:45] [Worker-ResourceReload-6/WARN]: [Dynamic Trim] Item mcda:climbing_gear_boots's resource could not be built, skipping
[17:24:45] [Worker-ResourceReload-6/WARN]: [Dynamic Trim] Item mcda:shadow_walker_armor_boots's resource could not be built, skipping
[17:24:45] [Worker-ResourceReload-6/WARN]: [Dynamic Trim] Item mcda:gourdian_armor_chestplate's resource could not be built, skipping
[17:24:45] [Worker-ResourceReload-6/WARN]: [Dynamic Trim] Item mcda:royal_guard_armor_leggings's resource could not be built, skipping
[17:24:45] [Worker-ResourceReload-6/WARN]: [Dynamic Trim] Item mcda:squid_armor_chestplate's resource could not be built, skipping
[17:24:45] [Worker-ResourceReload-6/WARN]: [Dynamic Trim] Item mcda:rugged_climbing_gear_helmet's resource could not be built, skipping
[17:24:45] [Worker-ResourceReload-6/WARN]: [Dynamic Trim] Item mcda:guards_armor_leggings's resource could not be built, skipping
[17:24:45] [Worker-ResourceReload-6/WARN]: [Dynamic Trim] Item spellbladenext:gleaming_feet's resource could not be built, skipping
[17:24:45] [Worker-ResourceReload-6/WARN]: [Dynamic Trim] Item railways:white_conductor_cap's resource could not be built, skipping
[17:24:45] [Worker-ResourceReload-6/WARN]: [Dynamic Trim] Item archers:ranger_armor_legs's resource could not be built, skipping
[17:24:45] [Worker-ResourceReload-6/WARN]: [Dynamic Trim] Item mcda:opulent_armor_helmet's resource could not be built, skipping
[17:24:45] [Worker-ResourceReload-6/WARN]: [Dynamic Trim] Item mcda:frost_bite_armor_boots's resource could not be built, skipping
[17:24:45] [Worker-ResourceReload-6/WARN]: [Dynamic Trim] Item amethyst_imbuement:glowing_chestplate's resource could not be built, skipping
[17:24:45] [Worker-ResourceReload-6/WARN]: [Dynamic Trim] Item mythicmetals:midas_gold_boots's resource could not be built, skipping
[17:24:45] [Worker-ResourceReload-6/WARN]: [Dynamic Trim] Item mcda:renegade_armor_chestplate's resource could not be built, skipping
[17:24:45] [Worker-ResourceReload-6/WARN]: [Dynamic Trim] Item mcda:green_mystery_armor_boots's resource could not be built, skipping
[17:24:45] [Worker-ResourceReload-6/WARN]: [Dynamic Trim] Item aquamirae:abyssal_tiara's resource could not be built, skipping
[17:24:45] [Worker-ResourceReload-6/WARN]: [Dynamic Trim] Item mythicmetals:celestium_helmet's resource could not be built, skipping
[17:24:45] [Worker-ResourceReload-6/WARN]: [Dynamic Trim] Item death_knights:plaguebringer_armor_head's resource could not be built, skipping
[17:24:45] [Worker-ResourceReload-6/WARN]: [Dynamic Trim] Item mythicmetals:aquarium_boots's resource could not be built, skipping
[17:24:45] [Worker-ResourceReload-6/WARN]: [Dynamic Trim] Item imbued_gear:eternity_helmet's resource could not be built, skipping
[17:24:45] [Worker-ResourceReload-6/WARN]: [Dynamic Trim] Item dragonloot:dragon_chestplate's resource could not be built, skipping
[17:24:45] [Worker-ResourceReload-6/WARN]: [Dynamic Trim] Item mythicmetals:midas_gold_helmet's resource could not be built, skipping
[17:24:45] [Worker-ResourceReload-6/WARN]: [Dynamic Trim] Item mcda:hungry_horror_boots's resource could not be built, skipping
[17:24:45] [Worker-ResourceReload-6/WARN]: [Dynamic Trim] Item elemental_wizards_rpg:elemental_chest's resource could not be built, skipping
[17:24:45] [Worker-ResourceReload-6/WARN]: [Dynamic Trim] Item imbued_gear:spellblades_boots's resource could not be built, skipping
[17:24:45] [Worker-ResourceReload-6/WARN]: [Dynamic Trim] Item mythicmetals:copper_leggings's resource could not be built, skipping
[17:24:45] [Worker-ResourceReload-6/WARN]: [Dynamic Trim] Item mcda:spelunker_armor_leggings's resource could not be built, skipping
[17:24:45] [Worker-ResourceReload-6/WARN]: [Dynamic Trim] Item mcda:verdant_robe_chestplate's resource could not be built, skipping
[17:24:45] [Worker-ResourceReload-6/WARN]: [Dynamic Trim] Item amethyst_imbuement:soulwoven_chestplate's resource could not be built, skipping
[17:24:45] [Worker-ResourceReload-6/WARN]: [Dynamic Trim] Item mcda:guards_armor_boots's resource could not be built, skipping
[17:24:45] [Worker-ResourceReload-6/WARN]: [Dynamic Trim] Item spellbladenext:blazing_feet's resource could not be built, skipping
[17:24:45] [Worker-ResourceReload-6/WARN]: [Dynamic Trim] Item mcda:arctic_fox_armor_chestplate's resource could not be built, skipping
[17:24:45] [Worker-ResourceReload-6/WARN]: [Dynamic Trim] Item plushables:cap_fox's resource could not be built, skipping
[17:24:45] [Worker-ResourceReload-6/WARN]: [Dynamic Trim] Item mcda:entertainer_garb_leggings's resource could not be built, skipping
[17:24:45] [Worker-ResourceReload-6/WARN]: [Dynamic Trim] Item mcda:splendid_robe_chestplate's resource could not be built, skipping
[17:24:45] [Worker-ResourceReload-6/WARN]: [Dynamic Trim] Item mcda:black_wolf_armor_boots's resource could not be built, skipping
[17:24:45] [Worker-ResourceReload-6/WARN]: [Dynamic Trim] Item mcda:ghost_kindler_helmet's resource could not be built, skipping
[17:24:45] [Worker-ResourceReload-6/WARN]: [Dynamic Trim] Item soulsweapons:chaos_crown's resource could not be built, skipping
[17:24:45] [Worker-ResourceReload-6/WARN]: [Dynamic Trim] Item mythicmetals:orichalcum_boots's resource could not be built, skipping
[17:24:45] [Worker-ResourceReload-6/WARN]: [Dynamic Trim] Item mythicmetals:copper_boots's resource could not be built, skipping
[17:24:45] [Worker-ResourceReload-6/WARN]: [Dynamic Trim] Item mythicmetals:durasteel_chestplate's resource could not be built, skipping
[17:24:45] [Worker-ResourceReload-6/WARN]: [Dynamic Trim] Item soulsweapons:enhanced_arkenplate's resource could not be built, skipping
[17:24:45] [Worker-ResourceReload-6/WARN]: [Dynamic Trim] Item spellbladenext:frostherald_feet's resource could not be built, skipping
[17:24:45] [Worker-ResourceReload-6/WARN]: [Dynamic Trim] Item aquamirae:abyssal_leggings's resource could not be built, skipping
[17:24:45] [Worker-ResourceReload-6/WARN]: [Dynamic Trim] Item mcda:sturdy_shulker_armor_boots's resource could not be built, skipping
[17:24:45] [Worker-ResourceReload-6/WARN]: [Dynamic Trim] Item imbued_gear:eternity_leggings's resource could not be built, skipping
[17:24:45] [Worker-ResourceReload-6/WARN]: [Dynamic Trim] Item mythicmetals:osmium_boots's resource could not be built, skipping
[17:24:45] [Worker-ResourceReload-6/WARN]: [Dynamic Trim] Item mcda:wolf_armor_helmet's resource could not be built, skipping
[17:24:45] [Worker-ResourceReload-6/WARN]: [Dynamic Trim] Item railways:orange_conductor_cap's resource could not be built, skipping
[17:24:45] [Worker-ResourceReload-6/WARN]: [Dynamic Trim] Item mcda:emerald_gear_chestplate's resource could not be built, skipping
[17:24:45] [Worker-ResourceReload-6/WARN]: [Dynamic Trim] Item mcda:hungry_horror_helmet's resource could not be built, skipping
[17:24:45] [Worker-ResourceReload-6/WARN]: [Dynamic Trim] Item mcda:hungry_horror_chestplate's resource could not be built, skipping
[17:24:46] [Worker-ResourceReload-7/WARN]: Model loader 'amendments:carpet_overlay' not found. Registered loaders: porting_lib:elements, porting_lib:composite, porting_lib:fluid_container, porting_lib:obj, forge:bucket
[17:24:46] [Worker-ResourceReload-7/WARN]: Falling back to vanilla logic.
[17:24:47] [Worker-ResourceReload-0/WARN]: Texture death_knights:item/weapons/runeblades/ruby_runeblade with size 26x26 limits mip level from 4 to 1
[17:24:47] [Worker-ResourceReload-0/WARN]: Texture minecraft:item/plushies with size 405x78 limits mip level from 1 to 0
[17:24:47] [Worker-ResourceReload-0/WARN]: minecraft:textures/atlas/blocks.png: dropping miplevel from 4 to 0, because of minimum power of two: 1
[17:24:47] [Worker-ResourceReload-6/WARN]: Model loader 'amendments:cauldron' not found. Registered loaders: porting_lib:elements, porting_lib:composite, porting_lib:fluid_container, porting_lib:obj, forge:bucket
[17:24:47] [Worker-ResourceReload-6/WARN]: Falling back to vanilla logic.
[17:24:47] [Worker-ResourceReload-7/WARN]: Model loader 'amendments:hanging_pot' not found. Registered loaders: porting_lib:elements, porting_lib:composite, porting_lib:fluid_container, porting_lib:obj, forge:bucket
[17:24:47] [Worker-ResourceReload-7/WARN]: Falling back to vanilla logic.
[17:24:47] [Render thread/INFO]: [STDOUT]: InvGUI Initialized
[17:24:47] [Worker-ResourceReload-5/WARN]: Model loader 'amendments:waterlogged_lily' not found. Registered loaders: porting_lib:elements, porting_lib:composite, porting_lib:fluid_container, porting_lib:obj, forge:bucket
[17:24:47] [Worker-ResourceReload-5/WARN]: Falling back to vanilla logic.
[17:24:47] [Render thread/INFO]: Loading XaeroLib common 2/2!
[17:24:47] [Render thread/INFO]: Loading XaeroLib client 2/2!
[17:24:47] [Worker-ResourceReload-2/WARN]: Model loader 'fastpaintings:painting' not found. Registered loaders: porting_lib:elements, porting_lib:composite, porting_lib:fluid_container, porting_lib:obj, forge:bucket
[17:24:47] [Worker-ResourceReload-2/WARN]: Falling back to vanilla logic.
[17:24:47] [Worker-ResourceReload-14/WARN]: Model loader 'amendments:tool_hook' not found. Registered loaders: porting_lib:elements, porting_lib:composite, porting_lib:fluid_container, porting_lib:obj, forge:bucket
[17:24:47] [Worker-ResourceReload-14/WARN]: Falling back to vanilla logic.
[17:24:47] [Worker-ResourceReload-11/WARN]: Model loader 'amendments:wall_lantern' not found. Registered loaders: porting_lib:elements, porting_lib:composite, porting_lib:fluid_container, porting_lib:obj, forge:bucket
[17:24:47] [Worker-ResourceReload-11/WARN]: Falling back to vanilla logic.
[17:25:02] [Worker-ResourceReload-13/INFO]: [STDERR]: net.minecraft.class_790$class_6247
[17:25:02] [Worker-ResourceReload-13/INFO]: [STDERR]: 	at knot//net.minecraft.class_790.method_35792(class_790.java:93)
[17:25:02] [Worker-ResourceReload-13/INFO]: [STDERR]: 	at knot//net.minecraft.class_1088.getVariantLocation(class_1088.java:4573)
[17:25:02] [Worker-ResourceReload-13/INFO]: [STDERR]: 	at knot//net.minecraft.class_1088.localvar$gff000$full_slabs$replaceSlabVariantFiles(class_1088.java:4676)
[17:25:02] [Worker-ResourceReload-13/INFO]: [STDERR]: 	at knot//net.minecraft.class_1088.method_4715(class_1088.java:315)
[17:25:02] [Worker-ResourceReload-13/INFO]: [STDERR]: 	at knot//net.minecraft.class_1088.method_4726(class_1088.java:256)
[17:25:02] [Worker-ResourceReload-13/INFO]: [STDERR]: 	at knot//net.minecraft.class_1088.method_4727(class_1088.java:389)
[17:25:02] [Worker-ResourceReload-13/INFO]: [STDERR]: 	at knot//net.minecraft.class_1088.method_4716(class_1088.java:168)
[17:25:02] [Worker-ResourceReload-13/INFO]: [STDERR]: 	at knot//com.google.common.collect.ImmutableList.forEach(ImmutableList.java:422)
[17:25:02] [Worker-ResourceReload-13/INFO]: [STDERR]: 	at knot//net.minecraft.class_1088.<init>(class_1088.java:168)
[17:25:02] [Worker-ResourceReload-13/INFO]: [STDERR]: 	at knot//net.minecraft.class_1092.method_45884(class_1092.java:87)
[17:25:02] [Worker-ResourceReload-13/INFO]: [STDERR]: 	at knot//net.minecraft.class_1092.mdd6a7bc$fabric-model-loading-api-v1$lambda$loadModelPluginData$0$0(class_1092.java:1579)
[17:25:02] [Worker-ResourceReload-13/INFO]: [STDERR]: 	at java.base/java.util.concurrent.CompletableFuture.biApply(Unknown Source)
[17:25:02] [Worker-ResourceReload-13/INFO]: [STDERR]: 	at java.base/java.util.concurrent.CompletableFuture$BiApply.tryFire(Unknown Source)
[17:25:02] [Worker-ResourceReload-13/INFO]: [STDERR]: 	at java.base/java.util.concurrent.CompletableFuture$Completion.exec(Unknown Source)
[17:25:02] [Worker-ResourceReload-13/INFO]: [STDERR]: 	at java.base/java.util.concurrent.ForkJoinTask.doExec(Unknown Source)
[17:25:02] [Worker-ResourceReload-13/INFO]: [STDERR]: 	at java.base/java.util.concurrent.ForkJoinPool$WorkQueue.topLevelExec(Unknown Source)
[17:25:02] [Worker-ResourceReload-13/INFO]: [STDERR]: 	at java.base/java.util.concurrent.ForkJoinPool.scan(Unknown Source)
[17:25:02] [Worker-ResourceReload-13/INFO]: [STDERR]: 	at java.base/java.util.concurrent.ForkJoinPool.runWorker(Unknown Source)
[17:25:02] [Worker-ResourceReload-13/INFO]: [STDERR]: 	at java.base/java.util.concurrent.ForkJoinWorkerThread.run(Unknown Source)
[17:25:02] [Worker-ResourceReload-13/INFO]: [STDERR]: net.minecraft.class_790$class_6247
[17:25:02] [Worker-ResourceReload-13/INFO]: [STDERR]: 	at knot//net.minecraft.class_790.method_35792(class_790.java:93)
[17:25:02] [Worker-ResourceReload-13/INFO]: [STDERR]: 	at knot//net.minecraft.class_1088.getVariantLocation(class_1088.java:4573)
[17:25:02] [Worker-ResourceReload-13/INFO]: [STDERR]: 	at knot//net.minecraft.class_1088.localvar$gff000$full_slabs$replaceSlabVariantFiles(class_1088.java:4676)
[17:25:02] [Worker-ResourceReload-13/INFO]: [STDERR]: 	at knot//net.minecraft.class_1088.method_4715(class_1088.java:315)
[17:25:02] [Worker-ResourceReload-13/INFO]: [STDERR]: 	at knot//net.minecraft.class_1088.method_4726(class_1088.java:256)
[17:25:02] [Worker-ResourceReload-13/INFO]: [STDERR]: 	at knot//net.minecraft.class_1088.method_4727(class_1088.java:389)
[17:25:02] [Worker-ResourceReload-13/INFO]: [STDERR]: 	at knot//net.minecraft.class_1088.method_4716(class_1088.java:168)
[17:25:02] [Worker-ResourceReload-13/INFO]: [STDERR]: 	at knot//com.google.common.collect.ImmutableList.forEach(ImmutableList.java:422)
[17:25:02] [Worker-ResourceReload-13/INFO]: [STDERR]: 	at knot//net.minecraft.class_1088.<init>(class_1088.java:168)
[17:25:02] [Worker-ResourceReload-13/INFO]: [STDERR]: 	at knot//net.minecraft.class_1092.method_45884(class_1092.java:87)
[17:25:02] [Worker-ResourceReload-13/INFO]: [STDERR]: 	at knot//net.minecraft.class_1092.mdd6a7bc$fabric-model-loading-api-v1$lambda$loadModelPluginData$0$0(class_1092.java:1579)
[17:25:02] [Worker-ResourceReload-13/INFO]: [STDERR]: 	at java.base/java.util.concurrent.CompletableFuture.biApply(Unknown Source)
[17:25:02] [Worker-ResourceReload-13/INFO]: [STDERR]: 	at java.base/java.util.concurrent.CompletableFuture$BiApply.tryFire(Unknown Source)
[17:25:02] [Worker-ResourceReload-13/INFO]: [STDERR]: 	at java.base/java.util.concurrent.CompletableFuture$Completion.exec(Unknown Source)
[17:25:02] [Worker-ResourceReload-13/INFO]: [STDERR]: 	at java.base/java.util.concurrent.ForkJoinTask.doExec(Unknown Source)
[17:25:02] [Worker-ResourceReload-13/INFO]: [STDERR]: 	at java.base/java.util.concurrent.ForkJoinPool$WorkQueue.topLevelExec(Unknown Source)
[17:25:02] [Worker-ResourceReload-13/INFO]: [STDERR]: 	at java.base/java.util.concurrent.ForkJoinPool.scan(Unknown Source)
[17:25:02] [Worker-ResourceReload-13/INFO]: [STDERR]: 	at java.base/java.util.concurrent.ForkJoinPool.runWorker(Unknown Source)
[17:25:02] [Worker-ResourceReload-13/INFO]: [STDERR]: 	at java.base/java.util.concurrent.ForkJoinWorkerThread.run(Unknown Source)
[17:25:03] [Worker-ResourceReload-13/INFO]: [STDERR]: net.minecraft.class_790$class_6247
[17:25:03] [Worker-ResourceReload-13/INFO]: [STDERR]: 	at knot//net.minecraft.class_790.method_35792(class_790.java:93)
[17:25:03] [Worker-ResourceReload-13/INFO]: [STDERR]: 	at knot//net.minecraft.class_1088.getVariantLocation(class_1088.java:4573)
[17:25:03] [Worker-ResourceReload-13/INFO]: [STDERR]: 	at knot//net.minecraft.class_1088.localvar$gff000$full_slabs$replaceSlabVariantFiles(class_1088.java:4676)
[17:25:03] [Worker-ResourceReload-13/INFO]: [STDERR]: 	at knot//net.minecraft.class_1088.method_4715(class_1088.java:315)
[17:25:03] [Worker-ResourceReload-13/INFO]: [STDERR]: 	at knot//net.minecraft.class_1088.method_4726(class_1088.java:256)
[17:25:03] [Worker-ResourceReload-13/INFO]: [STDERR]: 	at knot//net.minecraft.class_1088.method_4727(class_1088.java:389)
[17:25:03] [Worker-ResourceReload-13/INFO]: [STDERR]: 	at knot//net.minecraft.class_1088.method_4716(class_1088.java:168)
[17:25:03] [Worker-ResourceReload-13/INFO]: [STDERR]: 	at knot//com.google.common.collect.ImmutableList.forEach(ImmutableList.java:422)
[17:25:03] [Worker-ResourceReload-13/INFO]: [STDERR]: 	at knot//net.minecraft.class_1088.<init>(class_1088.java:168)
[17:25:03] [Worker-ResourceReload-13/INFO]: [STDERR]: 	at knot//net.minecraft.class_1092.method_45884(class_1092.java:87)
[17:25:03] [Worker-ResourceReload-13/INFO]: [STDERR]: 	at knot//net.minecraft.class_1092.mdd6a7bc$fabric-model-loading-api-v1$lambda$loadModelPluginData$0$0(class_1092.java:1579)
[17:25:03] [Worker-ResourceReload-13/INFO]: [STDERR]: 	at java.base/java.util.concurrent.CompletableFuture.biApply(Unknown Source)
[17:25:03] [Worker-ResourceReload-13/INFO]: [STDERR]: 	at java.base/java.util.concurrent.CompletableFuture$BiApply.tryFire(Unknown Source)
[17:25:03] [Worker-ResourceReload-13/INFO]: [STDERR]: 	at java.base/java.util.concurrent.CompletableFuture$Completion.exec(Unknown Source)
[17:25:03] [Worker-ResourceReload-13/INFO]: [STDERR]: 	at java.base/java.util.concurrent.ForkJoinTask.doExec(Unknown Source)
[17:25:03] [Worker-ResourceReload-13/INFO]: [STDERR]: 	at java.base/java.util.concurrent.ForkJoinPool$WorkQueue.topLevelExec(Unknown Source)
[17:25:03] [Worker-ResourceReload-13/INFO]: [STDERR]: 	at java.base/java.util.concurrent.ForkJoinPool.scan(Unknown Source)
[17:25:03] [Worker-ResourceReload-13/INFO]: [STDERR]: 	at java.base/java.util.concurrent.ForkJoinPool.runWorker(Unknown Source)
[17:25:03] [Worker-ResourceReload-13/INFO]: [STDERR]: 	at java.base/java.util.concurrent.ForkJoinWorkerThread.run(Unknown Source)
[17:25:03] [Worker-ResourceReload-13/INFO]: [STDERR]: net.minecraft.class_790$class_6247
[17:25:03] [Worker-ResourceReload-13/INFO]: [STDERR]: 	at knot//net.minecraft.class_790.method_35792(class_790.java:93)
[17:25:03] [Worker-ResourceReload-13/INFO]: [STDERR]: 	at knot//net.minecraft.class_1088.getVariantLocation(class_1088.java:4573)
[17:25:03] [Worker-ResourceReload-13/INFO]: [STDERR]: 	at knot//net.minecraft.class_1088.localvar$gff000$full_slabs$replaceSlabVariantFiles(class_1088.java:4676)
[17:25:03] [Worker-ResourceReload-13/INFO]: [STDERR]: 	at knot//net.minecraft.class_1088.method_4715(class_1088.java:315)
[17:25:03] [Worker-ResourceReload-13/INFO]: [STDERR]: 	at knot//net.minecraft.class_1088.method_4726(class_1088.java:256)
[17:25:03] [Worker-ResourceReload-13/INFO]: [STDERR]: 	at knot//net.minecraft.class_1088.method_4727(class_1088.java:389)
[17:25:03] [Worker-ResourceReload-13/INFO]: [STDERR]: 	at knot//net.minecraft.class_1088.method_4716(class_1088.java:168)
[17:25:03] [Worker-ResourceReload-13/INFO]: [STDERR]: 	at knot//com.google.common.collect.ImmutableList.forEach(ImmutableList.java:422)
[17:25:03] [Worker-ResourceReload-13/INFO]: [STDERR]: 	at knot//net.minecraft.class_1088.<init>(class_1088.java:168)
[17:25:03] [Worker-ResourceReload-13/INFO]: [STDERR]: 	at knot//net.minecraft.class_1092.method_45884(class_1092.java:87)
[17:25:03] [Worker-ResourceReload-13/INFO]: [STDERR]: 	at knot//net.minecraft.class_1092.mdd6a7bc$fabric-model-loading-api-v1$lambda$loadModelPluginData$0$0(class_1092.java:1579)
[17:25:03] [Worker-ResourceReload-13/INFO]: [STDERR]: 	at java.base/java.util.concurrent.CompletableFuture.biApply(Unknown Source)
[17:25:03] [Worker-ResourceReload-13/INFO]: [STDERR]: 	at java.base/java.util.concurrent.CompletableFuture$BiApply.tryFire(Unknown Source)
[17:25:03] [Worker-ResourceReload-13/INFO]: [STDERR]: 	at java.base/java.util.concurrent.CompletableFuture$Completion.exec(Unknown Source)
[17:25:03] [Worker-ResourceReload-13/INFO]: [STDERR]: 	at java.base/java.util.concurrent.ForkJoinTask.doExec(Unknown Source)
[17:25:03] [Worker-ResourceReload-13/INFO]: [STDERR]: 	at java.base/java.util.concurrent.ForkJoinPool$WorkQueue.topLevelExec(Unknown Source)
[17:25:03] [Worker-ResourceReload-13/INFO]: [STDERR]: 	at java.base/java.util.concurrent.ForkJoinPool.scan(Unknown Source)
[17:25:03] [Worker-ResourceReload-13/INFO]: [STDERR]: 	at java.base/java.util.concurrent.ForkJoinPool.runWorker(Unknown Source)
[17:25:03] [Worker-ResourceReload-13/INFO]: [STDERR]: 	at java.base/java.util.concurrent.ForkJoinWorkerThread.run(Unknown Source)
[17:25:03] [Worker-ResourceReload-13/INFO]: [STDERR]: net.minecraft.class_790$class_6247
[17:25:03] [Worker-ResourceReload-13/INFO]: [STDERR]: 	at knot//net.minecraft.class_790.method_35792(class_790.java:93)
[17:25:03] [Worker-ResourceReload-13/INFO]: [STDERR]: 	at knot//net.minecraft.class_1088.getVariantLocation(class_1088.java:4573)
[17:25:03] [Worker-ResourceReload-13/INFO]: [STDERR]: 	at knot//net.minecraft.class_1088.localvar$gff000$full_slabs$replaceSlabVariantFiles(class_1088.java:4676)
[17:25:03] [Worker-ResourceReload-13/INFO]: [STDERR]: 	at knot//net.minecraft.class_1088.method_4715(class_1088.java:315)
[17:25:03] [Worker-ResourceReload-13/INFO]: [STDERR]: 	at knot//net.minecraft.class_1088.method_4726(class_1088.java:256)
[17:25:03] [Worker-ResourceReload-13/INFO]: [STDERR]: 	at knot//net.minecraft.class_1088.method_4727(class_1088.java:389)
[17:25:03] [Worker-ResourceReload-13/INFO]: [STDERR]: 	at knot//net.minecraft.class_1088.method_4716(class_1088.java:168)
[17:25:03] [Worker-ResourceReload-13/INFO]: [STDERR]: 	at knot//com.google.common.collect.ImmutableList.forEach(ImmutableList.java:422)
[17:25:03] [Worker-ResourceReload-13/INFO]: [STDERR]: 	at knot//net.minecraft.class_1088.<init>(class_1088.java:168)
[17:25:03] [Worker-ResourceReload-13/INFO]: [STDERR]: 	at knot//net.minecraft.class_1092.method_45884(class_1092.java:87)
[17:25:03] [Worker-ResourceReload-13/INFO]: [STDERR]: 	at knot//net.minecraft.class_1092.mdd6a7bc$fabric-model-loading-api-v1$lambda$loadModelPluginData$0$0(class_1092.java:1579)
[17:25:03] [Worker-ResourceReload-13/INFO]: [STDERR]: 	at java.base/java.util.concurrent.CompletableFuture.biApply(Unknown Source)
[17:25:03] [Worker-ResourceReload-13/INFO]: [STDERR]: 	at java.base/java.util.concurrent.CompletableFuture$BiApply.tryFire(Unknown Source)
[17:25:03] [Worker-ResourceReload-13/INFO]: [STDERR]: 	at java.base/java.util.concurrent.CompletableFuture$Completion.exec(Unknown Source)
[17:25:03] [Worker-ResourceReload-13/INFO]: [STDERR]: 	at java.base/java.util.concurrent.ForkJoinTask.doExec(Unknown Source)
[17:25:03] [Worker-ResourceReload-13/INFO]: [STDERR]: 	at java.base/java.util.concurrent.ForkJoinPool$WorkQueue.topLevelExec(Unknown Source)
[17:25:03] [Worker-ResourceReload-13/INFO]: [STDERR]: 	at java.base/java.util.concurrent.ForkJoinPool.scan(Unknown Source)
[17:25:03] [Worker-ResourceReload-13/INFO]: [STDERR]: 	at java.base/java.util.concurrent.ForkJoinPool.runWorker(Unknown Source)
[17:25:03] [Worker-ResourceReload-13/INFO]: [STDERR]: 	at java.base/java.util.concurrent.ForkJoinWorkerThread.run(Unknown Source)
[17:25:03] [Worker-ResourceReload-13/INFO]: [STDERR]: net.minecraft.class_790$class_6247
[17:25:03] [Worker-ResourceReload-13/INFO]: [STDERR]: 	at knot//net.minecraft.class_790.method_35792(class_790.java:93)
[17:25:03] [Worker-ResourceReload-13/INFO]: [STDERR]: 	at knot//net.minecraft.class_1088.getVariantLocation(class_1088.java:4573)
[17:25:03] [Worker-ResourceReload-13/INFO]: [STDERR]: 	at knot//net.minecraft.class_1088.localvar$gff000$full_slabs$replaceSlabVariantFiles(class_1088.java:4676)
[17:25:03] [Worker-ResourceReload-13/INFO]: [STDERR]: 	at knot//net.minecraft.class_1088.method_4715(class_1088.java:315)
[17:25:03] [Worker-ResourceReload-13/INFO]: [STDERR]: 	at knot//net.minecraft.class_1088.method_4726(class_1088.java:256)
[17:25:03] [Worker-ResourceReload-13/INFO]: [STDERR]: 	at knot//net.minecraft.class_1088.method_4727(class_1088.java:389)
[17:25:03] [Worker-ResourceReload-13/INFO]: [STDERR]: 	at knot//net.minecraft.class_1088.method_4716(class_1088.java:168)
[17:25:03] [Worker-ResourceReload-13/INFO]: [STDERR]: 	at knot//com.google.common.collect.ImmutableList.forEach(ImmutableList.java:422)
[17:25:03] [Worker-ResourceReload-13/INFO]: [STDERR]: 	at knot//net.minecraft.class_1088.<init>(class_1088.java:168)
[17:25:03] [Worker-ResourceReload-13/INFO]: [STDERR]: 	at knot//net.minecraft.class_1092.method_45884(class_1092.java:87)
[17:25:03] [Worker-ResourceReload-13/INFO]: [STDERR]: 	at knot//net.minecraft.class_1092.mdd6a7bc$fabric-model-loading-api-v1$lambda$loadModelPluginData$0$0(class_1092.java:1579)
[17:25:03] [Worker-ResourceReload-13/INFO]: [STDERR]: 	at java.base/java.util.concurrent.CompletableFuture.biApply(Unknown Source)
[17:25:03] [Worker-ResourceReload-13/INFO]: [STDERR]: 	at java.base/java.util.concurrent.CompletableFuture$BiApply.tryFire(Unknown Source)
[17:25:03] [Worker-ResourceReload-13/INFO]: [STDERR]: 	at java.base/java.util.concurrent.CompletableFuture$Completion.exec(Unknown Source)
[17:25:03] [Worker-ResourceReload-13/INFO]: [STDERR]: 	at java.base/java.util.concurrent.ForkJoinTask.doExec(Unknown Source)
[17:25:03] [Worker-ResourceReload-13/INFO]: [STDERR]: 	at java.base/java.util.concurrent.ForkJoinPool$WorkQueue.topLevelExec(Unknown Source)
[17:25:03] [Worker-ResourceReload-13/INFO]: [STDERR]: 	at java.base/java.util.concurrent.ForkJoinPool.scan(Unknown Source)
[17:25:03] [Worker-ResourceReload-13/INFO]: [STDERR]: 	at java.base/java.util.concurrent.ForkJoinPool.runWorker(Unknown Source)
[17:25:03] [Worker-ResourceReload-13/INFO]: [STDERR]: 	at java.base/java.util.concurrent.ForkJoinWorkerThread.run(Unknown Source)
[17:25:03] [Worker-ResourceReload-13/INFO]: [STDERR]: net.minecraft.class_790$class_6247
[17:25:03] [Worker-ResourceReload-13/INFO]: [STDERR]: 	at knot//net.minecraft.class_790.method_35792(class_790.java:93)
[17:25:03] [Worker-ResourceReload-13/INFO]: [STDERR]: 	at knot//net.minecraft.class_1088.getVariantLocation(class_1088.java:4573)
[17:25:03] [Worker-ResourceReload-13/INFO]: [STDERR]: 	at knot//net.minecraft.class_1088.localvar$gff000$full_slabs$replaceSlabVariantFiles(class_1088.java:4676)
[17:25:03] [Worker-ResourceReload-13/INFO]: [STDERR]: 	at knot//net.minecraft.class_1088.method_4715(class_1088.java:315)
[17:25:03] [Worker-ResourceReload-13/INFO]: [STDERR]: 	at knot//net.minecraft.class_1088.method_4726(class_1088.java:256)
[17:25:03] [Worker-ResourceReload-13/INFO]: [STDERR]: 	at knot//net.minecraft.class_1088.method_4727(class_1088.java:389)
[17:25:03] [Worker-ResourceReload-13/INFO]: [STDERR]: 	at knot//net.minecraft.class_1088.method_4716(class_1088.java:168)
[17:25:03] [Worker-ResourceReload-13/INFO]: [STDERR]: 	at knot//com.google.common.collect.ImmutableList.forEach(ImmutableList.java:422)
[17:25:03] [Worker-ResourceReload-13/INFO]: [STDERR]: 	at knot//net.minecraft.class_1088.<init>(class_1088.java:168)
[17:25:03] [Worker-ResourceReload-13/INFO]: [STDERR]: 	at knot//net.minecraft.class_1092.method_45884(class_1092.java:87)
[17:25:03] [Worker-ResourceReload-13/INFO]: [STDERR]: 	at knot//net.minecraft.class_1092.mdd6a7bc$fabric-model-loading-api-v1$lambda$loadModelPluginData$0$0(class_1092.java:1579)
[17:25:03] [Worker-ResourceReload-13/INFO]: [STDERR]: 	at java.base/java.util.concurrent.CompletableFuture.biApply(Unknown Source)
[17:25:03] [Worker-ResourceReload-13/INFO]: [STDERR]: 	at java.base/java.util.concurrent.CompletableFuture$BiApply.tryFire(Unknown Source)
[17:25:03] [Worker-ResourceReload-13/INFO]: [STDERR]: 	at java.base/java.util.concurrent.CompletableFuture$Completion.exec(Unknown Source)
[17:25:03] [Worker-ResourceReload-13/INFO]: [STDERR]: 	at java.base/java.util.concurrent.ForkJoinTask.doExec(Unknown Source)
[17:25:03] [Worker-ResourceReload-13/INFO]: [STDERR]: 	at java.base/java.util.concurrent.ForkJoinPool$WorkQueue.topLevelExec(Unknown Source)
[17:25:03] [Worker-ResourceReload-13/INFO]: [STDERR]: 	at java.base/java.util.concurrent.ForkJoinPool.scan(Unknown Source)
[17:25:03] [Worker-ResourceReload-13/INFO]: [STDERR]: 	at java.base/java.util.concurrent.ForkJoinPool.runWorker(Unknown Source)
[17:25:03] [Worker-ResourceReload-13/INFO]: [STDERR]: 	at java.base/java.util.concurrent.ForkJoinWorkerThread.run(Unknown Source)
[17:25:05] [Worker-ResourceReload-13/WARN]: Unable to load model: 'perfectbirbs:bearded_reedling_plushie#inventory' referenced from: perfectbirbs:bearded_reedling_plushie#inventory: java.io.FileNotFoundException: perfectbirbs:models/item/bearded_reedling_plushie.json
[17:25:06] [Worker-ResourceReload-13/WARN]: Unable to load model: 'perfectbirbs:blue_footed_booby_plushie#inventory' referenced from: perfectbirbs:blue_footed_booby_plushie#inventory: java.io.FileNotFoundException: perfectbirbs:models/item/blue_footed_booby_plushie.json
[17:25:07] [Worker-ResourceReload-13/WARN]: Unable to load model: 'perfectbirbs:cisticola_plushie#inventory' referenced from: perfectbirbs:cisticola_plushie#inventory: java.io.FileNotFoundException: perfectbirbs:models/item/cisticola_plushie.json
[17:25:14] [Render thread/INFO]: OpenGL debug message: id=1280, source=API, type=ERROR, severity=HIGH, message='GL_INVALID_ENUM error generated.'
[17:25:21] [Worker-ResourceReload-13/WARN]: Missing textures in model minecraft:chainmail_boots#inventory:
    minecraft:textures/atlas/blocks.png:minecraft:trims/items/boots/yungscavebiomes-ancient_amethyst
    minecraft:textures/atlas/blocks.png:minecraft:trims/items/boots/yungscavebiomes-ancient_copper
    minecraft:textures/atlas/blocks.png:minecraft:trims/items/boots/yungscavebiomes-ancient_diamond
    minecraft:textures/atlas/blocks.png:minecraft:trims/items/boots/yungscavebiomes-ancient_emerald
    minecraft:textures/atlas/blocks.png:minecraft:trims/items/boots/yungscavebiomes-ancient_gold
    minecraft:textures/atlas/blocks.png:minecraft:trims/items/boots/yungscavebiomes-ancient_iron
    minecraft:textures/atlas/blocks.png:minecraft:trims/items/boots/yungscavebiomes-ancient_lapis
    minecraft:textures/atlas/blocks.png:minecraft:trims/items/boots/yungscavebiomes-ancient_netherite
    minecraft:textures/atlas/blocks.png:minecraft:trims/items/boots/yungscavebiomes-ancient_quartz
    minecraft:textures/atlas/blocks.png:minecraft:trims/items/boots/yungscavebiomes-ancient_redstone
[17:25:21] [Worker-ResourceReload-13/WARN]: Missing textures in model alexsmobs:transmutation_table#facing=west:
    minecraft:textures/atlas/blocks.png:alexsmobs:entity/farseer/transmutation_table
[17:25:21] [Worker-ResourceReload-13/WARN]: Missing textures in model variantfletchingtables:ldv_cherry_fletching_table#:
    minecraft:textures/atlas/blocks.png:vinery:block/cherry_planks
[17:25:21] [Worker-ResourceReload-13/WARN]: Missing textures in model simplymore:timekeeper#inventory:
    minecraft:textures/atlas/blocks.png:simplymore:item/uniques/timekeeper/sun_14
[17:25:21] [Worker-ResourceReload-13/WARN]: Missing textures in model mythicupgrades:ruby_chestplate#inventory:
    minecraft:textures/atlas/blocks.png:minecraft:trims/items/chestplate/yungscavebiomes-ancient_amethyst
    minecraft:textures/atlas/blocks.png:minecraft:trims/items/chestplate/yungscavebiomes-ancient_copper
    minecraft:textures/atlas/blocks.png:minecraft:trims/items/chestplate/yungscavebiomes-ancient_diamond
    minecraft:textures/atlas/blocks.png:minecraft:trims/items/chestplate/yungscavebiomes-ancient_emerald
    minecraft:textures/atlas/blocks.png:minecraft:trims/items/chestplate/yungscavebiomes-ancient_gold
    minecraft:textures/atlas/blocks.png:minecraft:trims/items/chestplate/yungscavebiomes-ancient_iron
    minecraft:textures/atlas/blocks.png:minecraft:trims/items/chestplate/yungscavebiomes-ancient_lapis
    minecraft:textures/atlas/blocks.png:minecraft:trims/items/chestplate/yungscavebiomes-ancient_netherite
    minecraft:textures/atlas/blocks.png:minecraft:trims/items/chestplate/yungscavebiomes-ancient_quartz
    minecraft:textures/atlas/blocks.png:minecraft:trims/items/chestplate/yungscavebiomes-ancient_redstone
[17:25:21] [Worker-ResourceReload-13/WARN]: Missing textures in model variantlecterns:ldv_cherry_lectern#facing=south,has_book=true,powered=false:
    minecraft:textures/atlas/blocks.png:vinery:block/cherry_planks
[17:25:21] [Worker-ResourceReload-13/WARN]: Missing textures in model forcemaster_rpg:wooden_knuckle_model#inventory:
    minecraft:textures/atlas/blocks.png:minecraft:wooden_knuckle_texture
[17:25:21] [Worker-ResourceReload-13/WARN]: Missing textures in model minecraft:netherite_helmet#inventory:
    minecraft:textures/atlas/blocks.png:minecraft:trims/items/helmet/yungscavebiomes-ancient_amethyst
    minecraft:textures/atlas/blocks.png:minecraft:trims/items/helmet/yungscavebiomes-ancient_copper
    minecraft:textures/atlas/blocks.png:minecraft:trims/items/helmet/yungscavebiomes-ancient_diamond
    minecraft:textures/atlas/blocks.png:minecraft:trims/items/helmet/yungscavebiomes-ancient_emerald
    minecraft:textures/atlas/blocks.png:minecraft:trims/items/helmet/yungscavebiomes-ancient_gold
    minecraft:textures/atlas/blocks.png:minecraft:trims/items/helmet/yungscavebiomes-ancient_iron
    minecraft:textures/atlas/blocks.png:minecraft:trims/items/helmet/yungscavebiomes-ancient_lapis
    minecraft:textures/atlas/blocks.png:minecraft:trims/items/helmet/yungscavebiomes-ancient_netherite_darker
    minecraft:textures/atlas/blocks.png:minecraft:trims/items/helmet/yungscavebiomes-ancient_quartz
    minecraft:textures/atlas/blocks.png:minecraft:trims/items/helmet/yungscavebiomes-ancient_redstone
[17:25:21] [Worker-ResourceReload-13/WARN]: Missing textures in model minecraft:golden_boots#inventory:
    minecraft:textures/atlas/blocks.png:minecraft:trims/items/boots/yungscavebiomes-ancient_amethyst
    minecraft:textures/atlas/blocks.png:minecraft:trims/items/boots/yungscavebiomes-ancient_copper
    minecraft:textures/atlas/blocks.png:minecraft:trims/items/boots/yungscavebiomes-ancient_diamond
    minecraft:textures/atlas/blocks.png:minecraft:trims/items/boots/yungscavebiomes-ancient_emerald
    minecraft:textures/atlas/blocks.png:minecraft:trims/items/boots/yungscavebiomes-ancient_gold_darker
    minecraft:textures/atlas/blocks.png:minecraft:trims/items/boots/yungscavebiomes-ancient_iron
    minecraft:textures/atlas/blocks.png:minecraft:trims/items/boots/yungscavebiomes-ancient_lapis
    minecraft:textures/atlas/blocks.png:minecraft:trims/items/boots/yungscavebiomes-ancient_netherite
    minecraft:textures/atlas/blocks.png:minecraft:trims/items/boots/yungscavebiomes-ancient_quartz
    minecraft:textures/atlas/blocks.png:minecraft:trims/items/boots/yungscavebiomes-ancient_redstone
[17:25:21] [Worker-ResourceReload-13/WARN]: Missing textures in model alexsmobs:end_pirate_anchor#inventory:
    minecraft:textures/atlas/blocks.png:alexsmobs:item/end_pirate_anchor
[17:25:21] [Worker-ResourceReload-13/WARN]: Missing textures in model full_slabs:extra_slab_block#axis=y,level=12,type=bottom,waterlogged=true:
    minecraft:textures/atlas/blocks.png:minecraft:builtin/missing
[17:25:21] [Worker-ResourceReload-13/WARN]: Missing textures in model minecraft:chainmail_helmet#inventory:
    minecraft:textures/atlas/blocks.png:minecraft:trims/items/helmet/yungscavebiomes-ancient_amethyst
    minecraft:textures/atlas/blocks.png:minecraft:trims/items/helmet/yungscavebiomes-ancient_copper
    minecraft:textures/atlas/blocks.png:minecraft:trims/items/helmet/yungscavebiomes-ancient_diamond
    minecraft:textures/atlas/blocks.png:minecraft:trims/items/helmet/yungscavebiomes-ancient_emerald
    minecraft:textures/atlas/blocks.png:minecraft:trims/items/helmet/yungscavebiomes-ancient_gold
    minecraft:textures/atlas/blocks.png:minecraft:trims/items/helmet/yungscavebiomes-ancient_iron
    minecraft:textures/atlas/blocks.png:minecraft:trims/items/helmet/yungscavebiomes-ancient_lapis
    minecraft:textures/atlas/blocks.png:minecraft:trims/items/helmet/yungscavebiomes-ancient_netherite
    minecraft:textures/atlas/blocks.png:minecraft:trims/items/helmet/yungscavebiomes-ancient_quartz
    minecraft:textures/atlas/blocks.png:minecraft:trims/items/helmet/yungscavebiomes-ancient_redstone
[17:25:21] [Worker-ResourceReload-13/WARN]: Missing textures in model mythicupgrades:ruby_helmet#inventory:
    minecraft:textures/atlas/blocks.png:minecraft:trims/items/helmet/yungscavebiomes-ancient_amethyst
    minecraft:textures/atlas/blocks.png:minecraft:trims/items/helmet/yungscavebiomes-ancient_copper
    minecraft:textures/atlas/blocks.png:minecraft:trims/items/helmet/yungscavebiomes-ancient_diamond
    minecraft:textures/atlas/blocks.png:minecraft:trims/items/helmet/yungscavebiomes-ancient_emerald
    minecraft:textures/atlas/blocks.png:minecraft:trims/items/helmet/yungscavebiomes-ancient_gold
    minecraft:textures/atlas/blocks.png:minecraft:trims/items/helmet/yungscavebiomes-ancient_iron
    minecraft:textures/atlas/blocks.png:minecraft:trims/items/helmet/yungscavebiomes-ancient_lapis
    minecraft:textures/atlas/blocks.png:minecraft:trims/items/helmet/yungscavebiomes-ancient_netherite
    minecraft:textures/atlas/blocks.png:minecraft:trims/items/helmet/yungscavebiomes-ancient_quartz
    minecraft:textures/atlas/blocks.png:minecraft:trims/items/helmet/yungscavebiomes-ancient_redstone
[17:25:21] [Worker-ResourceReload-13/WARN]: Missing textures in model clutter:silver_leggings#inventory:
    minecraft:textures/atlas/blocks.png:minecraft:trims/items/leggings/yungscavebiomes-ancient_amethyst
    minecraft:textures/atlas/blocks.png:minecraft:trims/items/leggings/yungscavebiomes-ancient_copper
    minecraft:textures/atlas/blocks.png:minecraft:trims/items/leggings/yungscavebiomes-ancient_diamond
    minecraft:textures/atlas/blocks.png:minecraft:trims/items/leggings/yungscavebiomes-ancient_emerald
    minecraft:textures/atlas/blocks.png:minecraft:trims/items/leggings/yungscavebiomes-ancient_gold
    minecraft:textures/atlas/blocks.png:minecraft:trims/items/leggings/yungscavebiomes-ancient_iron
    minecraft:textures/atlas/blocks.png:minecraft:trims/items/leggings/yungscavebiomes-ancient_lapis
    minecraft:textures/atlas/blocks.png:minecraft:trims/items/leggings/yungscavebiomes-ancient_netherite
    minecraft:textures/atlas/blocks.png:minecraft:trims/items/leggings/yungscavebiomes-ancient_quartz
    minecraft:textures/atlas/blocks.png:minecraft:trims/items/leggings/yungscavebiomes-ancient_redstone
[17:25:21] [Worker-ResourceReload-13/WARN]: Missing textures in model variantbookshelves:ldv_cherry_bookshelf#inventory:
    minecraft:textures/atlas/blocks.png:vinery:block/cherry_planks
[17:25:21] [Worker-ResourceReload-13/WARN]: Missing textures in model forcemaster_rpg:stone_knuckle_model#inventory:
    minecraft:textures/atlas/blocks.png:minecraft:wooden_knuckle_texture
[17:25:21] [Worker-ResourceReload-13/WARN]: Missing textures in model variantlecterns:ldv_cherry_lectern#facing=east,has_book=true,powered=false:
    minecraft:textures/atlas/blocks.png:vinery:block/cherry_planks
[17:25:21] [Worker-ResourceReload-13/WARN]: Missing textures in model create:cardboard_helmet#inventory:
    minecraft:textures/atlas/blocks.png:minecraft:trims/items/helmet/yungscavebiomes-ancient_amethyst
    minecraft:textures/atlas/blocks.png:minecraft:trims/items/helmet/yungscavebiomes-ancient_copper
    minecraft:textures/atlas/blocks.png:minecraft:trims/items/helmet/yungscavebiomes-ancient_diamond
    minecraft:textures/atlas/blocks.png:minecraft:trims/items/helmet/yungscavebiomes-ancient_emerald
    minecraft:textures/atlas/blocks.png:minecraft:trims/items/helmet/yungscavebiomes-ancient_gold
    minecraft:textures/atlas/blocks.png:minecraft:trims/items/helmet/yungscavebiomes-ancient_iron
    minecraft:textures/atlas/blocks.png:minecraft:trims/items/helmet/yungscavebiomes-ancient_lapis
    minecraft:textures/atlas/blocks.png:minecraft:trims/items/helmet/yungscavebiomes-ancient_netherite
    minecraft:textures/atlas/blocks.png:minecraft:trims/items/helmet/yungscavebiomes-ancient_quartz
    minecraft:textures/atlas/blocks.png:minecraft:trims/items/helmet/yungscavebiomes-ancient_redstone
[17:25:21] [Worker-ResourceReload-13/WARN]: Missing textures in model forcemaster_rpg:ruby_knuckle_model#inventory:
    minecraft:textures/atlas/blocks.png:minecraft:wooden_knuckle_texture
[17:25:21] [Worker-ResourceReload-13/WARN]: Missing textures in model variantlecterns:ldv_cherry_lectern#facing=north,has_book=true,powered=true:
    minecraft:textures/atlas/blocks.png:vinery:block/cherry_planks
[17:25:21] [Worker-ResourceReload-13/WARN]: Missing textures in model forcemaster_rpg:diamond_knuckle_model#inventory:
    minecraft:textures/atlas/blocks.png:minecraft:wooden_knuckle_texture
[17:25:21] [Worker-ResourceReload-13/WARN]: Missing textures in model variantbookshelves:ru_sculkwood_bookshelf#:
    minecraft:textures/atlas/blocks.png:regions_unexplored:block/sculkwood_planks
[17:25:21] [Worker-ResourceReload-13/WARN]: Missing textures in model wardentools:warden_chestplate#inventory:
    minecraft:textures/atlas/blocks.png:minecraft:trims/items/chestplate/yungscavebiomes-ancient_amethyst
    minecraft:textures/atlas/blocks.png:minecraft:trims/items/chestplate/yungscavebiomes-ancient_copper
    minecraft:textures/atlas/blocks.png:minecraft:trims/items/chestplate/yungscavebiomes-ancient_diamond
    minecraft:textures/atlas/blocks.png:minecraft:trims/items/chestplate/yungscavebiomes-ancient_emerald
    minecraft:textures/atlas/blocks.png:minecraft:trims/items/chestplate/yungscavebiomes-ancient_gold
    minecraft:textures/atlas/blocks.png:minecraft:trims/items/chestplate/yungscavebiomes-ancient_iron
    minecraft:textures/atlas/blocks.png:minecraft:trims/items/chestplate/yungscavebiomes-ancient_lapis
    minecraft:textures/atlas/blocks.png:minecraft:trims/items/chestplate/yungscavebiomes-ancient_netherite
    minecraft:textures/atlas/blocks.png:minecraft:trims/items/chestplate/yungscavebiomes-ancient_quartz
    minecraft:textures/atlas/blocks.png:minecraft:trims/items/chestplate/yungscavebiomes-ancient_redstone
[17:25:21] [Worker-ResourceReload-13/WARN]: Missing textures in model minecraft:iron_boots#inventory:
    minecraft:textures/atlas/blocks.png:minecraft:trims/items/boots/yungscavebiomes-ancient_amethyst
    minecraft:textures/atlas/blocks.png:minecraft:trims/items/boots/yungscavebiomes-ancient_copper
    minecraft:textures/atlas/blocks.png:minecraft:trims/items/boots/yungscavebiomes-ancient_diamond
    minecraft:textures/atlas/blocks.png:minecraft:trims/items/boots/yungscavebiomes-ancient_emerald
    minecraft:textures/atlas/blocks.png:minecraft:trims/items/boots/yungscavebiomes-ancient_gold
    minecraft:textures/atlas/blocks.png:minecraft:trims/items/boots/yungscavebiomes-ancient_iron_darker
    minecraft:textures/atlas/blocks.png:minecraft:trims/items/boots/yungscavebiomes-ancient_lapis
    minecraft:textures/atlas/blocks.png:minecraft:trims/items/boots/yungscavebiomes-ancient_netherite
    minecraft:textures/atlas/blocks.png:minecraft:trims/items/boots/yungscavebiomes-ancient_quartz
    minecraft:textures/atlas/blocks.png:minecraft:trims/items/boots/yungscavebiomes-ancient_redstone
[17:25:21] [Worker-ResourceReload-13/WARN]: Missing textures in model berserker_rpg:projectile/lightning_bolt:
    minecraft:textures/atlas/blocks.png:minecraft:lightning_texture
[17:25:21] [Worker-ResourceReload-13/WARN]: Missing textures in model mythicupgrades:ametrine_boots#inventory:
    minecraft:textures/atlas/blocks.png:minecraft:trims/items/boots/yungscavebiomes-ancient_amethyst
    minecraft:textures/atlas/blocks.png:minecraft:trims/items/boots/yungscavebiomes-ancient_copper
    minecraft:textures/atlas/blocks.png:minecraft:trims/items/boots/yungscavebiomes-ancient_diamond
    minecraft:textures/atlas/blocks.png:minecraft:trims/items/boots/yungscavebiomes-ancient_emerald
    minecraft:textures/atlas/blocks.png:minecraft:trims/items/boots/yungscavebiomes-ancient_gold
    minecraft:textures/atlas/blocks.png:minecraft:trims/items/boots/yungscavebiomes-ancient_iron
    minecraft:textures/atlas/blocks.png:minecraft:trims/items/boots/yungscavebiomes-ancient_lapis
    minecraft:textures/atlas/blocks.png:minecraft:trims/items/boots/yungscavebiomes-ancient_netherite
    minecraft:textures/atlas/blocks.png:minecraft:trims/items/boots/yungscavebiomes-ancient_quartz
    minecraft:textures/atlas/blocks.png:minecraft:trims/items/boots/yungscavebiomes-ancient_redstone
[17:25:21] [Worker-ResourceReload-13/WARN]: Missing textures in model variantfletchingtables:ru_sculkwood_fletching_table#:
    minecraft:textures/atlas/blocks.png:regions_unexplored:block/sculkwood_planks
[17:25:21] [Worker-ResourceReload-13/WARN]: Missing textures in model minecraft:golden_leggings#inventory:
    minecraft:textures/atlas/blocks.png:minecraft:trims/items/leggings/yungscavebiomes-ancient_amethyst
    minecraft:textures/atlas/blocks.png:minecraft:trims/items/leggings/yungscavebiomes-ancient_copper
    minecraft:textures/atlas/blocks.png:minecraft:trims/items/leggings/yungscavebiomes-ancient_diamond
    minecraft:textures/atlas/blocks.png:minecraft:trims/items/leggings/yungscavebiomes-ancient_emerald
    minecraft:textures/atlas/blocks.png:minecraft:trims/items/leggings/yungscavebiomes-ancient_gold_darker
    minecraft:textures/atlas/blocks.png:minecraft:trims/items/leggings/yungscavebiomes-ancient_iron
    minecraft:textures/atlas/blocks.png:minecraft:trims/items/leggings/yungscavebiomes-ancient_lapis
    minecraft:textures/atlas/blocks.png:minecraft:trims/items/leggings/yungscavebiomes-ancient_netherite
    minecraft:textures/atlas/blocks.png:minecraft:trims/items/leggings/yungscavebiomes-ancient_quartz
    minecraft:textures/atlas/blocks.png:minecraft:trims/items/leggings/yungscavebiomes-ancient_redstone
[17:25:21] [Worker-ResourceReload-13/WARN]: Missing textures in model forcemaster_rpg:iron_knuckle_model#inventory:
    minecraft:textures/atlas/blocks.png:minecraft:wooden_knuckle_texture
[17:25:21] [Worker-ResourceReload-13/WARN]: Missing textures in model mythicupgrades:peridot_helmet#inventory:
    minecraft:textures/atlas/blocks.png:minecraft:trims/items/helmet/yungscavebiomes-ancient_amethyst
    minecraft:textures/atlas/blocks.png:minecraft:trims/items/helmet/yungscavebiomes-ancient_copper
    minecraft:textures/atlas/blocks.png:minecraft:trims/items/helmet/yungscavebiomes-ancient_diamond
    minecraft:textures/atlas/blocks.png:minecraft:trims/items/helmet/yungscavebiomes-ancient_emerald
    minecraft:textures/atlas/blocks.png:minecraft:trims/items/helmet/yungscavebiomes-ancient_gold
    minecraft:textures/atlas/blocks.png:minecraft:trims/items/helmet/yungscavebiomes-ancient_iron
    minecraft:textures/atlas/blocks.png:minecraft:trims/items/helmet/yungscavebiomes-ancient_lapis
    minecraft:textures/atlas/blocks.png:minecraft:trims/items/helmet/yungscavebiomes-ancient_netherite
    minecraft:textures/atlas/blocks.png:minecraft:trims/items/helmet/yungscavebiomes-ancient_quartz
    minecraft:textures/atlas/blocks.png:minecraft:trims/items/helmet/yungscavebiomes-ancient_redstone
[17:25:21] [Worker-ResourceReload-13/WARN]: Missing textures in model variantfletchingtables:ru_cherry_fletching_table#:
    minecraft:textures/atlas/blocks.png:regions_unexplored:block/cherry_planks
[17:25:21] [Worker-ResourceReload-13/WARN]: Missing textures in model clutter:silver_chestplate#inventory:
    minecraft:textures/atlas/blocks.png:minecraft:trims/items/chestplate/yungscavebiomes-ancient_amethyst
    minecraft:textures/atlas/blocks.png:minecraft:trims/items/chestplate/yungscavebiomes-ancient_copper
    minecraft:textures/atlas/blocks.png:minecraft:trims/items/chestplate/yungscavebiomes-ancient_diamond
    minecraft:textures/atlas/blocks.png:minecraft:trims/items/chestplate/yungscavebiomes-ancient_emerald
    minecraft:textures/atlas/blocks.png:minecraft:trims/items/chestplate/yungscavebiomes-ancient_gold
    minecraft:textures/atlas/blocks.png:minecraft:trims/items/chestplate/yungscavebiomes-ancient_iron
    minecraft:textures/atlas/blocks.png:minecraft:trims/items/chestplate/yungscavebiomes-ancient_lapis
    minecraft:textures/atlas/blocks.png:minecraft:trims/items/chestplate/yungscavebiomes-ancient_netherite
    minecraft:textures/atlas/blocks.png:minecraft:trims/items/chestplate/yungscavebiomes-ancient_quartz
    minecraft:textures/atlas/blocks.png:minecraft:trims/items/chestplate/yungscavebiomes-ancient_redstone
[17:25:21] [Worker-ResourceReload-13/WARN]: Missing textures in model geode_plus:wrappist_pedestal#inventory:
    minecraft:textures/atlas/blocks.png:geode_plus:block/wrappist_pedestal
[17:25:21] [Worker-ResourceReload-13/WARN]: Missing textures in model variantbookshelves:ldv_cherry_bookshelf#:
    minecraft:textures/atlas/blocks.png:vinery:block/cherry_planks
[17:25:21] [Worker-ResourceReload-13/WARN]: Missing textures in model mythicupgrades:peridot_chestplate#inventory:
    minecraft:textures/atlas/blocks.png:minecraft:trims/items/chestplate/yungscavebiomes-ancient_amethyst
    minecraft:textures/atlas/blocks.png:minecraft:trims/items/chestplate/yungscavebiomes-ancient_copper
    minecraft:textures/atlas/blocks.png:minecraft:trims/items/chestplate/yungscavebiomes-ancient_diamond
    minecraft:textures/atlas/blocks.png:minecraft:trims/items/chestplate/yungscavebiomes-ancient_emerald
    minecraft:textures/atlas/blocks.png:minecraft:trims/items/chestplate/yungscavebiomes-ancient_gold
    minecraft:textures/atlas/blocks.png:minecraft:trims/items/chestplate/yungscavebiomes-ancient_iron
    minecraft:textures/atlas/blocks.png:minecraft:trims/items/chestplate/yungscavebiomes-ancient_lapis
    minecraft:textures/atlas/blocks.png:minecraft:trims/items/chestplate/yungscavebiomes-ancient_netherite
    minecraft:textures/atlas/blocks.png:minecraft:trims/items/chestplate/yungscavebiomes-ancient_quartz
    minecraft:textures/atlas/blocks.png:minecraft:trims/items/chestplate/yungscavebiomes-ancient_redstone
[17:25:21] [Worker-ResourceReload-13/WARN]: Missing textures in model forcemaster_rpg:aeternium_knuckle_model#inventory:
    minecraft:textures/atlas/blocks.png:minecraft:wooden_knuckle_texture
[17:25:21] [Worker-ResourceReload-13/WARN]: Missing textures in model minecraft:leather_boots#inventory:
    minecraft:textures/atlas/blocks.png:minecraft:trims/items/boots/yungscavebiomes-ancient_amethyst
    minecraft:textures/atlas/blocks.png:minecraft:trims/items/boots/yungscavebiomes-ancient_copper
    minecraft:textures/atlas/blocks.png:minecraft:trims/items/boots/yungscavebiomes-ancient_diamond
    minecraft:textures/atlas/blocks.png:minecraft:trims/items/boots/yungscavebiomes-ancient_emerald
    minecraft:textures/atlas/blocks.png:minecraft:trims/items/boots/yungscavebiomes-ancient_gold
    minecraft:textures/atlas/blocks.png:minecraft:trims/items/boots/yungscavebiomes-ancient_iron
    minecraft:textures/atlas/blocks.png:minecraft:trims/items/boots/yungscavebiomes-ancient_lapis
    minecraft:textures/atlas/blocks.png:minecraft:trims/items/boots/yungscavebiomes-ancient_netherite
    minecraft:textures/atlas/blocks.png:minecraft:trims/items/boots/yungscavebiomes-ancient_quartz
    minecraft:textures/atlas/blocks.png:minecraft:trims/items/boots/yungscavebiomes-ancient_redstone
[17:25:21] [Worker-ResourceReload-13/WARN]: Missing textures in model mythicupgrades:sapphire_chestplate#inventory:
    minecraft:textures/atlas/blocks.png:minecraft:trims/items/chestplate/yungscavebiomes-ancient_amethyst
    minecraft:textures/atlas/blocks.png:minecraft:trims/items/chestplate/yungscavebiomes-ancient_copper
    minecraft:textures/atlas/blocks.png:minecraft:trims/items/chestplate/yungscavebiomes-ancient_diamond
    minecraft:textures/atlas/blocks.png:minecraft:trims/items/chestplate/yungscavebiomes-ancient_emerald
    minecraft:textures/atlas/blocks.png:minecraft:trims/items/chestplate/yungscavebiomes-ancient_gold
    minecraft:textures/atlas/blocks.png:minecraft:trims/items/chestplate/yungscavebiomes-ancient_iron
    minecraft:textures/atlas/blocks.png:minecraft:trims/items/chestplate/yungscavebiomes-ancient_lapis
    minecraft:textures/atlas/blocks.png:minecraft:trims/items/chestplate/yungscavebiomes-ancient_netherite
    minecraft:textures/atlas/blocks.png:minecraft:trims/items/chestplate/yungscavebiomes-ancient_quartz
    minecraft:textures/atlas/blocks.png:minecraft:trims/items/chestplate/yungscavebiomes-ancient_redstone
[17:25:21] [Worker-ResourceReload-13/WARN]: Missing textures in model clutter:silver_boots#inventory:
    minecraft:textures/atlas/blocks.png:minecraft:trims/items/boots/yungscavebiomes-ancient_amethyst
    minecraft:textures/atlas/blocks.png:minecraft:trims/items/boots/yungscavebiomes-ancient_copper
    minecraft:textures/atlas/blocks.png:minecraft:trims/items/boots/yungscavebiomes-ancient_diamond
    minecraft:textures/atlas/blocks.png:minecraft:trims/items/boots/yungscavebiomes-ancient_emerald
    minecraft:textures/atlas/blocks.png:minecraft:trims/items/boots/yungscavebiomes-ancient_gold
    minecraft:textures/atlas/blocks.png:minecraft:trims/items/boots/yungscavebiomes-ancient_iron
    minecraft:textures/atlas/blocks.png:minecraft:trims/items/boots/yungscavebiomes-ancient_lapis
    minecraft:textures/atlas/blocks.png:minecraft:trims/items/boots/yungscavebiomes-ancient_netherite
    minecraft:textures/atlas/blocks.png:minecraft:trims/items/boots/yungscavebiomes-ancient_quartz
    minecraft:textures/atlas/blocks.png:minecraft:trims/items/boots/yungscavebiomes-ancient_redstone
[17:25:21] [Worker-ResourceReload-13/WARN]: Missing textures in model mythicupgrades:jade_chestplate#inventory:
    minecraft:textures/atlas/blocks.png:minecraft:trims/items/chestplate/yungscavebiomes-ancient_amethyst
    minecraft:textures/atlas/blocks.png:minecraft:trims/items/chestplate/yungscavebiomes-ancient_copper
    minecraft:textures/atlas/blocks.png:minecraft:trims/items/chestplate/yungscavebiomes-ancient_diamond
    minecraft:textures/atlas/blocks.png:minecraft:trims/items/chestplate/yungscavebiomes-ancient_emerald
    minecraft:textures/atlas/blocks.png:minecraft:trims/items/chestplate/yungscavebiomes-ancient_gold
    minecraft:textures/atlas/blocks.png:minecraft:trims/items/chestplate/yungscavebiomes-ancient_iron
    minecraft:textures/atlas/blocks.png:minecraft:trims/items/chestplate/yungscavebiomes-ancient_lapis
    minecraft:textures/atlas/blocks.png:minecraft:trims/items/chestplate/yungscavebiomes-ancient_netherite
    minecraft:textures/atlas/blocks.png:minecraft:trims/items/chestplate/yungscavebiomes-ancient_quartz
    minecraft:textures/atlas/blocks.png:minecraft:trims/items/chestplate/yungscavebiomes-ancient_redstone
[17:25:21] [Worker-ResourceReload-13/WARN]: Missing textures in model wardentools:warden_leggings#inventory:
    minecraft:textures/atlas/blocks.png:minecraft:trims/items/leggings/yungscavebiomes-ancient_amethyst
    minecraft:textures/atlas/blocks.png:minecraft:trims/items/leggings/yungscavebiomes-ancient_copper
    minecraft:textures/atlas/blocks.png:minecraft:trims/items/leggings/yungscavebiomes-ancient_diamond
    minecraft:textures/atlas/blocks.png:minecraft:trims/items/leggings/yungscavebiomes-ancient_emerald
    minecraft:textures/atlas/blocks.png:minecraft:trims/items/leggings/yungscavebiomes-ancient_gold
    minecraft:textures/atlas/blocks.png:minecraft:trims/items/leggings/yungscavebiomes-ancient_iron
    minecraft:textures/atlas/blocks.png:minecraft:trims/items/leggings/yungscavebiomes-ancient_lapis
    minecraft:textures/atlas/blocks.png:minecraft:trims/items/leggings/yungscavebiomes-ancient_netherite
    minecraft:textures/atlas/blocks.png:minecraft:trims/items/leggings/yungscavebiomes-ancient_quartz
    minecraft:textures/atlas/blocks.png:minecraft:trims/items/leggings/yungscavebiomes-ancient_redstone
[17:25:21] [Worker-ResourceReload-13/WARN]: Missing textures in model variantbookshelves:ru_sculkwood_bookshelf#inventory:
    minecraft:textures/atlas/blocks.png:regions_unexplored:block/sculkwood_planks
[17:25:21] [Worker-ResourceReload-13/WARN]: Missing textures in model minecraft:netherite_leggings#inventory:
    minecraft:textures/atlas/blocks.png:minecraft:trims/items/leggings/yungscavebiomes-ancient_amethyst
    minecraft:textures/atlas/blocks.png:minecraft:trims/items/leggings/yungscavebiomes-ancient_copper
    minecraft:textures/atlas/blocks.png:minecraft:trims/items/leggings/yungscavebiomes-ancient_diamond
    minecraft:textures/atlas/blocks.png:minecraft:trims/items/leggings/yungscavebiomes-ancient_emerald
    minecraft:textures/atlas/blocks.png:minecraft:trims/items/leggings/yungscavebiomes-ancient_gold
    minecraft:textures/atlas/blocks.png:minecraft:trims/items/leggings/yungscavebiomes-ancient_iron
    minecraft:textures/atlas/blocks.png:minecraft:trims/items/leggings/yungscavebiomes-ancient_lapis
    minecraft:textures/atlas/blocks.png:minecraft:trims/items/leggings/yungscavebiomes-ancient_netherite_darker
    minecraft:textures/atlas/blocks.png:minecraft:trims/items/leggings/yungscavebiomes-ancient_quartz
    minecraft:textures/atlas/blocks.png:minecraft:trims/items/leggings/yungscavebiomes-ancient_redstone
[17:25:21] [Worker-ResourceReload-13/WARN]: Missing textures in model mythicupgrades:sapphire_helmet#inventory:
    minecraft:textures/atlas/blocks.png:minecraft:trims/items/helmet/yungscavebiomes-ancient_amethyst
    minecraft:textures/atlas/blocks.png:minecraft:trims/items/helmet/yungscavebiomes-ancient_copper
    minecraft:textures/atlas/blocks.png:minecraft:trims/items/helmet/yungscavebiomes-ancient_diamond
    minecraft:textures/atlas/blocks.png:minecraft:trims/items/helmet/yungscavebiomes-ancient_emerald
    minecraft:textures/atlas/blocks.png:minecraft:trims/items/helmet/yungscavebiomes-ancient_gold
    minecraft:textures/atlas/blocks.png:minecraft:trims/items/helmet/yungscavebiomes-ancient_iron
    minecraft:textures/atlas/blocks.png:minecraft:trims/items/helmet/yungscavebiomes-ancient_lapis
    minecraft:textures/atlas/blocks.png:minecraft:trims/items/helmet/yungscavebiomes-ancient_netherite
    minecraft:textures/atlas/blocks.png:minecraft:trims/items/helmet/yungscavebiomes-ancient_quartz
    minecraft:textures/atlas/blocks.png:minecraft:trims/items/helmet/yungscavebiomes-ancient_redstone
[17:25:21] [Worker-ResourceReload-13/WARN]: Missing textures in model minecraft:leather_helmet#inventory:
    minecraft:textures/atlas/blocks.png:minecraft:trims/items/helmet/yungscavebiomes-ancient_amethyst
    minecraft:textures/atlas/blocks.png:minecraft:trims/items/helmet/yungscavebiomes-ancient_copper
    minecraft:textures/atlas/blocks.png:minecraft:trims/items/helmet/yungscavebiomes-ancient_diamond
    minecraft:textures/atlas/blocks.png:minecraft:trims/items/helmet/yungscavebiomes-ancient_emerald
    minecraft:textures/atlas/blocks.png:minecraft:trims/items/helmet/yungscavebiomes-ancient_gold
    minecraft:textures/atlas/blocks.png:minecraft:trims/items/helmet/yungscavebiomes-ancient_iron
    minecraft:textures/atlas/blocks.png:minecraft:trims/items/helmet/yungscavebiomes-ancient_lapis
    minecraft:textures/atlas/blocks.png:minecraft:trims/items/helmet/yungscavebiomes-ancient_netherite
    minecraft:textures/atlas/blocks.png:minecraft:trims/items/helmet/yungscavebiomes-ancient_quartz
    minecraft:textures/atlas/blocks.png:minecraft:trims/items/helmet/yungscavebiomes-ancient_redstone
[17:25:21] [Worker-ResourceReload-13/WARN]: Missing textures in model mythicupgrades:peridot_boots#inventory:
    minecraft:textures/atlas/blocks.png:minecraft:trims/items/boots/yungscavebiomes-ancient_amethyst
    minecraft:textures/atlas/blocks.png:minecraft:trims/items/boots/yungscavebiomes-ancient_copper
    minecraft:textures/atlas/blocks.png:minecraft:trims/items/boots/yungscavebiomes-ancient_diamond
    minecraft:textures/atlas/blocks.png:minecraft:trims/items/boots/yungscavebiomes-ancient_emerald
    minecraft:textures/atlas/blocks.png:minecraft:trims/items/boots/yungscavebiomes-ancient_gold
    minecraft:textures/atlas/blocks.png:minecraft:trims/items/boots/yungscavebiomes-ancient_iron
    minecraft:textures/atlas/blocks.png:minecraft:trims/items/boots/yungscavebiomes-ancient_lapis
    minecraft:textures/atlas/blocks.png:minecraft:trims/items/boots/yungscavebiomes-ancient_netherite
    minecraft:textures/atlas/blocks.png:minecraft:trims/items/boots/yungscavebiomes-ancient_quartz
    minecraft:textures/atlas/blocks.png:minecraft:trims/items/boots/yungscavebiomes-ancient_redstone
[17:25:21] [Worker-ResourceReload-13/WARN]: Missing textures in model forcemaster_rpg:netherite_knuckle_model#inventory:
    minecraft:textures/atlas/blocks.png:minecraft:wooden_knuckle_texture
[17:25:21] [Worker-ResourceReload-13/WARN]: Missing textures in model mythicupgrades:ametrine_helmet#inventory:
    minecraft:textures/atlas/blocks.png:minecraft:trims/items/helmet/yungscavebiomes-ancient_amethyst
    minecraft:textures/atlas/blocks.png:minecraft:trims/items/helmet/yungscavebiomes-ancient_copper
    minecraft:textures/atlas/blocks.png:minecraft:trims/items/helmet/yungscavebiomes-ancient_diamond
    minecraft:textures/atlas/blocks.png:minecraft:trims/items/helmet/yungscavebiomes-ancient_emerald
    minecraft:textures/atlas/blocks.png:minecraft:trims/items/helmet/yungscavebiomes-ancient_gold
    minecraft:textures/atlas/blocks.png:minecraft:trims/items/helmet/yungscavebiomes-ancient_iron
    minecraft:textures/atlas/blocks.png:minecraft:trims/items/helmet/yungscavebiomes-ancient_lapis
    minecraft:textures/atlas/blocks.png:minecraft:trims/items/helmet/yungscavebiomes-ancient_netherite
    minecraft:textures/atlas/blocks.png:minecraft:trims/items/helmet/yungscavebiomes-ancient_quartz
    minecraft:textures/atlas/blocks.png:minecraft:trims/items/helmet/yungscavebiomes-ancient_redstone
[17:25:21] [Worker-ResourceReload-13/WARN]: Missing textures in model minecraft:iron_helmet#inventory:
    minecraft:textures/atlas/blocks.png:minecraft:trims/items/helmet/yungscavebiomes-ancient_amethyst
    minecraft:textures/atlas/blocks.png:minecraft:trims/items/helmet/yungscavebiomes-ancient_copper
    minecraft:textures/atlas/blocks.png:minecraft:trims/items/helmet/yungscavebiomes-ancient_diamond
    minecraft:textures/atlas/blocks.png:minecraft:trims/items/helmet/yungscavebiomes-ancient_emerald
    minecraft:textures/atlas/blocks.png:minecraft:trims/items/helmet/yungscavebiomes-ancient_gold
    minecraft:textures/atlas/blocks.png:minecraft:trims/items/helmet/yungscavebiomes-ancient_iron_darker
    minecraft:textures/atlas/blocks.png:minecraft:trims/items/helmet/yungscavebiomes-ancient_lapis
    minecraft:textures/atlas/blocks.png:minecraft:trims/items/helmet/yungscavebiomes-ancient_netherite
    minecraft:textures/atlas/blocks.png:minecraft:trims/items/helmet/yungscavebiomes-ancient_quartz
    minecraft:textures/atlas/blocks.png:minecraft:trims/items/helmet/yungscavebiomes-ancient_redstone
[17:25:21] [Worker-ResourceReload-13/WARN]: Missing textures in model minecraft:golden_helmet#inventory:
    minecraft:textures/atlas/blocks.png:minecraft:trims/items/helmet/yungscavebiomes-ancient_amethyst
    minecraft:textures/atlas/blocks.png:minecraft:trims/items/helmet/yungscavebiomes-ancient_copper
    minecraft:textures/atlas/blocks.png:minecraft:trims/items/helmet/yungscavebiomes-ancient_diamond
    minecraft:textures/atlas/blocks.png:minecraft:trims/items/helmet/yungscavebiomes-ancient_emerald
    minecraft:textures/atlas/blocks.png:minecraft:trims/items/helmet/yungscavebiomes-ancient_gold_darker
    minecraft:textures/atlas/blocks.png:minecraft:trims/items/helmet/yungscavebiomes-ancient_iron
    minecraft:textures/atlas/blocks.png:minecraft:trims/items/helmet/yungscavebiomes-ancient_lapis
    minecraft:textures/atlas/blocks.png:minecraft:trims/items/helmet/yungscavebiomes-ancient_netherite
    minecraft:textures/atlas/blocks.png:minecraft:trims/items/helmet/yungscavebiomes-ancient_quartz
    minecraft:textures/atlas/blocks.png:minecraft:trims/items/helmet/yungscavebiomes-ancient_redstone
[17:25:21] [Worker-ResourceReload-13/WARN]: Missing textures in model create:cardboard_leggings#inventory:
    minecraft:textures/atlas/blocks.png:minecraft:trims/items/leggings/yungscavebiomes-ancient_amethyst
    minecraft:textures/atlas/blocks.png:minecraft:trims/items/leggings/yungscavebiomes-ancient_copper
    minecraft:textures/atlas/blocks.png:minecraft:trims/items/leggings/yungscavebiomes-ancient_diamond
    minecraft:textures/atlas/blocks.png:minecraft:trims/items/leggings/yungscavebiomes-ancient_emerald
    minecraft:textures/atlas/blocks.png:minecraft:trims/items/leggings/yungscavebiomes-ancient_gold
    minecraft:textures/atlas/blocks.png:minecraft:trims/items/leggings/yungscavebiomes-ancient_iron
    minecraft:textures/atlas/blocks.png:minecraft:trims/items/leggings/yungscavebiomes-ancient_lapis
    minecraft:textures/atlas/blocks.png:minecraft:trims/items/leggings/yungscavebiomes-ancient_netherite
    minecraft:textures/atlas/blocks.png:minecraft:trims/items/leggings/yungscavebiomes-ancient_quartz
    minecraft:textures/atlas/blocks.png:minecraft:trims/items/leggings/yungscavebiomes-ancient_redstone
[17:25:21] [Worker-ResourceReload-13/WARN]: Missing textures in model minecraft:diamond_helmet#inventory:
    minecraft:textures/atlas/blocks.png:minecraft:trims/items/helmet/yungscavebiomes-ancient_amethyst
    minecraft:textures/atlas/blocks.png:minecraft:trims/items/helmet/yungscavebiomes-ancient_copper
    minecraft:textures/atlas/blocks.png:minecraft:trims/items/helmet/yungscavebiomes-ancient_diamond_darker
    minecraft:textures/atlas/blocks.png:minecraft:trims/items/helmet/yungscavebiomes-ancient_emerald
    minecraft:textures/atlas/blocks.png:minecraft:trims/items/helmet/yungscavebiomes-ancient_gold
    minecraft:textures/atlas/blocks.png:minecraft:trims/items/helmet/yungscavebiomes-ancient_iron
    minecraft:textures/atlas/blocks.png:minecraft:trims/items/helmet/yungscavebiomes-ancient_lapis
    minecraft:textures/atlas/blocks.png:minecraft:trims/items/helmet/yungscavebiomes-ancient_netherite
    minecraft:textures/atlas/blocks.png:minecraft:trims/items/helmet/yungscavebiomes-ancient_quartz
    minecraft:textures/atlas/blocks.png:minecraft:trims/items/helmet/yungscavebiomes-ancient_redstone
[17:25:21] [Worker-ResourceReload-13/WARN]: Missing textures in model mythicupgrades:topaz_chestplate#inventory:
    minecraft:textures/atlas/blocks.png:minecraft:trims/items/chestplate/yungscavebiomes-ancient_amethyst
    minecraft:textures/atlas/blocks.png:minecraft:trims/items/chestplate/yungscavebiomes-ancient_copper
    minecraft:textures/atlas/blocks.png:minecraft:trims/items/chestplate/yungscavebiomes-ancient_diamond
    minecraft:textures/atlas/blocks.png:minecraft:trims/items/chestplate/yungscavebiomes-ancient_emerald
    minecraft:textures/atlas/blocks.png:minecraft:trims/items/chestplate/yungscavebiomes-ancient_gold
    minecraft:textures/atlas/blocks.png:minecraft:trims/items/chestplate/yungscavebiomes-ancient_iron
    minecraft:textures/atlas/blocks.png:minecraft:trims/items/chestplate/yungscavebiomes-ancient_lapis
    minecraft:textures/atlas/blocks.png:minecraft:trims/items/chestplate/yungscavebiomes-ancient_netherite
    minecraft:textures/atlas/blocks.png:minecraft:trims/items/chestplate/yungscavebiomes-ancient_quartz
    minecraft:textures/atlas/blocks.png:minecraft:trims/items/chestplate/yungscavebiomes-ancient_redstone
[17:25:21] [Worker-ResourceReload-13/WARN]: Missing textures in model variantlecterns:ldv_cherry_lectern#inventory:
    minecraft:textures/atlas/blocks.png:vinery:block/cherry_planks
[17:25:21] [Worker-ResourceReload-13/WARN]: Missing textures in model full_slabs:full_slab_block#axis=z,light=5:
    minecraft:textures/atlas/blocks.png:minecraft:builtin/missing
[17:25:21] [Worker-ResourceReload-13/WARN]: Missing textures in model alexsmobs:end_pirate_anchor_winch#inventory:
    minecraft:textures/atlas/blocks.png:alexsmobs:item/end_pirate_anchor_winch
[17:25:21] [Worker-ResourceReload-13/WARN]: Missing textures in model minecraft:netherite_boots#inventory:
    minecraft:textures/atlas/blocks.png:minecraft:trims/items/boots/yungscavebiomes-ancient_amethyst
    minecraft:textures/atlas/blocks.png:minecraft:trims/items/boots/yungscavebiomes-ancient_copper
    minecraft:textures/atlas/blocks.png:minecraft:trims/items/boots/yungscavebiomes-ancient_diamond
    minecraft:textures/atlas/blocks.png:minecraft:trims/items/boots/yungscavebiomes-ancient_emerald
    minecraft:textures/atlas/blocks.png:minecraft:trims/items/boots/yungscavebiomes-ancient_gold
    minecraft:textures/atlas/blocks.png:minecraft:trims/items/boots/yungscavebiomes-ancient_iron
    minecraft:textures/atlas/blocks.png:minecraft:trims/items/boots/yungscavebiomes-ancient_lapis
    minecraft:textures/atlas/blocks.png:minecraft:trims/items/boots/yungscavebiomes-ancient_netherite_darker
    minecraft:textures/atlas/blocks.png:minecraft:trims/items/boots/yungscavebiomes-ancient_quartz
    minecraft:textures/atlas/blocks.png:minecraft:trims/items/boots/yungscavebiomes-ancient_redstone
[17:25:21] [Worker-ResourceReload-13/WARN]: Missing textures in model minecraft:diamond_chestplate#inventory:
    minecraft:textures/atlas/blocks.png:minecraft:trims/items/chestplate/yungscavebiomes-ancient_amethyst
    minecraft:textures/atlas/blocks.png:minecraft:trims/items/chestplate/yungscavebiomes-ancient_copper
    minecraft:textures/atlas/blocks.png:minecraft:trims/items/chestplate/yungscavebiomes-ancient_diamond_darker
    minecraft:textures/atlas/blocks.png:minecraft:trims/items/chestplate/yungscavebiomes-ancient_emerald
    minecraft:textures/atlas/blocks.png:minecraft:trims/items/chestplate/yungscavebiomes-ancient_gold
    minecraft:textures/atlas/blocks.png:minecraft:trims/items/chestplate/yungscavebiomes-ancient_iron
    minecraft:textures/atlas/blocks.png:minecraft:trims/items/chestplate/yungscavebiomes-ancient_lapis
    minecraft:textures/atlas/blocks.png:minecraft:trims/items/chestplate/yungscavebiomes-ancient_netherite
    minecraft:textures/atlas/blocks.png:minecraft:trims/items/chestplate/yungscavebiomes-ancient_quartz
    minecraft:textures/atlas/blocks.png:minecraft:trims/items/chestplate/yungscavebiomes-ancient_redstone
[17:25:21] [Worker-ResourceReload-13/WARN]: Missing textures in model wardentools:warden_helmet#inventory:
    minecraft:textures/atlas/blocks.png:minecraft:trims/items/helmet/yungscavebiomes-ancient_amethyst
    minecraft:textures/atlas/blocks.png:minecraft:trims/items/helmet/yungscavebiomes-ancient_copper
    minecraft:textures/atlas/blocks.png:minecraft:trims/items/helmet/yungscavebiomes-ancient_diamond
    minecraft:textures/atlas/blocks.png:minecraft:trims/items/helmet/yungscavebiomes-ancient_emerald
    minecraft:textures/atlas/blocks.png:minecraft:trims/items/helmet/yungscavebiomes-ancient_gold
    minecraft:textures/atlas/blocks.png:minecraft:trims/items/helmet/yungscavebiomes-ancient_iron
    minecraft:textures/atlas/blocks.png:minecraft:trims/items/helmet/yungscavebiomes-ancient_lapis
    minecraft:textures/atlas/blocks.png:minecraft:trims/items/helmet/yungscavebiomes-ancient_netherite
    minecraft:textures/atlas/blocks.png:minecraft:trims/items/helmet/yungscavebiomes-ancient_quartz
    minecraft:textures/atlas/blocks.png:minecraft:trims/items/helmet/yungscavebiomes-ancient_redstone
[17:25:21] [Worker-ResourceReload-13/WARN]: Missing textures in model mythicupgrades:ruby_leggings#inventory:
    minecraft:textures/atlas/blocks.png:minecraft:trims/items/leggings/yungscavebiomes-ancient_amethyst
    minecraft:textures/atlas/blocks.png:minecraft:trims/items/leggings/yungscavebiomes-ancient_copper
    minecraft:textures/atlas/blocks.png:minecraft:trims/items/leggings/yungscavebiomes-ancient_diamond
    minecraft:textures/atlas/blocks.png:minecraft:trims/items/leggings/yungscavebiomes-ancient_emerald
    minecraft:textures/atlas/blocks.png:minecraft:trims/items/leggings/yungscavebiomes-ancient_gold
    minecraft:textures/atlas/blocks.png:minecraft:trims/items/leggings/yungscavebiomes-ancient_iron
    minecraft:textures/atlas/blocks.png:minecraft:trims/items/leggings/yungscavebiomes-ancient_lapis
    minecraft:textures/atlas/blocks.png:minecraft:trims/items/leggings/yungscavebiomes-ancient_netherite
    minecraft:textures/atlas/blocks.png:minecraft:trims/items/leggings/yungscavebiomes-ancient_quartz
    minecraft:textures/atlas/blocks.png:minecraft:trims/items/leggings/yungscavebiomes-ancient_redstone
[17:25:21] [Worker-ResourceReload-13/WARN]: Missing textures in model minecraft:diamond_leggings#inventory:
    minecraft:textures/atlas/blocks.png:minecraft:trims/items/leggings/yungscavebiomes-ancient_amethyst
    minecraft:textures/atlas/blocks.png:minecraft:trims/items/leggings/yungscavebiomes-ancient_copper
    minecraft:textures/atlas/blocks.png:minecraft:trims/items/leggings/yungscavebiomes-ancient_diamond_darker
    minecraft:textures/atlas/blocks.png:minecraft:trims/items/leggings/yungscavebiomes-ancient_emerald
    minecraft:textures/atlas/blocks.png:minecraft:trims/items/leggings/yungscavebiomes-ancient_gold
    minecraft:textures/atlas/blocks.png:minecraft:trims/items/leggings/yungscavebiomes-ancient_iron
    minecraft:textures/atlas/blocks.png:minecraft:trims/items/leggings/yungscavebiomes-ancient_lapis
    minecraft:textures/atlas/blocks.png:minecraft:trims/items/leggings/yungscavebiomes-ancient_netherite
    minecraft:textures/atlas/blocks.png:minecraft:trims/items/leggings/yungscavebiomes-ancient_quartz
    minecraft:textures/atlas/blocks.png:minecraft:trims/items/leggings/yungscavebiomes-ancient_redstone
[17:25:21] [Worker-ResourceReload-13/WARN]: Missing textures in model alexsmobs:shield_of_the_deep#inventory:
    minecraft:textures/atlas/blocks.png:alexsmobs:armor/shield_of_the_deep
[17:25:21] [Worker-ResourceReload-13/WARN]: Missing textures in model mythicupgrades:sapphire_boots#inventory:
    minecraft:textures/atlas/blocks.png:minecraft:trims/items/boots/yungscavebiomes-ancient_amethyst
    minecraft:textures/atlas/blocks.png:minecraft:trims/items/boots/yungscavebiomes-ancient_copper
    minecraft:textures/atlas/blocks.png:minecraft:trims/items/boots/yungscavebiomes-ancient_diamond
    minecraft:textures/atlas/blocks.png:minecraft:trims/items/boots/yungscavebiomes-ancient_emerald
    minecraft:textures/atlas/blocks.png:minecraft:trims/items/boots/yungscavebiomes-ancient_gold
    minecraft:textures/atlas/blocks.png:minecraft:trims/items/boots/yungscavebiomes-ancient_iron
    minecraft:textures/atlas/blocks.png:minecraft:trims/items/boots/yungscavebiomes-ancient_lapis
    minecraft:textures/atlas/blocks.png:minecraft:trims/items/boots/yungscavebiomes-ancient_netherite
    minecraft:textures/atlas/blocks.png:minecraft:trims/items/boots/yungscavebiomes-ancient_quartz
    minecraft:textures/atlas/blocks.png:minecraft:trims/items/boots/yungscavebiomes-ancient_redstone
[17:25:21] [Worker-ResourceReload-13/WARN]: Missing textures in model mythicupgrades:aquamarine_chestplate#inventory:
    minecraft:textures/atlas/blocks.png:minecraft:trims/items/chestplate/yungscavebiomes-ancient_amethyst
    minecraft:textures/atlas/blocks.png:minecraft:trims/items/chestplate/yungscavebiomes-ancient_copper
    minecraft:textures/atlas/blocks.png:minecraft:trims/items/chestplate/yungscavebiomes-ancient_diamond
    minecraft:textures/atlas/blocks.png:minecraft:trims/items/chestplate/yungscavebiomes-ancient_emerald
    minecraft:textures/atlas/blocks.png:minecraft:trims/items/chestplate/yungscavebiomes-ancient_gold
    minecraft:textures/atlas/blocks.png:minecraft:trims/items/chestplate/yungscavebiomes-ancient_iron
    minecraft:textures/atlas/blocks.png:minecraft:trims/items/chestplate/yungscavebiomes-ancient_lapis
    minecraft:textures/atlas/blocks.png:minecraft:trims/items/chestplate/yungscavebiomes-ancient_netherite
    minecraft:textures/atlas/blocks.png:minecraft:trims/items/chestplate/yungscavebiomes-ancient_quartz
    minecraft:textures/atlas/blocks.png:minecraft:trims/items/chestplate/yungscavebiomes-ancient_redstone
[17:25:21] [Worker-ResourceReload-13/WARN]: Missing textures in model variantfletchingtables:ru_cherry_fletching_table#inventory:
    minecraft:textures/atlas/blocks.png:regions_unexplored:block/cherry_planks
[17:25:21] [Worker-ResourceReload-13/WARN]: Missing textures in model variantfletchingtables:ru_sculkwood_fletching_table#inventory:
    minecraft:textures/atlas/blocks.png:regions_unexplored:block/sculkwood_planks
[17:25:21] [Worker-ResourceReload-13/WARN]: Missing textures in model mythicupgrades:topaz_leggings#inventory:
    minecraft:textures/atlas/blocks.png:minecraft:trims/items/leggings/yungscavebiomes-ancient_amethyst
    minecraft:textures/atlas/blocks.png:minecraft:trims/items/leggings/yungscavebiomes-ancient_copper
    minecraft:textures/atlas/blocks.png:minecraft:trims/items/leggings/yungscavebiomes-ancient_diamond
    minecraft:textures/atlas/blocks.png:minecraft:trims/items/leggings/yungscavebiomes-ancient_emerald
    minecraft:textures/atlas/blocks.png:minecraft:trims/items/leggings/yungscavebiomes-ancient_gold
    minecraft:textures/atlas/blocks.png:minecraft:trims/items/leggings/yungscavebiomes-ancient_iron
    minecraft:textures/atlas/blocks.png:minecraft:trims/items/leggings/yungscavebiomes-ancient_lapis
    minecraft:textures/atlas/blocks.png:minecraft:trims/items/leggings/yungscavebiomes-ancient_netherite
    minecraft:textures/atlas/blocks.png:minecraft:trims/items/leggings/yungscavebiomes-ancient_quartz
    minecraft:textures/atlas/blocks.png:minecraft:trims/items/leggings/yungscavebiomes-ancient_redstone
[17:25:21] [Worker-ResourceReload-13/WARN]: Missing textures in model mythicupgrades:jade_helmet#inventory:
    minecraft:textures/atlas/blocks.png:minecraft:trims/items/helmet/yungscavebiomes-ancient_amethyst
    minecraft:textures/atlas/blocks.png:minecraft:trims/items/helmet/yungscavebiomes-ancient_copper
    minecraft:textures/atlas/blocks.png:minecraft:trims/items/helmet/yungscavebiomes-ancient_diamond
    minecraft:textures/atlas/blocks.png:minecraft:trims/items/helmet/yungscavebiomes-ancient_emerald
    minecraft:textures/atlas/blocks.png:minecraft:trims/items/helmet/yungscavebiomes-ancient_gold
    minecraft:textures/atlas/blocks.png:minecraft:trims/items/helmet/yungscavebiomes-ancient_iron
    minecraft:textures/atlas/blocks.png:minecraft:trims/items/helmet/yungscavebiomes-ancient_lapis
    minecraft:textures/atlas/blocks.png:minecraft:trims/items/helmet/yungscavebiomes-ancient_netherite
    minecraft:textures/atlas/blocks.png:minecraft:trims/items/helmet/yungscavebiomes-ancient_quartz
    minecraft:textures/atlas/blocks.png:minecraft:trims/items/helmet/yungscavebiomes-ancient_redstone
[17:25:21] [Worker-ResourceReload-13/WARN]: Missing textures in model minecraft:leather_chestplate#inventory:
    minecraft:textures/atlas/blocks.png:minecraft:trims/items/chestplate/yungscavebiomes-ancient_amethyst
    minecraft:textures/atlas/blocks.png:minecraft:trims/items/chestplate/yungscavebiomes-ancient_copper
    minecraft:textures/atlas/blocks.png:minecraft:trims/items/chestplate/yungscavebiomes-ancient_diamond
    minecraft:textures/atlas/blocks.png:minecraft:trims/items/chestplate/yungscavebiomes-ancient_emerald
    minecraft:textures/atlas/blocks.png:minecraft:trims/items/chestplate/yungscavebiomes-ancient_gold
    minecraft:textures/atlas/blocks.png:minecraft:trims/items/chestplate/yungscavebiomes-ancient_iron
    minecraft:textures/atlas/blocks.png:minecraft:trims/items/chestplate/yungscavebiomes-ancient_lapis
    minecraft:textures/atlas/blocks.png:minecraft:trims/items/chestplate/yungscavebiomes-ancient_netherite
    minecraft:textures/atlas/blocks.png:minecraft:trims/items/chestplate/yungscavebiomes-ancient_quartz
    minecraft:textures/atlas/blocks.png:minecraft:trims/items/chestplate/yungscavebiomes-ancient_redstone
[17:25:21] [Worker-ResourceReload-13/WARN]: Missing textures in model minecraft:netherite_chestplate#inventory:
    minecraft:textures/atlas/blocks.png:minecraft:trims/items/chestplate/yungscavebiomes-ancient_amethyst
    minecraft:textures/atlas/blocks.png:minecraft:trims/items/chestplate/yungscavebiomes-ancient_copper
    minecraft:textures/atlas/blocks.png:minecraft:trims/items/chestplate/yungscavebiomes-ancient_diamond
    minecraft:textures/atlas/blocks.png:minecraft:trims/items/chestplate/yungscavebiomes-ancient_emerald
    minecraft:textures/atlas/blocks.png:minecraft:trims/items/chestplate/yungscavebiomes-ancient_gold
    minecraft:textures/atlas/blocks.png:minecraft:trims/items/chestplate/yungscavebiomes-ancient_iron
    minecraft:textures/atlas/blocks.png:minecraft:trims/items/chestplate/yungscavebiomes-ancient_lapis
    minecraft:textures/atlas/blocks.png:minecraft:trims/items/chestplate/yungscavebiomes-ancient_netherite_darker
    minecraft:textures/atlas/blocks.png:minecraft:trims/items/chestplate/yungscavebiomes-ancient_quartz
    minecraft:textures/atlas/blocks.png:minecraft:trims/items/chestplate/yungscavebiomes-ancient_redstone
[17:25:21] [Worker-ResourceReload-13/WARN]: Missing textures in model minecraft:iron_leggings#inventory:
    minecraft:textures/atlas/blocks.png:minecraft:trims/items/leggings/yungscavebiomes-ancient_amethyst
    minecraft:textures/atlas/blocks.png:minecraft:trims/items/leggings/yungscavebiomes-ancient_copper
    minecraft:textures/atlas/blocks.png:minecraft:trims/items/leggings/yungscavebiomes-ancient_diamond
    minecraft:textures/atlas/blocks.png:minecraft:trims/items/leggings/yungscavebiomes-ancient_emerald
    minecraft:textures/atlas/blocks.png:minecraft:trims/items/leggings/yungscavebiomes-ancient_gold
    minecraft:textures/atlas/blocks.png:minecraft:trims/items/leggings/yungscavebiomes-ancient_iron_darker
    minecraft:textures/atlas/blocks.png:minecraft:trims/items/leggings/yungscavebiomes-ancient_lapis
    minecraft:textures/atlas/blocks.png:minecraft:trims/items/leggings/yungscavebiomes-ancient_netherite
    minecraft:textures/atlas/blocks.png:minecraft:trims/items/leggings/yungscavebiomes-ancient_quartz
    minecraft:textures/atlas/blocks.png:minecraft:trims/items/leggings/yungscavebiomes-ancient_redstone
[17:25:21] [Worker-ResourceReload-13/WARN]: Missing textures in model minecraft:leather_leggings#inventory:
    minecraft:textures/atlas/blocks.png:minecraft:trims/items/leggings/yungscavebiomes-ancient_amethyst
    minecraft:textures/atlas/blocks.png:minecraft:trims/items/leggings/yungscavebiomes-ancient_copper
    minecraft:textures/atlas/blocks.png:minecraft:trims/items/leggings/yungscavebiomes-ancient_diamond
    minecraft:textures/atlas/blocks.png:minecraft:trims/items/leggings/yungscavebiomes-ancient_emerald
    minecraft:textures/atlas/blocks.png:minecraft:trims/items/leggings/yungscavebiomes-ancient_gold
    minecraft:textures/atlas/blocks.png:minecraft:trims/items/leggings/yungscavebiomes-ancient_iron
    minecraft:textures/atlas/blocks.png:minecraft:trims/items/leggings/yungscavebiomes-ancient_lapis
    minecraft:textures/atlas/blocks.png:minecraft:trims/items/leggings/yungscavebiomes-ancient_netherite
    minecraft:textures/atlas/blocks.png:minecraft:trims/items/leggings/yungscavebiomes-ancient_quartz
    minecraft:textures/atlas/blocks.png:minecraft:trims/items/leggings/yungscavebiomes-ancient_redstone
[17:25:21] [Worker-ResourceReload-13/WARN]: Missing textures in model create:cardboard_boots#inventory:
    minecraft:textures/atlas/blocks.png:minecraft:trims/items/boots/yungscavebiomes-ancient_amethyst
    minecraft:textures/atlas/blocks.png:minecraft:trims/items/boots/yungscavebiomes-ancient_copper
    minecraft:textures/atlas/blocks.png:minecraft:trims/items/boots/yungscavebiomes-ancient_diamond
    minecraft:textures/atlas/blocks.png:minecraft:trims/items/boots/yungscavebiomes-ancient_emerald
    minecraft:textures/atlas/blocks.png:minecraft:trims/items/boots/yungscavebiomes-ancient_gold
    minecraft:textures/atlas/blocks.png:minecraft:trims/items/boots/yungscavebiomes-ancient_iron
    minecraft:textures/atlas/blocks.png:minecraft:trims/items/boots/yungscavebiomes-ancient_lapis
    minecraft:textures/atlas/blocks.png:minecraft:trims/items/boots/yungscavebiomes-ancient_netherite
    minecraft:textures/atlas/blocks.png:minecraft:trims/items/boots/yungscavebiomes-ancient_quartz
    minecraft:textures/atlas/blocks.png:minecraft:trims/items/boots/yungscavebiomes-ancient_redstone
[17:25:21] [Worker-ResourceReload-13/WARN]: Missing textures in model mythicupgrades:sapphire_leggings#inventory:
    minecraft:textures/atlas/blocks.png:minecraft:trims/items/leggings/yungscavebiomes-ancient_amethyst
    minecraft:textures/atlas/blocks.png:minecraft:trims/items/leggings/yungscavebiomes-ancient_copper
    minecraft:textures/atlas/blocks.png:minecraft:trims/items/leggings/yungscavebiomes-ancient_diamond
    minecraft:textures/atlas/blocks.png:minecraft:trims/items/leggings/yungscavebiomes-ancient_emerald
    minecraft:textures/atlas/blocks.png:minecraft:trims/items/leggings/yungscavebiomes-ancient_gold
    minecraft:textures/atlas/blocks.png:minecraft:trims/items/leggings/yungscavebiomes-ancient_iron
    minecraft:textures/atlas/blocks.png:minecraft:trims/items/leggings/yungscavebiomes-ancient_lapis
    minecraft:textures/atlas/blocks.png:minecraft:trims/items/leggings/yungscavebiomes-ancient_netherite
    minecraft:textures/atlas/blocks.png:minecraft:trims/items/leggings/yungscavebiomes-ancient_quartz
    minecraft:textures/atlas/blocks.png:minecraft:trims/items/leggings/yungscavebiomes-ancient_redstone
[17:25:21] [Worker-ResourceReload-13/WARN]: Missing textures in model alexsmobs:transmutation_table#facing=east:
    minecraft:textures/atlas/blocks.png:alexsmobs:entity/farseer/transmutation_table
[17:25:21] [Worker-ResourceReload-13/WARN]: Missing textures in model minecraft:golden_chestplate#inventory:
    minecraft:textures/atlas/blocks.png:minecraft:trims/items/chestplate/yungscavebiomes-ancient_amethyst
    minecraft:textures/atlas/blocks.png:minecraft:trims/items/chestplate/yungscavebiomes-ancient_copper
    minecraft:textures/atlas/blocks.png:minecraft:trims/items/chestplate/yungscavebiomes-ancient_diamond
    minecraft:textures/atlas/blocks.png:minecraft:trims/items/chestplate/yungscavebiomes-ancient_emerald
    minecraft:textures/atlas/blocks.png:minecraft:trims/items/chestplate/yungscavebiomes-ancient_gold_darker
    minecraft:textures/atlas/blocks.png:minecraft:trims/items/chestplate/yungscavebiomes-ancient_iron
    minecraft:textures/atlas/blocks.png:minecraft:trims/items/chestplate/yungscavebiomes-ancient_lapis
    minecraft:textures/atlas/blocks.png:minecraft:trims/items/chestplate/yungscavebiomes-ancient_netherite
    minecraft:textures/atlas/blocks.png:minecraft:trims/items/chestplate/yungscavebiomes-ancient_quartz
    minecraft:textures/atlas/blocks.png:minecraft:trims/items/chestplate/yungscavebiomes-ancient_redstone
[17:25:21] [Worker-ResourceReload-13/WARN]: Missing textures in model forcemaster_rpg:golden_knuckle_model#inventory:
    minecraft:textures/atlas/blocks.png:minecraft:wooden_knuckle_texture
[17:25:21] [Worker-ResourceReload-13/WARN]: Missing textures in model mythicupgrades:jade_leggings#inventory:
    minecraft:textures/atlas/blocks.png:minecraft:trims/items/leggings/yungscavebiomes-ancient_amethyst
    minecraft:textures/atlas/blocks.png:minecraft:trims/items/leggings/yungscavebiomes-ancient_copper
    minecraft:textures/atlas/blocks.png:minecraft:trims/items/leggings/yungscavebiomes-ancient_diamond
    minecraft:textures/atlas/blocks.png:minecraft:trims/items/leggings/yungscavebiomes-ancient_emerald
    minecraft:textures/atlas/blocks.png:minecraft:trims/items/leggings/yungscavebiomes-ancient_gold
    minecraft:textures/atlas/blocks.png:minecraft:trims/items/leggings/yungscavebiomes-ancient_iron
    minecraft:textures/atlas/blocks.png:minecraft:trims/items/leggings/yungscavebiomes-ancient_lapis
    minecraft:textures/atlas/blocks.png:minecraft:trims/items/leggings/yungscavebiomes-ancient_netherite
    minecraft:textures/atlas/blocks.png:minecraft:trims/items/leggings/yungscavebiomes-ancient_quartz
    minecraft:textures/atlas/blocks.png:minecraft:trims/items/leggings/yungscavebiomes-ancient_redstone
[17:25:21] [Worker-ResourceReload-13/WARN]: Missing textures in model minecraft:chainmail_leggings#inventory:
    minecraft:textures/atlas/blocks.png:minecraft:trims/items/leggings/yungscavebiomes-ancient_amethyst
    minecraft:textures/atlas/blocks.png:minecraft:trims/items/leggings/yungscavebiomes-ancient_copper
    minecraft:textures/atlas/blocks.png:minecraft:trims/items/leggings/yungscavebiomes-ancient_diamond
    minecraft:textures/atlas/blocks.png:minecraft:trims/items/leggings/yungscavebiomes-ancient_emerald
    minecraft:textures/atlas/blocks.png:minecraft:trims/items/leggings/yungscavebiomes-ancient_gold
    minecraft:textures/atlas/blocks.png:minecraft:trims/items/leggings/yungscavebiomes-ancient_iron
    minecraft:textures/atlas/blocks.png:minecraft:trims/items/leggings/yungscavebiomes-ancient_lapis
    minecraft:textures/atlas/blocks.png:minecraft:trims/items/leggings/yungscavebiomes-ancient_netherite
    minecraft:textures/atlas/blocks.png:minecraft:trims/items/leggings/yungscavebiomes-ancient_quartz
    minecraft:textures/atlas/blocks.png:minecraft:trims/items/leggings/yungscavebiomes-ancient_redstone
[17:25:21] [Worker-ResourceReload-13/WARN]: Missing textures in model minecraft:diamond_boots#inventory:
    minecraft:textures/atlas/blocks.png:minecraft:trims/items/boots/yungscavebiomes-ancient_amethyst
    minecraft:textures/atlas/blocks.png:minecraft:trims/items/boots/yungscavebiomes-ancient_copper
    minecraft:textures/atlas/blocks.png:minecraft:trims/items/boots/yungscavebiomes-ancient_diamond_darker
    minecraft:textures/atlas/blocks.png:minecraft:trims/items/boots/yungscavebiomes-ancient_emerald
    minecraft:textures/atlas/blocks.png:minecraft:trims/items/boots/yungscavebiomes-ancient_gold
    minecraft:textures/atlas/blocks.png:minecraft:trims/items/boots/yungscavebiomes-ancient_iron
    minecraft:textures/atlas/blocks.png:minecraft:trims/items/boots/yungscavebiomes-ancient_lapis
    minecraft:textures/atlas/blocks.png:minecraft:trims/items/boots/yungscavebiomes-ancient_netherite
    minecraft:textures/atlas/blocks.png:minecraft:trims/items/boots/yungscavebiomes-ancient_quartz
    minecraft:textures/atlas/blocks.png:minecraft:trims/items/boots/yungscavebiomes-ancient_redstone
[17:25:21] [Worker-ResourceReload-13/WARN]: Missing textures in model mythicupgrades:topaz_helmet#inventory:
    minecraft:textures/atlas/blocks.png:minecraft:trims/items/helmet/yungscavebiomes-ancient_amethyst
    minecraft:textures/atlas/blocks.png:minecraft:trims/items/helmet/yungscavebiomes-ancient_copper
    minecraft:textures/atlas/blocks.png:minecraft:trims/items/helmet/yungscavebiomes-ancient_diamond
    minecraft:textures/atlas/blocks.png:minecraft:trims/items/helmet/yungscavebiomes-ancient_emerald
    minecraft:textures/atlas/blocks.png:minecraft:trims/items/helmet/yungscavebiomes-ancient_gold
    minecraft:textures/atlas/blocks.png:minecraft:trims/items/helmet/yungscavebiomes-ancient_iron
    minecraft:textures/atlas/blocks.png:minecraft:trims/items/helmet/yungscavebiomes-ancient_lapis
    minecraft:textures/atlas/blocks.png:minecraft:trims/items/helmet/yungscavebiomes-ancient_netherite
    minecraft:textures/atlas/blocks.png:minecraft:trims/items/helmet/yungscavebiomes-ancient_quartz
    minecraft:textures/atlas/blocks.png:minecraft:trims/items/helmet/yungscavebiomes-ancient_redstone
[17:25:21] [Worker-ResourceReload-13/WARN]: Missing textures in model mythicupgrades:ruby_boots#inventory:
    minecraft:textures/atlas/blocks.png:minecraft:trims/items/boots/yungscavebiomes-ancient_amethyst
    minecraft:textures/atlas/blocks.png:minecraft:trims/items/boots/yungscavebiomes-ancient_copper
    minecraft:textures/atlas/blocks.png:minecraft:trims/items/boots/yungscavebiomes-ancient_diamond
    minecraft:textures/atlas/blocks.png:minecraft:trims/items/boots/yungscavebiomes-ancient_emerald
    minecraft:textures/atlas/blocks.png:minecraft:trims/items/boots/yungscavebiomes-ancient_gold
    minecraft:textures/atlas/blocks.png:minecraft:trims/items/boots/yungscavebiomes-ancient_iron
    minecraft:textures/atlas/blocks.png:minecraft:trims/items/boots/yungscavebiomes-ancient_lapis
    minecraft:textures/atlas/blocks.png:minecraft:trims/items/boots/yungscavebiomes-ancient_netherite
    minecraft:textures/atlas/blocks.png:minecraft:trims/items/boots/yungscavebiomes-ancient_quartz
    minecraft:textures/atlas/blocks.png:minecraft:trims/items/boots/yungscavebiomes-ancient_redstone
[17:25:21] [Worker-ResourceReload-13/WARN]: Missing textures in model mythicupgrades:peridot_leggings#inventory:
    minecraft:textures/atlas/blocks.png:minecraft:trims/items/leggings/yungscavebiomes-ancient_amethyst
    minecraft:textures/atlas/blocks.png:minecraft:trims/items/leggings/yungscavebiomes-ancient_copper
    minecraft:textures/atlas/blocks.png:minecraft:trims/items/leggings/yungscavebiomes-ancient_diamond
    minecraft:textures/atlas/blocks.png:minecraft:trims/items/leggings/yungscavebiomes-ancient_emerald
    minecraft:textures/atlas/blocks.png:minecraft:trims/items/leggings/yungscavebiomes-ancient_gold
    minecraft:textures/atlas/blocks.png:minecraft:trims/items/leggings/yungscavebiomes-ancient_iron
    minecraft:textures/atlas/blocks.png:minecraft:trims/items/leggings/yungscavebiomes-ancient_lapis
    minecraft:textures/atlas/blocks.png:minecraft:trims/items/leggings/yungscavebiomes-ancient_netherite
    minecraft:textures/atlas/blocks.png:minecraft:trims/items/leggings/yungscavebiomes-ancient_quartz
    minecraft:textures/atlas/blocks.png:minecraft:trims/items/leggings/yungscavebiomes-ancient_redstone
[17:25:21] [Worker-ResourceReload-13/WARN]: Missing textures in model variantlecterns:ldv_cherry_lectern#facing=west,has_book=true,powered=false:
    minecraft:textures/atlas/blocks.png:vinery:block/cherry_planks
[17:25:21] [Worker-ResourceReload-13/WARN]: Missing textures in model variantfletchingtables:ldv_cherry_fletching_table#inventory:
    minecraft:textures/atlas/blocks.png:vinery:block/cherry_planks
[17:25:21] [Worker-ResourceReload-13/WARN]: Missing textures in model variantbookshelves:ru_cherry_bookshelf#:
    minecraft:textures/atlas/blocks.png:regions_unexplored:block/cherry_planks
[17:25:21] [Worker-ResourceReload-13/WARN]: Missing textures in model mythicupgrades:topaz_boots#inventory:
    minecraft:textures/atlas/blocks.png:minecraft:trims/items/boots/yungscavebiomes-ancient_amethyst
    minecraft:textures/atlas/blocks.png:minecraft:trims/items/boots/yungscavebiomes-ancient_copper
    minecraft:textures/atlas/blocks.png:minecraft:trims/items/boots/yungscavebiomes-ancient_diamond
    minecraft:textures/atlas/blocks.png:minecraft:trims/items/boots/yungscavebiomes-ancient_emerald
    minecraft:textures/atlas/blocks.png:minecraft:trims/items/boots/yungscavebiomes-ancient_gold
    minecraft:textures/atlas/blocks.png:minecraft:trims/items/boots/yungscavebiomes-ancient_iron
    minecraft:textures/atlas/blocks.png:minecraft:trims/items/boots/yungscavebiomes-ancient_lapis
    minecraft:textures/atlas/blocks.png:minecraft:trims/items/boots/yungscavebiomes-ancient_netherite
    minecraft:textures/atlas/blocks.png:minecraft:trims/items/boots/yungscavebiomes-ancient_quartz
    minecraft:textures/atlas/blocks.png:minecraft:trims/items/boots/yungscavebiomes-ancient_redstone
[17:25:21] [Worker-ResourceReload-13/WARN]: Missing textures in model mythicupgrades:ametrine_chestplate#inventory:
    minecraft:textures/atlas/blocks.png:minecraft:trims/items/chestplate/yungscavebiomes-ancient_amethyst
    minecraft:textures/atlas/blocks.png:minecraft:trims/items/chestplate/yungscavebiomes-ancient_copper
    minecraft:textures/atlas/blocks.png:minecraft:trims/items/chestplate/yungscavebiomes-ancient_diamond
    minecraft:textures/atlas/blocks.png:minecraft:trims/items/chestplate/yungscavebiomes-ancient_emerald
    minecraft:textures/atlas/blocks.png:minecraft:trims/items/chestplate/yungscavebiomes-ancient_gold
    minecraft:textures/atlas/blocks.png:minecraft:trims/items/chestplate/yungscavebiomes-ancient_iron
    minecraft:textures/atlas/blocks.png:minecraft:trims/items/chestplate/yungscavebiomes-ancient_lapis
    minecraft:textures/atlas/blocks.png:minecraft:trims/items/chestplate/yungscavebiomes-ancient_netherite
    minecraft:textures/atlas/blocks.png:minecraft:trims/items/chestplate/yungscavebiomes-ancient_quartz
    minecraft:textures/atlas/blocks.png:minecraft:trims/items/chestplate/yungscavebiomes-ancient_redstone
[17:25:21] [Worker-ResourceReload-13/WARN]: Missing textures in model mythicupgrades:jade_boots#inventory:
    minecraft:textures/atlas/blocks.png:minecraft:trims/items/boots/yungscavebiomes-ancient_amethyst
    minecraft:textures/atlas/blocks.png:minecraft:trims/items/boots/yungscavebiomes-ancient_copper
    minecraft:textures/atlas/blocks.png:minecraft:trims/items/boots/yungscavebiomes-ancient_diamond
    minecraft:textures/atlas/blocks.png:minecraft:trims/items/boots/yungscavebiomes-ancient_emerald
    minecraft:textures/atlas/blocks.png:minecraft:trims/items/boots/yungscavebiomes-ancient_gold
    minecraft:textures/atlas/blocks.png:minecraft:trims/items/boots/yungscavebiomes-ancient_iron
    minecraft:textures/atlas/blocks.png:minecraft:trims/items/boots/yungscavebiomes-ancient_lapis
    minecraft:textures/atlas/blocks.png:minecraft:trims/items/boots/yungscavebiomes-ancient_netherite
    minecraft:textures/atlas/blocks.png:minecraft:trims/items/boots/yungscavebiomes-ancient_quartz
    minecraft:textures/atlas/blocks.png:minecraft:trims/items/boots/yungscavebiomes-ancient_redstone
[17:25:21] [Worker-ResourceReload-13/WARN]: Missing textures in model alexsmobs:transmutation_table#facing=south:
    minecraft:textures/atlas/blocks.png:alexsmobs:entity/farseer/transmutation_table
[17:25:21] [Worker-ResourceReload-13/WARN]: Missing textures in model mythicupgrades:aquamarine_helmet#inventory:
    minecraft:textures/atlas/blocks.png:minecraft:trims/items/helmet/yungscavebiomes-ancient_amethyst
    minecraft:textures/atlas/blocks.png:minecraft:trims/items/helmet/yungscavebiomes-ancient_copper
    minecraft:textures/atlas/blocks.png:minecraft:trims/items/helmet/yungscavebiomes-ancient_diamond
    minecraft:textures/atlas/blocks.png:minecraft:trims/items/helmet/yungscavebiomes-ancient_emerald
    minecraft:textures/atlas/blocks.png:minecraft:trims/items/helmet/yungscavebiomes-ancient_gold
    minecraft:textures/atlas/blocks.png:minecraft:trims/items/helmet/yungscavebiomes-ancient_iron
    minecraft:textures/atlas/blocks.png:minecraft:trims/items/helmet/yungscavebiomes-ancient_lapis
    minecraft:textures/atlas/blocks.png:minecraft:trims/items/helmet/yungscavebiomes-ancient_netherite
    minecraft:textures/atlas/blocks.png:minecraft:trims/items/helmet/yungscavebiomes-ancient_quartz
    minecraft:textures/atlas/blocks.png:minecraft:trims/items/helmet/yungscavebiomes-ancient_redstone
[17:25:21] [Worker-ResourceReload-13/WARN]: Missing textures in model minecraft:iron_chestplate#inventory:
    minecraft:textures/atlas/blocks.png:minecraft:trims/items/chestplate/yungscavebiomes-ancient_amethyst
    minecraft:textures/atlas/blocks.png:minecraft:trims/items/chestplate/yungscavebiomes-ancient_copper
    minecraft:textures/atlas/blocks.png:minecraft:trims/items/chestplate/yungscavebiomes-ancient_diamond
    minecraft:textures/atlas/blocks.png:minecraft:trims/items/chestplate/yungscavebiomes-ancient_emerald
    minecraft:textures/atlas/blocks.png:minecraft:trims/items/chestplate/yungscavebiomes-ancient_gold
    minecraft:textures/atlas/blocks.png:minecraft:trims/items/chestplate/yungscavebiomes-ancient_iron_darker
    minecraft:textures/atlas/blocks.png:minecraft:trims/items/chestplate/yungscavebiomes-ancient_lapis
    minecraft:textures/atlas/blocks.png:minecraft:trims/items/chestplate/yungscavebiomes-ancient_netherite
    minecraft:textures/atlas/blocks.png:minecraft:trims/items/chestplate/yungscavebiomes-ancient_quartz
    minecraft:textures/atlas/blocks.png:minecraft:trims/items/chestplate/yungscavebiomes-ancient_redstone
[17:25:21] [Worker-ResourceReload-13/WARN]: Missing textures in model minecraft:turtle_helmet#inventory:
    minecraft:textures/atlas/blocks.png:minecraft:trims/items/helmet/yungscavebiomes-ancient_amethyst
    minecraft:textures/atlas/blocks.png:minecraft:trims/items/helmet/yungscavebiomes-ancient_copper
    minecraft:textures/atlas/blocks.png:minecraft:trims/items/helmet/yungscavebiomes-ancient_diamond
    minecraft:textures/atlas/blocks.png:minecraft:trims/items/helmet/yungscavebiomes-ancient_emerald
    minecraft:textures/atlas/blocks.png:minecraft:trims/items/helmet/yungscavebiomes-ancient_gold
    minecraft:textures/atlas/blocks.png:minecraft:trims/items/helmet/yungscavebiomes-ancient_iron
    minecraft:textures/atlas/blocks.png:minecraft:trims/items/helmet/yungscavebiomes-ancient_lapis
    minecraft:textures/atlas/blocks.png:minecraft:trims/items/helmet/yungscavebiomes-ancient_netherite
    minecraft:textures/atlas/blocks.png:minecraft:trims/items/helmet/yungscavebiomes-ancient_quartz
    minecraft:textures/atlas/blocks.png:minecraft:trims/items/helmet/yungscavebiomes-ancient_redstone
[17:25:21] [Worker-ResourceReload-13/WARN]: Missing textures in model variantbookshelves:ru_cherry_bookshelf#inventory:
    minecraft:textures/atlas/blocks.png:regions_unexplored:block/cherry_planks
[17:25:21] [Worker-ResourceReload-13/WARN]: Missing textures in model createaddition:small_light_connector#facing=west,mode=push,powered=true,rotation=x_clockwise_180,variant=default:
    minecraft:textures/atlas/blocks.png:create:block/chute_block
[17:25:21] [Worker-ResourceReload-13/WARN]: Missing textures in model alexsmobs:transmutation_table#facing=north:
    minecraft:textures/atlas/blocks.png:alexsmobs:entity/farseer/transmutation_table
[17:25:21] [Worker-ResourceReload-13/WARN]: Missing textures in model wardentools:warden_boots#inventory:
    minecraft:textures/atlas/blocks.png:minecraft:trims/items/boots/yungscavebiomes-ancient_amethyst
    minecraft:textures/atlas/blocks.png:minecraft:trims/items/boots/yungscavebiomes-ancient_copper
    minecraft:textures/atlas/blocks.png:minecraft:trims/items/boots/yungscavebiomes-ancient_diamond
    minecraft:textures/atlas/blocks.png:minecraft:trims/items/boots/yungscavebiomes-ancient_emerald
    minecraft:textures/atlas/blocks.png:minecraft:trims/items/boots/yungscavebiomes-ancient_gold
    minecraft:textures/atlas/blocks.png:minecraft:trims/items/boots/yungscavebiomes-ancient_iron
    minecraft:textures/atlas/blocks.png:minecraft:trims/items/boots/yungscavebiomes-ancient_lapis
    minecraft:textures/atlas/blocks.png:minecraft:trims/items/boots/yungscavebiomes-ancient_netherite
    minecraft:textures/atlas/blocks.png:minecraft:trims/items/boots/yungscavebiomes-ancient_quartz
    minecraft:textures/atlas/blocks.png:minecraft:trims/items/boots/yungscavebiomes-ancient_redstone
[17:25:21] [Worker-ResourceReload-13/WARN]: Missing textures in model create:cardboard_chestplate#inventory:
    minecraft:textures/atlas/blocks.png:minecraft:trims/items/chestplate/yungscavebiomes-ancient_amethyst
    minecraft:textures/atlas/blocks.png:minecraft:trims/items/chestplate/yungscavebiomes-ancient_copper
    minecraft:textures/atlas/blocks.png:minecraft:trims/items/chestplate/yungscavebiomes-ancient_diamond
    minecraft:textures/atlas/blocks.png:minecraft:trims/items/chestplate/yungscavebiomes-ancient_emerald
    minecraft:textures/atlas/blocks.png:minecraft:trims/items/chestplate/yungscavebiomes-ancient_gold
    minecraft:textures/atlas/blocks.png:minecraft:trims/items/chestplate/yungscavebiomes-ancient_iron
    minecraft:textures/atlas/blocks.png:minecraft:trims/items/chestplate/yungscavebiomes-ancient_lapis
    minecraft:textures/atlas/blocks.png:minecraft:trims/items/chestplate/yungscavebiomes-ancient_netherite
    minecraft:textures/atlas/blocks.png:minecraft:trims/items/chestplate/yungscavebiomes-ancient_quartz
    minecraft:textures/atlas/blocks.png:minecraft:trims/items/chestplate/yungscavebiomes-ancient_redstone
[17:25:21] [Worker-ResourceReload-13/WARN]: Missing textures in model mythicupgrades:aquamarine_leggings#inventory:
    minecraft:textures/atlas/blocks.png:minecraft:trims/items/leggings/yungscavebiomes-ancient_amethyst
    minecraft:textures/atlas/blocks.png:minecraft:trims/items/leggings/yungscavebiomes-ancient_copper
    minecraft:textures/atlas/blocks.png:minecraft:trims/items/leggings/yungscavebiomes-ancient_diamond
    minecraft:textures/atlas/blocks.png:minecraft:trims/items/leggings/yungscavebiomes-ancient_emerald
    minecraft:textures/atlas/blocks.png:minecraft:trims/items/leggings/yungscavebiomes-ancient_gold
    minecraft:textures/atlas/blocks.png:minecraft:trims/items/leggings/yungscavebiomes-ancient_iron
    minecraft:textures/atlas/blocks.png:minecraft:trims/items/leggings/yungscavebiomes-ancient_lapis
    minecraft:textures/atlas/blocks.png:minecraft:trims/items/leggings/yungscavebiomes-ancient_netherite
    minecraft:textures/atlas/blocks.png:minecraft:trims/items/leggings/yungscavebiomes-ancient_quartz
    minecraft:textures/atlas/blocks.png:minecraft:trims/items/leggings/yungscavebiomes-ancient_redstone
[17:25:21] [Worker-ResourceReload-13/WARN]: Missing textures in model mythicupgrades:aquamarine_boots#inventory:
    minecraft:textures/atlas/blocks.png:minecraft:trims/items/boots/yungscavebiomes-ancient_amethyst
    minecraft:textures/atlas/blocks.png:minecraft:trims/items/boots/yungscavebiomes-ancient_copper
    minecraft:textures/atlas/blocks.png:minecraft:trims/items/boots/yungscavebiomes-ancient_diamond
    minecraft:textures/atlas/blocks.png:minecraft:trims/items/boots/yungscavebiomes-ancient_emerald
    minecraft:textures/atlas/blocks.png:minecraft:trims/items/boots/yungscavebiomes-ancient_gold
    minecraft:textures/atlas/blocks.png:minecraft:trims/items/boots/yungscavebiomes-ancient_iron
    minecraft:textures/atlas/blocks.png:minecraft:trims/items/boots/yungscavebiomes-ancient_lapis
    minecraft:textures/atlas/blocks.png:minecraft:trims/items/boots/yungscavebiomes-ancient_netherite
    minecraft:textures/atlas/blocks.png:minecraft:trims/items/boots/yungscavebiomes-ancient_quartz
    minecraft:textures/atlas/blocks.png:minecraft:trims/items/boots/yungscavebiomes-ancient_redstone
[17:25:21] [Worker-ResourceReload-13/WARN]: Missing textures in model mythicupgrades:ametrine_leggings#inventory:
    minecraft:textures/atlas/blocks.png:minecraft:trims/items/leggings/yungscavebiomes-ancient_amethyst
    minecraft:textures/atlas/blocks.png:minecraft:trims/items/leggings/yungscavebiomes-ancient_copper
    minecraft:textures/atlas/blocks.png:minecraft:trims/items/leggings/yungscavebiomes-ancient_diamond
    minecraft:textures/atlas/blocks.png:minecraft:trims/items/leggings/yungscavebiomes-ancient_emerald
    minecraft:textures/atlas/blocks.png:minecraft:trims/items/leggings/yungscavebiomes-ancient_gold
    minecraft:textures/atlas/blocks.png:minecraft:trims/items/leggings/yungscavebiomes-ancient_iron
    minecraft:textures/atlas/blocks.png:minecraft:trims/items/leggings/yungscavebiomes-ancient_lapis
    minecraft:textures/atlas/blocks.png:minecraft:trims/items/leggings/yungscavebiomes-ancient_netherite
    minecraft:textures/atlas/blocks.png:minecraft:trims/items/leggings/yungscavebiomes-ancient_quartz
    minecraft:textures/atlas/blocks.png:minecraft:trims/items/leggings/yungscavebiomes-ancient_redstone
[17:25:21] [Worker-ResourceReload-13/WARN]: Missing textures in model minecraft:chainmail_chestplate#inventory:
    minecraft:textures/atlas/blocks.png:minecraft:trims/items/chestplate/yungscavebiomes-ancient_amethyst
    minecraft:textures/atlas/blocks.png:minecraft:trims/items/chestplate/yungscavebiomes-ancient_copper
    minecraft:textures/atlas/blocks.png:minecraft:trims/items/chestplate/yungscavebiomes-ancient_diamond
    minecraft:textures/atlas/blocks.png:minecraft:trims/items/chestplate/yungscavebiomes-ancient_emerald
    minecraft:textures/atlas/blocks.png:minecraft:trims/items/chestplate/yungscavebiomes-ancient_gold
    minecraft:textures/atlas/blocks.png:minecraft:trims/items/chestplate/yungscavebiomes-ancient_iron
    minecraft:textures/atlas/blocks.png:minecraft:trims/items/chestplate/yungscavebiomes-ancient_lapis
    minecraft:textures/atlas/blocks.png:minecraft:trims/items/chestplate/yungscavebiomes-ancient_netherite
    minecraft:textures/atlas/blocks.png:minecraft:trims/items/chestplate/yungscavebiomes-ancient_quartz
    minecraft:textures/atlas/blocks.png:minecraft:trims/items/chestplate/yungscavebiomes-ancient_redstone
[17:25:21] [Worker-ResourceReload-13/WARN]: Missing textures in model clutter:silver_helmet#inventory:
    minecraft:textures/atlas/blocks.png:minecraft:trims/items/helmet/yungscavebiomes-ancient_amethyst
    minecraft:textures/atlas/blocks.png:minecraft:trims/items/helmet/yungscavebiomes-ancient_copper
    minecraft:textures/atlas/blocks.png:minecraft:trims/items/helmet/yungscavebiomes-ancient_diamond
    minecraft:textures/atlas/blocks.png:minecraft:trims/items/helmet/yungscavebiomes-ancient_emerald
    minecraft:textures/atlas/blocks.png:minecraft:trims/items/helmet/yungscavebiomes-ancient_gold
    minecraft:textures/atlas/blocks.png:minecraft:trims/items/helmet/yungscavebiomes-ancient_iron
    minecraft:textures/atlas/blocks.png:minecraft:trims/items/helmet/yungscavebiomes-ancient_lapis
    minecraft:textures/atlas/blocks.png:minecraft:trims/items/helmet/yungscavebiomes-ancient_netherite
    minecraft:textures/atlas/blocks.png:minecraft:trims/items/helmet/yungscavebiomes-ancient_quartz
    minecraft:textures/atlas/blocks.png:minecraft:trims/items/helmet/yungscavebiomes-ancient_redstone
[17:25:23] [Render thread/WARN]: Skipped language file: adventurez:lang/ru_ru.json (com.google.gson.JsonSyntaxException: com.google.gson.stream.MalformedJsonException: Unterminated object at line 193 column 4 path $.text.autoconfig.adventurez.option.stoned_heart_amplifier)
[17:25:23] [Render thread/WARN]: Missing sound for event: minecraft:item.goat_horn.play
[17:25:23] [Render thread/WARN]: Missing sound for event: minecraft:entity.goat.screaming.horn_break
[17:25:23] [Render thread/INFO]: OpenAL initialized on device OpenAL Soft on Динамики (Realtek(R) Audio)
[17:25:23] [Render thread/INFO]: Sound engine started
[17:25:23] [Render thread/INFO]: [FANCYMENU] Reloading AudioResourceHandler after Minecraft SoundEngine reload..
[17:25:24] [Render thread/INFO]: Created: 8192x8192x0 minecraft:textures/atlas/blocks.png-atlas
[17:25:24] [Render thread/INFO]: Created: 512x512x4 minecraft:textures/atlas/signs.png-atlas
[17:25:24] [Render thread/INFO]: Created: 1024x512x4 minecraft:textures/atlas/shield_patterns.png-atlas
[17:25:24] [Render thread/INFO]: Created: 2048x1024x4 minecraft:textures/atlas/banner_patterns.png-atlas
[17:25:24] [Render thread/INFO]: Created: 64x64x4 refurbished_furniture:textures/atlas/tv_channels.png-atlas
[17:25:24] [Render thread/INFO]: Created: 2048x2048x4 minecraft:textures/atlas/armor_trims.png-atlas
[17:25:24] [Render thread/INFO]: Created: 128x128x4 minecraft:textures/atlas/decorated_pot.png-atlas
[17:25:24] [Render thread/INFO]: Created: 512x256x4 minecraft:textures/atlas/chest.png-atlas
[17:25:24] [Render thread/INFO]: Created: 512x256x4 minecraft:textures/atlas/beds.png-atlas
[17:25:24] [Render thread/INFO]: Created: 512x256x4 minecraft:textures/atlas/shulker_boxes.png-atlas
[17:25:24] [Render thread/WARN]: Shader moonlight:text_alpha_color could not find sampler named Sampler2 in the specified shader program.
[17:25:24] [Render thread/WARN]: Shader moonlight:text_alpha_color could not find uniform named IViewRotMat in the specified shader program.
[17:25:24] [Render thread/WARN]: Shader moonlight:text_alpha_color could not find sampler named Sampler2 in the specified shader program.
[17:25:24] [Render thread/WARN]: Shader moonlight:text_alpha_color could not find uniform named IViewRotMat in the specified shader program.
[17:25:24] [Render thread/WARN]: Shader moonlight:text_alpha_color could not find sampler named Sampler2 in the specified shader program.
[17:25:24] [Render thread/WARN]: Shader moonlight:text_alpha_color could not find uniform named IViewRotMat in the specified shader program.
[17:25:24] [Render thread/WARN]: Shader moonlight:text_alpha_color could not find sampler named Sampler2 in the specified shader program.
[17:25:24] [Render thread/WARN]: Shader moonlight:text_alpha_color could not find uniform named IViewRotMat in the specified shader program.
[17:25:25] [Render thread/WARN]: Shader moonlight:text_alpha_color could not find sampler named Sampler2 in the specified shader program.
[17:25:25] [Render thread/WARN]: Shader moonlight:text_alpha_color could not find uniform named IViewRotMat in the specified shader program.
[17:25:25] [Render thread/WARN]: Shader moonlight:text_alpha_color could not find sampler named Sampler2 in the specified shader program.
[17:25:25] [Render thread/WARN]: Shader moonlight:text_alpha_color could not find uniform named IViewRotMat in the specified shader program.
[17:25:25] [Render thread/WARN]: Shader moonlight:text_alpha_color could not find sampler named Sampler2 in the specified shader program.
[17:25:25] [Render thread/WARN]: Shader moonlight:text_alpha_color could not find uniform named IViewRotMat in the specified shader program.
[17:25:25] [Render thread/WARN]: Shader moonlight:text_alpha_color could not find sampler named Sampler2 in the specified shader program.
[17:25:25] [Render thread/WARN]: Shader moonlight:text_alpha_color could not find uniform named IViewRotMat in the specified shader program.
[17:25:25] [Render thread/WARN]: Shader moonlight:text_alpha_color could not find sampler named Sampler2 in the specified shader program.
[17:25:25] [Render thread/WARN]: Shader moonlight:text_alpha_color could not find uniform named IViewRotMat in the specified shader program.
[17:25:25] [Render thread/WARN]: Shader moonlight:text_alpha_color could not find sampler named Sampler2 in the specified shader program.
[17:25:25] [Render thread/WARN]: Shader moonlight:text_alpha_color could not find uniform named IViewRotMat in the specified shader program.
[17:25:25] [Render thread/WARN]: Shader moonlight:text_alpha_color could not find sampler named Sampler2 in the specified shader program.
[17:25:25] [Render thread/WARN]: Shader moonlight:text_alpha_color could not find uniform named IViewRotMat in the specified shader program.
[17:25:25] [Render thread/WARN]: Shader moonlight:text_alpha_color could not find sampler named Sampler2 in the specified shader program.
[17:25:25] [Render thread/WARN]: Shader moonlight:text_alpha_color could not find uniform named IViewRotMat in the specified shader program.
[17:25:25] [Render thread/WARN]: Shader moonlight:text_alpha_color could not find sampler named Sampler2 in the specified shader program.
[17:25:25] [Render thread/WARN]: Shader moonlight:text_alpha_color could not find uniform named IViewRotMat in the specified shader program.
[17:25:25] [Render thread/WARN]: Shader moonlight:text_alpha_color could not find sampler named Sampler2 in the specified shader program.
[17:25:25] [Render thread/WARN]: Shader moonlight:text_alpha_color could not find uniform named IViewRotMat in the specified shader program.
[17:25:25] [Render thread/WARN]: Shader moonlight:text_alpha_color could not find sampler named Sampler2 in the specified shader program.
[17:25:25] [Render thread/WARN]: Shader moonlight:text_alpha_color could not find uniform named IViewRotMat in the specified shader program.
[17:25:25] [Render thread/WARN]: Shader moonlight:text_alpha_color could not find sampler named Sampler2 in the specified shader program.
[17:25:25] [Render thread/WARN]: Shader moonlight:text_alpha_color could not find uniform named IViewRotMat in the specified shader program.
[17:25:25] [Render thread/WARN]: Shader moonlight:text_alpha_color could not find sampler named Sampler2 in the specified shader program.
[17:25:25] [Render thread/WARN]: Shader moonlight:text_alpha_color could not find uniform named IViewRotMat in the specified shader program.
[17:25:25] [Render thread/WARN]: Shader moonlight:text_alpha_color could not find sampler named Sampler2 in the specified shader program.
[17:25:25] [Render thread/WARN]: Shader moonlight:text_alpha_color could not find uniform named IViewRotMat in the specified shader program.
[17:25:25] [Render thread/WARN]: Shader moonlight:text_alpha_color could not find sampler named Sampler2 in the specified shader program.
[17:25:25] [Render thread/WARN]: Shader moonlight:text_alpha_color could not find uniform named IViewRotMat in the specified shader program.
[17:25:25] [Render thread/WARN]: Shader moonlight:text_alpha_color could not find sampler named Sampler2 in the specified shader program.
[17:25:25] [Render thread/WARN]: Shader moonlight:text_alpha_color could not find uniform named IViewRotMat in the specified shader program.
[17:25:25] [Render thread/WARN]: Shader moonlight:text_alpha_color could not find sampler named Sampler2 in the specified shader program.
[17:25:25] [Render thread/WARN]: Shader moonlight:text_alpha_color could not find uniform named IViewRotMat in the specified shader program.
[17:25:25] [Render thread/WARN]: Shader moonlight:text_alpha_color could not find sampler named Sampler2 in the specified shader program.
[17:25:25] [Render thread/WARN]: Shader moonlight:text_alpha_color could not find uniform named IViewRotMat in the specified shader program.
[17:25:25] [Render thread/WARN]: Shader moonlight:text_alpha_color could not find sampler named Sampler2 in the specified shader program.
[17:25:25] [Render thread/WARN]: Shader moonlight:text_alpha_color could not find uniform named IViewRotMat in the specified shader program.
[17:25:25] [Render thread/WARN]: Shader moonlight:text_alpha_color could not find sampler named Sampler2 in the specified shader program.
[17:25:25] [Render thread/WARN]: Shader moonlight:text_alpha_color could not find uniform named IViewRotMat in the specified shader program.
[17:25:25] [Render thread/WARN]: Shader rendertype_entity_translucent_emissive could not find sampler named Sampler2 in the specified shader program.
[17:25:25] [Render thread/WARN]: Shader moonlight:text_alpha_color could not find sampler named Sampler2 in the specified shader program.
[17:25:25] [Render thread/WARN]: Shader moonlight:text_alpha_color could not find uniform named IViewRotMat in the specified shader program.
[17:25:25] [Render thread/WARN]: Shader moonlight:text_alpha_color could not find sampler named Sampler2 in the specified shader program.
[17:25:25] [Render thread/WARN]: Shader moonlight:text_alpha_color could not find uniform named IViewRotMat in the specified shader program.
[17:25:25] [Render thread/WARN]: Shader moonlight:text_alpha_color could not find sampler named Sampler2 in the specified shader program.
[17:25:25] [Render thread/WARN]: Shader moonlight:text_alpha_color could not find uniform named IViewRotMat in the specified shader program.
[17:25:25] [Render thread/WARN]: Shader moonlight:text_alpha_color could not find sampler named Sampler2 in the specified shader program.
[17:25:25] [Render thread/WARN]: Shader moonlight:text_alpha_color could not find uniform named IViewRotMat in the specified shader program.
[17:25:25] [Render thread/WARN]: Shader moonlight:text_alpha_color could not find sampler named Sampler2 in the specified shader program.
[17:25:25] [Render thread/WARN]: Shader moonlight:text_alpha_color could not find uniform named IViewRotMat in the specified shader program.
[17:25:25] [Render thread/WARN]: Shader moonlight:text_alpha_color could not find sampler named Sampler2 in the specified shader program.
[17:25:25] [Render thread/WARN]: Shader moonlight:text_alpha_color could not find uniform named IViewRotMat in the specified shader program.
[17:25:25] [Render thread/WARN]: Shader moonlight:text_alpha_color could not find sampler named Sampler2 in the specified shader program.
[17:25:25] [Render thread/WARN]: Shader moonlight:text_alpha_color could not find uniform named IViewRotMat in the specified shader program.
[17:25:25] [Render thread/WARN]: Shader moonlight:text_alpha_color could not find sampler named Sampler2 in the specified shader program.
[17:25:25] [Render thread/WARN]: Shader moonlight:text_alpha_color could not find uniform named IViewRotMat in the specified shader program.
[17:25:25] [Render thread/WARN]: Shader moonlight:text_alpha_color could not find sampler named Sampler2 in the specified shader program.
[17:25:25] [Render thread/WARN]: Shader moonlight:text_alpha_color could not find uniform named IViewRotMat in the specified shader program.
[17:25:25] [Render thread/WARN]: Shader moonlight:text_alpha_color could not find sampler named Sampler2 in the specified shader program.
[17:25:25] [Render thread/WARN]: Shader moonlight:text_alpha_color could not find uniform named IViewRotMat in the specified shader program.
[17:25:25] [Render thread/WARN]: Shader moonlight:text_alpha_color could not find sampler named Sampler2 in the specified shader program.
[17:25:25] [Render thread/WARN]: Shader moonlight:text_alpha_color could not find uniform named IViewRotMat in the specified shader program.
[17:25:25] [Render thread/WARN]: Shader moonlight:text_alpha_color could not find sampler named Sampler2 in the specified shader program.
[17:25:25] [Render thread/WARN]: Shader moonlight:text_alpha_color could not find uniform named IViewRotMat in the specified shader program.
[17:25:25] [Render thread/WARN]: Shader moonlight:text_alpha_color could not find sampler named Sampler2 in the specified shader program.
[17:25:25] [Render thread/WARN]: Shader moonlight:text_alpha_color could not find uniform named IViewRotMat in the specified shader program.
[17:25:25] [Render thread/WARN]: Shader moonlight:text_alpha_color could not find sampler named Sampler2 in the specified shader program.
[17:25:25] [Render thread/WARN]: Shader moonlight:text_alpha_color could not find uniform named IViewRotMat in the specified shader program.
[17:25:25] [Render thread/WARN]: Shader moonlight:text_alpha_color could not find sampler named Sampler2 in the specified shader program.
[17:25:25] [Render thread/WARN]: Shader moonlight:text_alpha_color could not find uniform named IViewRotMat in the specified shader program.
[17:25:25] [Render thread/WARN]: Shader moonlight:text_alpha_color could not find sampler named Sampler2 in the specified shader program.
[17:25:25] [Render thread/WARN]: Shader moonlight:text_alpha_color could not find uniform named IViewRotMat in the specified shader program.
[17:25:25] [Render thread/WARN]: Shader moonlight:text_alpha_color could not find sampler named Sampler2 in the specified shader program.
[17:25:25] [Render thread/WARN]: Shader moonlight:text_alpha_color could not find uniform named IViewRotMat in the specified shader program.
[17:25:25] [Render thread/WARN]: Shader moonlight:text_alpha_color could not find sampler named Sampler2 in the specified shader program.
[17:25:25] [Render thread/WARN]: Shader moonlight:text_alpha_color could not find uniform named IViewRotMat in the specified shader program.
[17:25:25] [Render thread/WARN]: Shader moonlight:text_alpha_color could not find sampler named Sampler2 in the specified shader program.
[17:25:25] [Render thread/WARN]: Shader moonlight:text_alpha_color could not find uniform named IViewRotMat in the specified shader program.
[17:25:25] [Render thread/WARN]: Shader moonlight:text_alpha_color could not find sampler named Sampler2 in the specified shader program.
[17:25:25] [Render thread/WARN]: Shader moonlight:text_alpha_color could not find uniform named IViewRotMat in the specified shader program.
[17:25:25] [Render thread/WARN]: Shader moonlight:text_alpha_color could not find sampler named Sampler2 in the specified shader program.
[17:25:25] [Render thread/WARN]: Shader moonlight:text_alpha_color could not find uniform named IViewRotMat in the specified shader program.
[17:25:25] [Render thread/WARN]: Shader moonlight:text_alpha_color could not find sampler named Sampler2 in the specified shader program.
[17:25:25] [Render thread/WARN]: Shader moonlight:text_alpha_color could not find uniform named IViewRotMat in the specified shader program.
[17:25:25] [Render thread/WARN]: Shader moonlight:text_alpha_color could not find sampler named Sampler2 in the specified shader program.
[17:25:25] [Render thread/WARN]: Shader moonlight:text_alpha_color could not find uniform named IViewRotMat in the specified shader program.
[17:25:25] [Render thread/WARN]: Shader moonlight:text_alpha_color could not find sampler named Sampler2 in the specified shader program.
[17:25:25] [Render thread/WARN]: Shader moonlight:text_alpha_color could not find uniform named IViewRotMat in the specified shader program.
[17:25:25] [Render thread/WARN]: Shader moonlight:text_alpha_color could not find sampler named Sampler2 in the specified shader program.
[17:25:25] [Render thread/WARN]: Shader moonlight:text_alpha_color could not find uniform named IViewRotMat in the specified shader program.
[17:25:25] [Render thread/WARN]: Shader moonlight:text_alpha_color could not find sampler named Sampler2 in the specified shader program.
[17:25:25] [Render thread/WARN]: Shader moonlight:text_alpha_color could not find uniform named IViewRotMat in the specified shader program.
[17:25:25] [Render thread/WARN]: Shader moonlight:text_alpha_color could not find sampler named Sampler2 in the specified shader program.
[17:25:25] [Render thread/WARN]: Shader moonlight:text_alpha_color could not find uniform named IViewRotMat in the specified shader program.
[17:25:25] [Render thread/WARN]: Shader moonlight:text_alpha_color could not find sampler named Sampler2 in the specified shader program.
[17:25:25] [Render thread/WARN]: Shader moonlight:text_alpha_color could not find uniform named IViewRotMat in the specified shader program.
[17:25:25] [Render thread/WARN]: Shader moonlight:text_alpha_color could not find sampler named Sampler2 in the specified shader program.
[17:25:25] [Render thread/WARN]: Shader moonlight:text_alpha_color could not find uniform named IViewRotMat in the specified shader program.
[17:25:25] [Render thread/WARN]: Shader moonlight:text_alpha_color could not find sampler named Sampler2 in the specified shader program.
[17:25:25] [Render thread/WARN]: Shader moonlight:text_alpha_color could not find uniform named IViewRotMat in the specified shader program.
[17:25:25] [Render thread/WARN]: Shader moonlight:text_alpha_color could not find sampler named Sampler2 in the specified shader program.
[17:25:25] [Render thread/WARN]: Shader moonlight:text_alpha_color could not find uniform named IViewRotMat in the specified shader program.
[17:25:25] [Render thread/WARN]: Shader moonlight:text_alpha_color could not find sampler named Sampler2 in the specified shader program.
[17:25:25] [Render thread/WARN]: Shader moonlight:text_alpha_color could not find uniform named IViewRotMat in the specified shader program.
[17:25:25] [Render thread/WARN]: Shader moonlight:text_alpha_color could not find sampler named Sampler2 in the specified shader program.
[17:25:25] [Render thread/WARN]: Shader moonlight:text_alpha_color could not find uniform named IViewRotMat in the specified shader program.
[17:25:25] [Render thread/WARN]: Shader moonlight:text_alpha_color could not find sampler named Sampler2 in the specified shader program.
[17:25:25] [Render thread/WARN]: Shader moonlight:text_alpha_color could not find uniform named IViewRotMat in the specified shader program.
[17:25:25] [Render thread/WARN]: Shader moonlight:text_alpha_color could not find sampler named Sampler2 in the specified shader program.
[17:25:25] [Render thread/WARN]: Shader moonlight:text_alpha_color could not find uniform named IViewRotMat in the specified shader program.
[17:25:25] [Render thread/INFO]: Created: 2048x1024x0 minecraft:textures/atlas/particles.png-atlas
[17:25:25] [Render thread/INFO]: Created: 512x512x0 minecraft:textures/atlas/paintings.png-atlas
[17:25:25] [Render thread/INFO]: Created: 512x512x0 minecraft:textures/atlas/mob_effects.png-atlas
[17:25:25] [Render thread/INFO]: [FANCYMENU] Reloading resources..
[17:25:25] [Render thread/INFO]: [FANCYMENU] Pre-loading resources..
[17:25:25] [Render thread/INFO]: Created: 256x256x0 jei:textures/atlas/gui.png-atlas
[17:25:25] [Render thread/INFO]: Created: 256x256x0 moonlight:textures/atlas/map_markers.png-atlas
[17:25:25] [Render thread/INFO]: Reloading grave model (client)
[17:25:25] [Render thread/INFO]: Grave model and shape reload successful (client)
[17:25:25] [Render thread/INFO]: Loaded 58 train hat configurations.
[17:25:25] [Render thread/INFO]: Loaded 77 shader sources in 20.661 ms
[17:25:25] [Render thread/INFO]: BookContentResourceListenerLoader preloaded 1453 jsons
[17:25:26] [Render thread/INFO]: [Fabric Seasons] Successfully loaded 3 custom grass colors.
[17:25:26] [Render thread/INFO]: [Fabric Seasons] Successfully loaded 3 custom foliage colors.
[17:25:26] [Render thread/INFO]: Successfully reloaded the XaeroLib shaders!
[17:25:26] [Render thread/INFO]: [FANCYMENU] Minecraft resource reload: FINISHED
[17:25:26] [Render thread/INFO]: MC Version: Fabric
[17:25:26] [Render thread/INFO]: Classloader: net.fabricmc.loader.impl.launch.knot.KnotClassLoader@5bcab519
[17:25:26] [Render thread/INFO]: MC Version: Fabric
[17:25:26] [Render thread/INFO]: Classloader: net.fabricmc.loader.impl.launch.knot.KnotClassLoader@5bcab519
[17:25:26] [Render thread/INFO]: MC Version: Fabric
[17:25:26] [Render thread/INFO]: Classloader: net.fabricmc.loader.impl.launch.knot.KnotClassLoader@5bcab519
[17:25:26] [Render thread/INFO]: MC Version: Fabric
[17:25:26] [Render thread/INFO]: Classloader: net.fabricmc.loader.impl.launch.knot.KnotClassLoader@5bcab519
[17:25:26] [Render thread/INFO]: MC Version: Fabric
[17:25:26] [Render thread/INFO]: Classloader: net.fabricmc.loader.impl.launch.knot.KnotClassLoader@5bcab519
[17:25:26] [Render thread/INFO]: MC Version: Fabric
[17:25:26] [Render thread/INFO]: Classloader: net.fabricmc.loader.impl.launch.knot.KnotClassLoader@5bcab519
[17:25:26] [Render thread/INFO]: MC Version: Fabric
[17:25:26] [Render thread/INFO]: Classloader: net.fabricmc.loader.impl.launch.knot.KnotClassLoader@5bcab519
[17:25:26] [Render thread/INFO]: MC Version: Fabric
[17:25:26] [Render thread/INFO]: Classloader: net.fabricmc.loader.impl.launch.knot.KnotClassLoader@5bcab519
[17:25:26] [Render thread/INFO]: MC Version: Fabric
[17:25:26] [Render thread/INFO]: Classloader: net.fabricmc.loader.impl.launch.knot.KnotClassLoader@5bcab519
[17:25:28] [Render thread/WARN]: Game took 103.195 seconds to start
[17:27:52] [ForkJoinPool.commonPool-worker-2/INFO]: MemorySweep: GC executed. Before: 2547MB, After: 2547MB
[17:30:52] [ForkJoinPool.commonPool-worker-4/INFO]: MemorySweep: GC executed. Before: 3026MB, After: 3026MB
[17:33:52] [ForkJoinPool.commonPool-worker-5/INFO]: MemorySweep: GC executed. Before: 2493MB, After: 2493MB
[17:36:52] [ForkJoinPool.commonPool-worker-6/INFO]: MemorySweep: GC executed. Before: 2970MB, After: 2970MB
[17:39:44] [ForkJoinPool.commonPool-worker-7/INFO]: MemorySweep: GC executed. Before: 2350MB, After: 2158MB
[17:39:53] [ForkJoinPool.commonPool-worker-8/INFO]: MemorySweep: GC executed. Before: 2183MB, After: 2183MB
[17:42:53] [ForkJoinPool.commonPool-worker-9/INFO]: MemorySweep: GC executed. Before: 2658MB, After: 2658MB
[17:45:53] [ForkJoinPool.commonPool-worker-10/INFO]: MemorySweep: GC executed. Before: 2157MB, After: 2157MB
[17:48:53] [ForkJoinPool.commonPool-worker-11/INFO]: MemorySweep: GC executed. Before: 2632MB, After: 2632MB
[17:51:53] [ForkJoinPool.commonPool-worker-12/INFO]: MemorySweep: GC executed. Before: 2157MB, After: 2157MB
[17:53:11] [Render thread/INFO]: MC Version: Fabric
[17:53:11] [Render thread/INFO]: Classloader: net.fabricmc.loader.impl.launch.knot.KnotClassLoader@5bcab519
[17:53:11] [Render thread/INFO]: MC Version: Fabric
[17:53:11] [Render thread/INFO]: Classloader: net.fabricmc.loader.impl.launch.knot.KnotClassLoader@5bcab519
[17:53:11] [Render thread/INFO]: MC Version: Fabric
[17:53:11] [Render thread/INFO]: Classloader: net.fabricmc.loader.impl.launch.knot.KnotClassLoader@5bcab519
[17:53:11] [Render thread/INFO]: MC Version: Fabric
[17:53:11] [Render thread/INFO]: Classloader: net.fabricmc.loader.impl.launch.knot.KnotClassLoader@5bcab519
[17:53:11] [Render thread/INFO]: MC Version: Fabric
[17:53:11] [Render thread/INFO]: Classloader: net.fabricmc.loader.impl.launch.knot.KnotClassLoader@5bcab519
[17:53:11] [Render thread/INFO]: MC Version: Fabric
[17:53:11] [Render thread/INFO]: Classloader: net.fabricmc.loader.impl.launch.knot.KnotClassLoader@5bcab519
[17:53:11] [Render thread/INFO]: MC Version: Fabric
[17:53:11] [Render thread/INFO]: Classloader: net.fabricmc.loader.impl.launch.knot.KnotClassLoader@5bcab519
[17:53:11] [Render thread/INFO]: MC Version: Fabric
[17:53:11] [Render thread/INFO]: Classloader: net.fabricmc.loader.impl.launch.knot.KnotClassLoader@5bcab519
[17:53:11] [Render thread/INFO]: MC Version: Fabric
[17:53:11] [Render thread/INFO]: Classloader: net.fabricmc.loader.impl.launch.knot.KnotClassLoader@5bcab519
[17:53:11] [Render thread/INFO]: OpenGL debug message: id=1280, source=API, type=ERROR, severity=HIGH, message='GL_INVALID_ENUM error generated.'
[17:54:53] [ForkJoinPool.commonPool-worker-13/INFO]: MemorySweep: GC executed. Before: 2652MB, After: 2652MB
[17:57:53] [ForkJoinPool.commonPool-worker-14/INFO]: MemorySweep: GC executed. Before: 2157MB, After: 2157MB
[17:58:43] [CullThread/INFO]: [STDOUT]: Shutting down culling task!
[17:58:43] [Render thread/INFO]: Stopping!
[17:58:43] [Render thread/INFO]: [EMI] Disconnecting from server, EMI data cleared
[17:58:43] [Thread-66/INFO]: [EMI] Clearing data
[17:58:43] [Render thread/INFO]: Stopping JEI
[17:58:43] [Render thread/INFO]: Stopping JEI
[17:58:43] [Render thread/INFO]: Sending Runtime Unavailable...
[17:58:43] [Render thread/INFO]: Stopping JEI GUI
[17:58:43] [Render thread/INFO]: Sending Runtime Unavailable took 4.051 ms
[17:58:44] [Render thread/INFO]: [FANCYMENU] ScreenCustomizationLayer registered: progress_screen
[17:58:44] [Render thread/INFO]: [STDOUT]: [InventoryHUD+] TRINKETS DISABLED
